id,timestamp,channel_id,name,group_name,value,unit,quality,source,connected,metadata_json
6553,2026-01-01T00:10:30+00:00,defrost,Degelo,I/O,0.0,bool,VÁLIDA,SIMULADOR,1,"{""controller"": ""VIRTUAL_REFRIGERATION_MACHINE"", ""scenario_id"": ""CEN-ACE657BB"", ""execution_id"": ""EXE-BFCFF6663361"", ""session_id"": ""DIA-9A50C74283C8"", ""seed"": 1, ""machine_state"": ""RECUPERACAO""}"
6554,2026-01-01T00:10:30+00:00,dripping,Gotejamento,I/O,0.0,bool,VÁLIDA,SIMULADOR,1,"{""controller"": ""VIRTUAL_REFRIGERATION_MACHINE"", ""scenario_id"": ""CEN-ACE657BB"", ""execution_id"": ""EXE-BFCFF6663361"", ""session_id"": ""DIA-9A50C74283C8"", ""seed"": 1, ""machine_state"": ""RECUPERACAO""}"
6555,2026-01-01T00:10:30+00:00,communication,Comunicação simulada,COMUNICAÇÃO,1.0,bool,VÁLIDA,SIMULADOR,1,"{""controller"": ""VIRTUAL_REFRIGERATION_MACHINE"", ""scenario_id"": ""CEN-ACE657BB"", ""execution_id"": ""EXE-BFCFF6663361"", ""session_id"": ""DIA-9A50C74283C8"", ""seed"": 1, ""machine_state"": ""RECUPERACAO""}"
6556,2026-01-01T00:10:30+00:00,current_total,Corrente total da máquina,MEDIÇÃO ELÉTRICA,19.007,A,VÁLIDA,SIMULADOR,1,"{""controller"": ""VIRTUAL_REFRIGERATION_MACHINE"", ""scenario_id"": ""CEN-ACE657BB"", ""execution_id"": ""EXE-BFCFF6663361"", ""session_id"": ""DIA-9A50C74283C8"", ""seed"": 1, ""instrument"": ""EM210 #1 - TOTAL""}"
6557,2026-01-01T00:10:30+00:00,current_compressor,Corrente do compressor,MEDIÇÃO ELÉTRICA,12.003,A,VÁLIDA,SIMULADOR,1,"{""controller"": ""VIRTUAL_REFRIGERATION_MACHINE"", ""scenario_id"": ""CEN-ACE657BB"", ""execution_id"": ""EXE-BFCFF6663361"", ""session_id"": ""DIA-9A50C74283C8"", ""seed"": 1, ""instrument"": ""EM210 #2 - COMPRESSOR""}"
6558,2026-01-01T00:10:30+00:00,current_l1,Corrente L1,MEDIÇÃO ELÉTRICA,6.328,A,VÁLIDA,SIMULADOR,1,"{""controller"": ""VIRTUAL_REFRIGERATION_MACHINE"", ""scenario_id"": ""CEN-ACE657BB"", ""execution_id"": ""EXE-BFCFF6663361"", ""session_id"": ""DIA-9A50C74283C8"", ""seed"": 1, ""instrument"": ""EM210 #1 - TOTAL""}"
6559,2026-01-01T00:10:30+00:00,current_l2,Corrente L2,MEDIÇÃO ELÉTRICA,6.332,A,VÁLIDA,SIMULADOR,1,"{""controller"": ""VIRTUAL_REFRIGERATION_MACHINE"", ""scenario_id"": ""CEN-ACE657BB"", ""execution_id"": ""EXE-BFCFF6663361"", ""session_id"": ""DIA-9A50C74283C8"", ""seed"": 1, ""instrument"": ""EM210 #1 - TOTAL""}"
6560,2026-01-01T00:10:30+00:00,current_l3,Corrente L3,MEDIÇÃO ELÉTRICA,6.347,A,VÁLIDA,SIMULADOR,1,"{""controller"": ""VIRTUAL_REFRIGERATION_MACHINE"", ""scenario_id"": ""CEN-ACE657BB"", ""execution_id"": ""EXE-BFCFF6663361"", ""session_id"": ""DIA-9A50C74283C8"", ""seed"": 1, ""instrument"": ""EM210 #1 - TOTAL""}"
6561,2026-01-01T00:10:35+00:00,temperature_chamber,Temperatura da câmara,SENSORES,3.8692376221494524,°C,VÁLIDA,SIMULADOR,1,"{""controller"": ""VIRTUAL_REFRIGERATION_MACHINE"", ""scenario_id"": ""CEN-ACE657BB"", ""execution_id"": ""EXE-BFCFF6663361"", ""session_id"": ""DIA-9A50C74283C8"", ""seed"": 1, ""machine_state"": ""RECUPERACAO""}"
6562,2026-01-01T00:10:35+00:00,temperature_evaporator,Temperatura do evaporador,SENSORES,-0.7238283001593546,°C,VÁLIDA,SIMULADOR,1,"{""controller"": ""VIRTUAL_REFRIGERATION_MACHINE"", ""scenario_id"": ""CEN-ACE657BB"", ""execution_id"": ""EXE-BFCFF6663361"", ""session_id"": ""DIA-9A50C74283C8"", ""seed"": 1, ""machine_state"": ""RECUPERACAO""}"
6563,2026-01-01T00:10:35+00:00,pressure_suction,Pressão de sucção,SENSORES,20.000984858827973,psi,VÁLIDA,SIMULADOR,1,"{""controller"": ""VIRTUAL_REFRIGERATION_MACHINE"", ""scenario_id"": ""CEN-ACE657BB"", ""execution_id"": ""EXE-BFCFF6663361"", ""session_id"": ""DIA-9A50C74283C8"", ""seed"": 1, ""machine_state"": ""RECUPERACAO""}"
6564,2026-01-01T00:10:35+00:00,pressure_discharge,Pressão de descarga,SENSORES,244.99779895264325,psi,VÁLIDA,SIMULADOR,1,"{""controller"": ""VIRTUAL_REFRIGERATION_MACHINE"", ""scenario_id"": ""CEN-ACE657BB"", ""execution_id"": ""EXE-BFCFF6663361"", ""session_id"": ""DIA-9A50C74283C8"", ""seed"": 1, ""machine_state"": ""RECUPERACAO""}"
6565,2026-01-01T00:10:35+00:00,compressor_command,Comando do compressor,I/O,1.0,bool,VÁLIDA,SIMULADOR,1,"{""controller"": ""VIRTUAL_REFRIGERATION_MACHINE"", ""scenario_id"": ""CEN-ACE657BB"", ""execution_id"": ""EXE-BFCFF6663361"", ""session_id"": ""DIA-9A50C74283C8"", ""seed"": 1, ""machine_state"": ""RECUPERACAO""}"
6566,2026-01-01T00:10:35+00:00,compressor,Estado do compressor,I/O,1.0,bool,VÁLIDA,SIMULADOR,1,"{""controller"": ""VIRTUAL_REFRIGERATION_MACHINE"", ""scenario_id"": ""CEN-ACE657BB"", ""execution_id"": ""EXE-BFCFF6663361"", ""session_id"": ""DIA-9A50C74283C8"", ""seed"": 1, ""machine_state"": ""RECUPERACAO""}"
6567,2026-01-01T00:10:35+00:00,evaporator_fan,Ventilador evaporador,I/O,1.0,bool,VÁLIDA,SIMULADOR,1,"{""controller"": ""VIRTUAL_REFRIGERATION_MACHINE"", ""scenario_id"": ""CEN-ACE657BB"", ""execution_id"": ""EXE-BFCFF6663361"", ""session_id"": ""DIA-9A50C74283C8"", ""seed"": 1, ""machine_state"": ""RECUPERACAO""}"
6568,2026-01-01T00:10:35+00:00,condenser_fan,Ventilador condensador,I/O,1.0,bool,VÁLIDA,SIMULADOR,1,"{""controller"": ""VIRTUAL_REFRIGERATION_MACHINE"", ""scenario_id"": ""CEN-ACE657BB"", ""execution_id"": ""EXE-BFCFF6663361"", ""session_id"": ""DIA-9A50C74283C8"", ""seed"": 1, ""machine_state"": ""RECUPERACAO""}"
6569,2026-01-01T00:10:35+00:00,defrost,Degelo,I/O,0.0,bool,VÁLIDA,SIMULADOR,1,"{""controller"": ""VIRTUAL_REFRIGERATION_MACHINE"", ""scenario_id"": ""CEN-ACE657BB"", ""execution_id"": ""EXE-BFCFF6663361"", ""session_id"": ""DIA-9A50C74283C8"", ""seed"": 1, ""machine_state"": ""RECUPERACAO""}"
6570,2026-01-01T00:10:35+00:00,dripping,Gotejamento,I/O,0.0,bool,VÁLIDA,SIMULADOR,1,"{""controller"": ""VIRTUAL_REFRIGERATION_MACHINE"", ""scenario_id"": ""CEN-ACE657BB"", ""execution_id"": ""EXE-BFCFF6663361"", ""session_id"": ""DIA-9A50C74283C8"", ""seed"": 1, ""machine_state"": ""RECUPERACAO""}"
6571,2026-01-01T00:10:35+00:00,communication,Comunicação simulada,COMUNICAÇÃO,1.0,bool,VÁLIDA,SIMULADOR,1,"{""controller"": ""VIRTUAL_REFRIGERATION_MACHINE"", ""scenario_id"": ""CEN-ACE657BB"", ""execution_id"": ""EXE-BFCFF6663361"", ""session_id"": ""DIA-9A50C74283C8"", ""seed"": 1, ""machine_state"": ""RECUPERACAO""}"
6572,2026-01-01T00:10:35+00:00,current_total,Corrente total da máquina,MEDIÇÃO ELÉTRICA,19.016,A,VÁLIDA,SIMULADOR,1,"{""controller"": ""VIRTUAL_REFRIGERATION_MACHINE"", ""scenario_id"": ""CEN-ACE657BB"", ""execution_id"": ""EXE-BFCFF6663361"", ""session_id"": ""DIA-9A50C74283C8"", ""seed"": 1, ""instrument"": ""EM210 #1 - TOTAL""}"
6573,2026-01-01T00:10:35+00:00,current_compressor,Corrente do compressor,MEDIÇÃO ELÉTRICA,11.995,A,VÁLIDA,SIMULADOR,1,"{""controller"": ""VIRTUAL_REFRIGERATION_MACHINE"", ""scenario_id"": ""CEN-ACE657BB"", ""execution_id"": ""EXE-BFCFF6663361"", ""session_id"": ""DIA-9A50C74283C8"", ""seed"": 1, ""instrument"": ""EM210 #2 - COMPRESSOR""}"
6574,2026-01-01T00:10:35+00:00,current_l1,Corrente L1,MEDIÇÃO ELÉTRICA,6.335,A,VÁLIDA,SIMULADOR,1,"{""controller"": ""VIRTUAL_REFRIGERATION_MACHINE"", ""scenario_id"": ""CEN-ACE657BB"", ""execution_id"": ""EXE-BFCFF6663361"", ""session_id"": ""DIA-9A50C74283C8"", ""seed"": 1, ""instrument"": ""EM210 #1 - TOTAL""}"
6575,2026-01-01T00:10:35+00:00,current_l2,Corrente L2,MEDIÇÃO ELÉTRICA,6.332,A,VÁLIDA,SIMULADOR,1,"{""controller"": ""VIRTUAL_REFRIGERATION_MACHINE"", ""scenario_id"": ""CEN-ACE657BB"", ""execution_id"": ""EXE-BFCFF6663361"", ""session_id"": ""DIA-9A50C74283C8"", ""seed"": 1, ""instrument"": ""EM210 #1 - TOTAL""}"
6576,2026-01-01T00:10:35+00:00,current_l3,Corrente L3,MEDIÇÃO ELÉTRICA,6.315,A,VÁLIDA,SIMULADOR,1,"{""controller"": ""VIRTUAL_REFRIGERATION_MACHINE"", ""scenario_id"": ""CEN-ACE657BB"", ""execution_id"": ""EXE-BFCFF6663361"", ""session_id"": ""DIA-9A50C74283C8"", ""seed"": 1, ""instrument"": ""EM210 #1 - TOTAL""}"
6577,2026-01-01T00:10:40+00:00,temperature_chamber,Temperatura da câmara,SENSORES,3.815891065585722,°C,VÁLIDA,SIMULADOR,1,"{""controller"": ""VIRTUAL_REFRIGERATION_MACHINE"", ""scenario_id"": ""CEN-ACE657BB"", ""execution_id"": ""EXE-BFCFF6663361"", ""session_id"": ""DIA-9A50C74283C8"", ""seed"": 1, ""machine_state"": ""RECUPERACAO""}"
6578,2026-01-01T00:10:40+00:00,temperature_evaporator,Temperatura do evaporador,SENSORES,-0.8480081900564186,°C,VÁLIDA,SIMULADOR,1,"{""controller"": ""VIRTUAL_REFRIGERATION_MACHINE"", ""scenario_id"": ""CEN-ACE657BB"", ""execution_id"": ""EXE-BFCFF6663361"", ""session_id"": ""DIA-9A50C74283C8"", ""seed"": 1, ""machine_state"": ""RECUPERACAO""}"
6579,2026-01-01T00:10:40+00:00,pressure_suction,Pressão de sucção,SENSORES,20.00078788706238,psi,VÁLIDA,SIMULADOR,1,"{""controller"": ""VIRTUAL_REFRIGERATION_MACHINE"", ""scenario_id"": ""CEN-ACE657BB"", ""execution_id"": ""EXE-BFCFF6663361"", ""session_id"": ""DIA-9A50C74283C8"", ""seed"": 1, ""machine_state"": ""RECUPERACAO""}"
6580,2026-01-01T00:10:40+00:00,pressure_discharge,Pressão de descarga,SENSORES,244.9982391621146,psi,VÁLIDA,SIMULADOR,1,"{""controller"": ""VIRTUAL_REFRIGERATION_MACHINE"", ""scenario_id"": ""CEN-ACE657BB"", ""execution_id"": ""EXE-BFCFF6663361"", ""session_id"": ""DIA-9A50C74283C8"", ""seed"": 1, ""machine_state"": ""RECUPERACAO""}"
6581,2026-01-01T00:10:40+00:00,compressor_command,Comando do compressor,I/O,1.0,bool,VÁLIDA,SIMULADOR,1,"{""controller"": ""VIRTUAL_REFRIGERATION_MACHINE"", ""scenario_id"": ""CEN-ACE657BB"", ""execution_id"": ""EXE-BFCFF6663361"", ""session_id"": ""DIA-9A50C74283C8"", ""seed"": 1, ""machine_state"": ""RECUPERACAO""}"
6582,2026-01-01T00:10:40+00:00,compressor,Estado do compressor,I/O,1.0,bool,VÁLIDA,SIMULADOR,1,"{""controller"": ""VIRTUAL_REFRIGERATION_MACHINE"", ""scenario_id"": ""CEN-ACE657BB"", ""execution_id"": ""EXE-BFCFF6663361"", ""session_id"": ""DIA-9A50C74283C8"", ""seed"": 1, ""machine_state"": ""RECUPERACAO""}"
6583,2026-01-01T00:10:40+00:00,evaporator_fan,Ventilador evaporador,I/O,1.0,bool,VÁLIDA,SIMULADOR,1,"{""controller"": ""VIRTUAL_REFRIGERATION_MACHINE"", ""scenario_id"": ""CEN-ACE657BB"", ""execution_id"": ""EXE-BFCFF6663361"", ""session_id"": ""DIA-9A50C74283C8"", ""seed"": 1, ""machine_state"": ""RECUPERACAO""}"
6584,2026-01-01T00:10:40+00:00,condenser_fan,Ventilador condensador,I/O,1.0,bool,VÁLIDA,SIMULADOR,1,"{""controller"": ""VIRTUAL_REFRIGERATION_MACHINE"", ""scenario_id"": ""CEN-ACE657BB"", ""execution_id"": ""EXE-BFCFF6663361"", ""session_id"": ""DIA-9A50C74283C8"", ""seed"": 1, ""machine_state"": ""RECUPERACAO""}"
6585,2026-01-01T00:10:40+00:00,defrost,Degelo,I/O,0.0,bool,VÁLIDA,SIMULADOR,1,"{""controller"": ""VIRTUAL_REFRIGERATION_MACHINE"", ""scenario_id"": ""CEN-ACE657BB"", ""execution_id"": ""EXE-BFCFF6663361"", ""session_id"": ""DIA-9A50C74283C8"", ""seed"": 1, ""machine_state"": ""RECUPERACAO""}"
6586,2026-01-01T00:10:40+00:00,dripping,Gotejamento,I/O,0.0,bool,VÁLIDA,SIMULADOR,1,"{""controller"": ""VIRTUAL_REFRIGERATION_MACHINE"", ""scenario_id"": ""CEN-ACE657BB"", ""execution_id"": ""EXE-BFCFF6663361"", ""session_id"": ""DIA-9A50C74283C8"", ""seed"": 1, ""machine_state"": ""RECUPERACAO""}"
6587,2026-01-01T00:10:40+00:00,communication,Comunicação simulada,COMUNICAÇÃO,1.0,bool,VÁLIDA,SIMULADOR,1,"{""controller"": ""VIRTUAL_REFRIGERATION_MACHINE"", ""scenario_id"": ""CEN-ACE657BB"", ""execution_id"": ""EXE-BFCFF6663361"", ""session_id"": ""DIA-9A50C74283C8"", ""seed"": 1, ""machine_state"": ""RECUPERACAO""}"
6588,2026-01-01T00:10:40+00:00,current_total,Corrente total da máquina,MEDIÇÃO ELÉTRICA,19.014,A,VÁLIDA,SIMULADOR,1,"{""controller"": ""VIRTUAL_REFRIGERATION_MACHINE"", ""scenario_id"": ""CEN-ACE657BB"", ""execution_id"": ""EXE-BFCFF6663361"", ""session_id"": ""DIA-9A50C74283C8"", ""seed"": 1, ""instrument"": ""EM210 #1 - TOTAL""}"
6589,2026-01-01T00:10:40+00:00,current_compressor,Corrente do compressor,MEDIÇÃO ELÉTRICA,11.991,A,VÁLIDA,SIMULADOR,1,"{""controller"": ""VIRTUAL_REFRIGERATION_MACHINE"", ""scenario_id"": ""CEN-ACE657BB"", ""execution_id"": ""EXE-BFCFF6663361"", ""session_id"": ""DIA-9A50C74283C8"", ""seed"": 1, ""instrument"": ""EM210 #2 - COMPRESSOR""}"
6590,2026-01-01T00:10:40+00:00,current_l1,Corrente L1,MEDIÇÃO ELÉTRICA,6.35,A,VÁLIDA,SIMULADOR,1,"{""controller"": ""VIRTUAL_REFRIGERATION_MACHINE"", ""scenario_id"": ""CEN-ACE657BB"", ""execution_id"": ""EXE-BFCFF6663361"", ""session_id"": ""DIA-9A50C74283C8"", ""seed"": 1, ""instrument"": ""EM210 #1 - TOTAL""}"
6591,2026-01-01T00:10:40+00:00,current_l2,Corrente L2,MEDIÇÃO ELÉTRICA,6.352,A,VÁLIDA,SIMULADOR,1,"{""controller"": ""VIRTUAL_REFRIGERATION_MACHINE"", ""scenario_id"": ""CEN-ACE657BB"", ""execution_id"": ""EXE-BFCFF6663361"", ""session_id"": ""DIA-9A50C74283C8"", ""seed"": 1, ""instrument"": ""EM210 #1 - TOTAL""}"
6592,2026-01-01T00:10:40+00:00,current_l3,Corrente L3,MEDIÇÃO ELÉTRICA,6.337,A,VÁLIDA,SIMULADOR,1,"{""controller"": ""VIRTUAL_REFRIGERATION_MACHINE"", ""scenario_id"": ""CEN-ACE657BB"", ""execution_id"": ""EXE-BFCFF6663361"", ""session_id"": ""DIA-9A50C74283C8"", ""seed"": 1, ""instrument"": ""EM210 #1 - TOTAL""}"
6593,2026-01-01T00:10:45+00:00,temperature_chamber,Temperatura da câmara,SENSORES,3.7583423910712193,°C,VÁLIDA,SIMULADOR,1,"{""controller"": ""VIRTUAL_REFRIGERATION_MACHINE"", ""scenario_id"": ""CEN-ACE657BB"", ""execution_id"": ""EXE-BFCFF6663361"", ""session_id"": ""DIA-9A50C74283C8"", ""seed"": 1, ""machine_state"": ""RECUPERACAO""}"
6594,2026-01-01T00:10:45+00:00,temperature_evaporator,Temperatura do evaporador,SENSORES,-0.9763901979042544,°C,VÁLIDA,SIMULADOR,1,"{""controller"": ""VIRTUAL_REFRIGERATION_MACHINE"", ""scenario_id"": ""CEN-ACE657BB"", ""execution_id"": ""EXE-BFCFF6663361"", ""session_id"": ""DIA-9A50C74283C8"", ""seed"": 1, ""machine_state"": ""RECUPERACAO""}"
6595,2026-01-01T00:10:45+00:00,pressure_suction,Pressão de sucção,SENSORES,20.000630309649903,psi,VÁLIDA,SIMULADOR,1,"{""controller"": ""VIRTUAL_REFRIGERATION_MACHINE"", ""scenario_id"": ""CEN-ACE657BB"", ""execution_id"": ""EXE-BFCFF6663361"", ""session_id"": ""DIA-9A50C74283C8"", ""seed"": 1, ""machine_state"": ""RECUPERACAO""}"
6596,2026-01-01T00:10:45+00:00,pressure_discharge,Pressão de descarga,SENSORES,244.9985913296917,psi,VÁLIDA,SIMULADOR,1,"{""controller"": ""VIRTUAL_REFRIGERATION_MACHINE"", ""scenario_id"": ""CEN-ACE657BB"", ""execution_id"": ""EXE-BFCFF6663361"", ""session_id"": ""DIA-9A50C74283C8"", ""seed"": 1, ""machine_state"": ""RECUPERACAO""}"
6597,2026-01-01T00:10:45+00:00,compressor_command,Comando do compressor,I/O,1.0,bool,VÁLIDA,SIMULADOR,1,"{""controller"": ""VIRTUAL_REFRIGERATION_MACHINE"", ""scenario_id"": ""CEN-ACE657BB"", ""execution_id"": ""EXE-BFCFF6663361"", ""session_id"": ""DIA-9A50C74283C8"", ""seed"": 1, ""machine_state"": ""RECUPERACAO""}"
6598,2026-01-01T00:10:45+00:00,compressor,Estado do compressor,I/O,1.0,bool,VÁLIDA,SIMULADOR,1,"{""controller"": ""VIRTUAL_REFRIGERATION_MACHINE"", ""scenario_id"": ""CEN-ACE657BB"", ""execution_id"": ""EXE-BFCFF6663361"", ""session_id"": ""DIA-9A50C74283C8"", ""seed"": 1, ""machine_state"": ""RECUPERACAO""}"
6599,2026-01-01T00:10:45+00:00,evaporator_fan,Ventilador evaporador,I/O,1.0,bool,VÁLIDA,SIMULADOR,1,"{""controller"": ""VIRTUAL_REFRIGERATION_MACHINE"", ""scenario_id"": ""CEN-ACE657BB"", ""execution_id"": ""EXE-BFCFF6663361"", ""session_id"": ""DIA-9A50C74283C8"", ""seed"": 1, ""machine_state"": ""RECUPERACAO""}"
6600,2026-01-01T00:10:45+00:00,condenser_fan,Ventilador condensador,I/O,1.0,bool,VÁLIDA,SIMULADOR,1,"{""controller"": ""VIRTUAL_REFRIGERATION_MACHINE"", ""scenario_id"": ""CEN-ACE657BB"", ""execution_id"": ""EXE-BFCFF6663361"", ""session_id"": ""DIA-9A50C74283C8"", ""seed"": 1, ""machine_state"": ""RECUPERACAO""}"
6601,2026-01-01T00:10:45+00:00,defrost,Degelo,I/O,0.0,bool,VÁLIDA,SIMULADOR,1,"{""controller"": ""VIRTUAL_REFRIGERATION_MACHINE"", ""scenario_id"": ""CEN-ACE657BB"", ""execution_id"": ""EXE-BFCFF6663361"", ""session_id"": ""DIA-9A50C74283C8"", ""seed"": 1, ""machine_state"": ""RECUPERACAO""}"
6602,2026-01-01T00:10:45+00:00,dripping,Gotejamento,I/O,0.0,bool,VÁLIDA,SIMULADOR,1,"{""controller"": ""VIRTUAL_REFRIGERATION_MACHINE"", ""scenario_id"": ""CEN-ACE657BB"", ""execution_id"": ""EXE-BFCFF6663361"", ""session_id"": ""DIA-9A50C74283C8"", ""seed"": 1, ""machine_state"": ""RECUPERACAO""}"
6603,2026-01-01T00:10:45+00:00,communication,Comunicação simulada,COMUNICAÇÃO,1.0,bool,VÁLIDA,SIMULADOR,1,"{""controller"": ""VIRTUAL_REFRIGERATION_MACHINE"", ""scenario_id"": ""CEN-ACE657BB"", ""execution_id"": ""EXE-BFCFF6663361"", ""session_id"": ""DIA-9A50C74283C8"", ""seed"": 1, ""machine_state"": ""RECUPERACAO""}"
6604,2026-01-01T00:10:45+00:00,current_total,Corrente total da máquina,MEDIÇÃO ELÉTRICA,19.01,A,VÁLIDA,SIMULADOR,1,"{""controller"": ""VIRTUAL_REFRIGERATION_MACHINE"", ""scenario_id"": ""CEN-ACE657BB"", ""execution_id"": ""EXE-BFCFF6663361"", ""session_id"": ""DIA-9A50C74283C8"", ""seed"": 1, ""instrument"": ""EM210 #1 - TOTAL""}"
6605,2026-01-01T00:10:45+00:00,current_compressor,Corrente do compressor,MEDIÇÃO ELÉTRICA,12.019,A,VÁLIDA,SIMULADOR,1,"{""controller"": ""VIRTUAL_REFRIGERATION_MACHINE"", ""scenario_id"": ""CEN-ACE657BB"", ""execution_id"": ""EXE-BFCFF6663361"", ""session_id"": ""DIA-9A50C74283C8"", ""seed"": 1, ""instrument"": ""EM210 #2 - COMPRESSOR""}"
6606,2026-01-01T00:10:45+00:00,current_l1,Corrente L1,MEDIÇÃO ELÉTRICA,6.322,A,VÁLIDA,SIMULADOR,1,"{""controller"": ""VIRTUAL_REFRIGERATION_MACHINE"", ""scenario_id"": ""CEN-ACE657BB"", ""execution_id"": ""EXE-BFCFF6663361"", ""session_id"": ""DIA-9A50C74283C8"", ""seed"": 1, ""instrument"": ""EM210 #1 - TOTAL""}"
6607,2026-01-01T00:10:45+00:00,current_l2,Corrente L2,MEDIÇÃO ELÉTRICA,6.325,A,VÁLIDA,SIMULADOR,1,"{""controller"": ""VIRTUAL_REFRIGERATION_MACHINE"", ""scenario_id"": ""CEN-ACE657BB"", ""execution_id"": ""EXE-BFCFF6663361"", ""session_id"": ""DIA-9A50C74283C8"", ""seed"": 1, ""instrument"": ""EM210 #1 - TOTAL""}"
6608,2026-01-01T00:10:45+00:00,current_l3,Corrente L3,MEDIÇÃO ELÉTRICA,6.334,A,VÁLIDA,SIMULADOR,1,"{""controller"": ""VIRTUAL_REFRIGERATION_MACHINE"", ""scenario_id"": ""CEN-ACE657BB"", ""execution_id"": ""EXE-BFCFF6663361"", ""session_id"": ""DIA-9A50C74283C8"", ""seed"": 1, ""instrument"": ""EM210 #1 - TOTAL""}"
6609,2026-01-01T00:10:50+00:00,temperature_chamber,Temperatura da câmara,SENSORES,3.71625312026246,°C,VÁLIDA,SIMULADOR,1,"{""controller"": ""VIRTUAL_REFRIGERATION_MACHINE"", ""scenario_id"": ""CEN-ACE657BB"", ""execution_id"": ""EXE-BFCFF6663361"", ""session_id"": ""DIA-9A50C74283C8"", ""seed"": 1, ""machine_state"": ""RECUPERACAO""}"
6610,2026-01-01T00:10:50+00:00,temperature_evaporator,Temperatura do evaporador,SENSORES,-1.0893128020463467,°C,VÁLIDA,SIMULADOR,1,"{""controller"": ""VIRTUAL_REFRIGERATION_MACHINE"", ""scenario_id"": ""CEN-ACE657BB"", ""execution_id"": ""EXE-BFCFF6663361"", ""session_id"": ""DIA-9A50C74283C8"", ""seed"": 1, ""machine_state"": ""RECUPERACAO""}"
6611,2026-01-01T00:10:50+00:00,pressure_suction,Pressão de sucção,SENSORES,20.000504247719924,psi,VÁLIDA,SIMULADOR,1,"{""controller"": ""VIRTUAL_REFRIGERATION_MACHINE"", ""scenario_id"": ""CEN-ACE657BB"", ""execution_id"": ""EXE-BFCFF6663361"", ""session_id"": ""DIA-9A50C74283C8"", ""seed"": 1, ""machine_state"": ""RECUPERACAO""}"
6612,2026-01-01T00:10:50+00:00,pressure_discharge,Pressão de descarga,SENSORES,244.99887306375336,psi,VÁLIDA,SIMULADOR,1,"{""controller"": ""VIRTUAL_REFRIGERATION_MACHINE"", ""scenario_id"": ""CEN-ACE657BB"", ""execution_id"": ""EXE-BFCFF6663361"", ""session_id"": ""DIA-9A50C74283C8"", ""seed"": 1, ""machine_state"": ""RECUPERACAO""}"
6613,2026-01-01T00:10:50+00:00,compressor_command,Comando do compressor,I/O,1.0,bool,VÁLIDA,SIMULADOR,1,"{""controller"": ""VIRTUAL_REFRIGERATION_MACHINE"", ""scenario_id"": ""CEN-ACE657BB"", ""execution_id"": ""EXE-BFCFF6663361"", ""session_id"": ""DIA-9A50C74283C8"", ""seed"": 1, ""machine_state"": ""RECUPERACAO""}"
6614,2026-01-01T00:10:50+00:00,compressor,Estado do compressor,I/O,1.0,bool,VÁLIDA,SIMULADOR,1,"{""controller"": ""VIRTUAL_REFRIGERATION_MACHINE"", ""scenario_id"": ""CEN-ACE657BB"", ""execution_id"": ""EXE-BFCFF6663361"", ""session_id"": ""DIA-9A50C74283C8"", ""seed"": 1, ""machine_state"": ""RECUPERACAO""}"
6615,2026-01-01T00:10:50+00:00,evaporator_fan,Ventilador evaporador,I/O,1.0,bool,VÁLIDA,SIMULADOR,1,"{""controller"": ""VIRTUAL_REFRIGERATION_MACHINE"", ""scenario_id"": ""CEN-ACE657BB"", ""execution_id"": ""EXE-BFCFF6663361"", ""session_id"": ""DIA-9A50C74283C8"", ""seed"": 1, ""machine_state"": ""RECUPERACAO""}"
6616,2026-01-01T00:10:50+00:00,condenser_fan,Ventilador condensador,I/O,1.0,bool,VÁLIDA,SIMULADOR,1,"{""controller"": ""VIRTUAL_REFRIGERATION_MACHINE"", ""scenario_id"": ""CEN-ACE657BB"", ""execution_id"": ""EXE-BFCFF6663361"", ""session_id"": ""DIA-9A50C74283C8"", ""seed"": 1, ""machine_state"": ""RECUPERACAO""}"
6617,2026-01-01T00:10:50+00:00,defrost,Degelo,I/O,0.0,bool,VÁLIDA,SIMULADOR,1,"{""controller"": ""VIRTUAL_REFRIGERATION_MACHINE"", ""scenario_id"": ""CEN-ACE657BB"", ""execution_id"": ""EXE-BFCFF6663361"", ""session_id"": ""DIA-9A50C74283C8"", ""seed"": 1, ""machine_state"": ""RECUPERACAO""}"
6618,2026-01-01T00:10:50+00:00,dripping,Gotejamento,I/O,0.0,bool,VÁLIDA,SIMULADOR,1,"{""controller"": ""VIRTUAL_REFRIGERATION_MACHINE"", ""scenario_id"": ""CEN-ACE657BB"", ""execution_id"": ""EXE-BFCFF6663361"", ""session_id"": ""DIA-9A50C74283C8"", ""seed"": 1, ""machine_state"": ""RECUPERACAO""}"
6619,2026-01-01T00:10:50+00:00,communication,Comunicação simulada,COMUNICAÇÃO,1.0,bool,VÁLIDA,SIMULADOR,1,"{""controller"": ""VIRTUAL_REFRIGERATION_MACHINE"", ""scenario_id"": ""CEN-ACE657BB"", ""execution_id"": ""EXE-BFCFF6663361"", ""session_id"": ""DIA-9A50C74283C8"", ""seed"": 1, ""machine_state"": ""RECUPERACAO""}"
6620,2026-01-01T00:10:50+00:00,current_total,Corrente total da máquina,MEDIÇÃO ELÉTRICA,18.986,A,VÁLIDA,SIMULADOR,1,"{""controller"": ""VIRTUAL_REFRIGERATION_MACHINE"", ""scenario_id"": ""CEN-ACE657BB"", ""execution_id"": ""EXE-BFCFF6663361"", ""session_id"": ""DIA-9A50C74283C8"", ""seed"": 1, ""instrument"": ""EM210 #1 - TOTAL""}"
6621,2026-01-01T00:10:50+00:00,current_compressor,Corrente do compressor,MEDIÇÃO ELÉTRICA,12.001,A,VÁLIDA,SIMULADOR,1,"{""controller"": ""VIRTUAL_REFRIGERATION_MACHINE"", ""scenario_id"": ""CEN-ACE657BB"", ""execution_id"": ""EXE-BFCFF6663361"", ""session_id"": ""DIA-9A50C74283C8"", ""seed"": 1, ""instrument"": ""EM210 #2 - COMPRESSOR""}"
6622,2026-01-01T00:10:50+00:00,current_l1,Corrente L1,MEDIÇÃO ELÉTRICA,6.33,A,VÁLIDA,SIMULADOR,1,"{""controller"": ""VIRTUAL_REFRIGERATION_MACHINE"", ""scenario_id"": ""CEN-ACE657BB"", ""execution_id"": ""EXE-BFCFF6663361"", ""session_id"": ""DIA-9A50C74283C8"", ""seed"": 1, ""instrument"": ""EM210 #1 - TOTAL""}"
6623,2026-01-01T00:10:50+00:00,current_l2,Corrente L2,MEDIÇÃO ELÉTRICA,6.351,A,VÁLIDA,SIMULADOR,1,"{""controller"": ""VIRTUAL_REFRIGERATION_MACHINE"", ""scenario_id"": ""CEN-ACE657BB"", ""execution_id"": ""EXE-BFCFF6663361"", ""session_id"": ""DIA-9A50C74283C8"", ""seed"": 1, ""instrument"": ""EM210 #1 - TOTAL""}"
6624,2026-01-01T00:10:50+00:00,current_l3,Corrente L3,MEDIÇÃO ELÉTRICA,6.32,A,VÁLIDA,SIMULADOR,1,"{""controller"": ""VIRTUAL_REFRIGERATION_MACHINE"", ""scenario_id"": ""CEN-ACE657BB"", ""execution_id"": ""EXE-BFCFF6663361"", ""session_id"": ""DIA-9A50C74283C8"", ""seed"": 1, ""instrument"": ""EM210 #1 - TOTAL""}"
6625,2026-01-01T00:10:55+00:00,temperature_chamber,Temperatura da câmara,SENSORES,3.6657524728520214,°C,VÁLIDA,SIMULADOR,1,"{""controller"": ""VIRTUAL_REFRIGERATION_MACHINE"", ""scenario_id"": ""CEN-ACE657BB"", ""execution_id"": ""EXE-BFCFF6663361"", ""session_id"": ""DIA-9A50C74283C8"", ""seed"": 1, ""machine_state"": ""RECUPERACAO""}"
6626,2026-01-01T00:10:55+00:00,temperature_evaporator,Temperatura do evaporador,SENSORES,-1.2106467827901186,°C,VÁLIDA,SIMULADOR,1,"{""controller"": ""VIRTUAL_REFRIGERATION_MACHINE"", ""scenario_id"": ""CEN-ACE657BB"", ""execution_id"": ""EXE-BFCFF6663361"", ""session_id"": ""DIA-9A50C74283C8"", ""seed"": 1, ""machine_state"": ""RECUPERACAO""}"
6627,2026-01-01T00:10:55+00:00,pressure_suction,Pressão de sucção,SENSORES,20.00040339817594,psi,VÁLIDA,SIMULADOR,1,"{""controller"": ""VIRTUAL_REFRIGERATION_MACHINE"", ""scenario_id"": ""CEN-ACE657BB"", ""execution_id"": ""EXE-BFCFF6663361"", ""session_id"": ""DIA-9A50C74283C8"", ""seed"": 1, ""machine_state"": ""RECUPERACAO""}"
6628,2026-01-01T00:10:55+00:00,pressure_discharge,Pressão de descarga,SENSORES,244.99909845100268,psi,VÁLIDA,SIMULADOR,1,"{""controller"": ""VIRTUAL_REFRIGERATION_MACHINE"", ""scenario_id"": ""CEN-ACE657BB"", ""execution_id"": ""EXE-BFCFF6663361"", ""session_id"": ""DIA-9A50C74283C8"", ""seed"": 1, ""machine_state"": ""RECUPERACAO""}"
6629,2026-01-01T00:10:55+00:00,compressor_command,Comando do compressor,I/O,1.0,bool,VÁLIDA,SIMULADOR,1,"{""controller"": ""VIRTUAL_REFRIGERATION_MACHINE"", ""scenario_id"": ""CEN-ACE657BB"", ""execution_id"": ""EXE-BFCFF6663361"", ""session_id"": ""DIA-9A50C74283C8"", ""seed"": 1, ""machine_state"": ""RECUPERACAO""}"
6630,2026-01-01T00:10:55+00:00,compressor,Estado do compressor,I/O,1.0,bool,VÁLIDA,SIMULADOR,1,"{""controller"": ""VIRTUAL_REFRIGERATION_MACHINE"", ""scenario_id"": ""CEN-ACE657BB"", ""execution_id"": ""EXE-BFCFF6663361"", ""session_id"": ""DIA-9A50C74283C8"", ""seed"": 1, ""machine_state"": ""RECUPERACAO""}"
6631,2026-01-01T00:10:55+00:00,evaporator_fan,Ventilador evaporador,I/O,1.0,bool,VÁLIDA,SIMULADOR,1,"{""controller"": ""VIRTUAL_REFRIGERATION_MACHINE"", ""scenario_id"": ""CEN-ACE657BB"", ""execution_id"": ""EXE-BFCFF6663361"", ""session_id"": ""DIA-9A50C74283C8"", ""seed"": 1, ""machine_state"": ""RECUPERACAO""}"
6632,2026-01-01T00:10:55+00:00,condenser_fan,Ventilador condensador,I/O,1.0,bool,VÁLIDA,SIMULADOR,1,"{""controller"": ""VIRTUAL_REFRIGERATION_MACHINE"", ""scenario_id"": ""CEN-ACE657BB"", ""execution_id"": ""EXE-BFCFF6663361"", ""session_id"": ""DIA-9A50C74283C8"", ""seed"": 1, ""machine_state"": ""RECUPERACAO""}"
6633,2026-01-01T00:10:55+00:00,defrost,Degelo,I/O,0.0,bool,VÁLIDA,SIMULADOR,1,"{""controller"": ""VIRTUAL_REFRIGERATION_MACHINE"", ""scenario_id"": ""CEN-ACE657BB"", ""execution_id"": ""EXE-BFCFF6663361"", ""session_id"": ""DIA-9A50C74283C8"", ""seed"": 1, ""machine_state"": ""RECUPERACAO""}"
6634,2026-01-01T00:10:55+00:00,dripping,Gotejamento,I/O,0.0,bool,VÁLIDA,SIMULADOR,1,"{""controller"": ""VIRTUAL_REFRIGERATION_MACHINE"", ""scenario_id"": ""CEN-ACE657BB"", ""execution_id"": ""EXE-BFCFF6663361"", ""session_id"": ""DIA-9A50C74283C8"", ""seed"": 1, ""machine_state"": ""RECUPERACAO""}"
6635,2026-01-01T00:10:55+00:00,communication,Comunicação simulada,COMUNICAÇÃO,1.0,bool,VÁLIDA,SIMULADOR,1,"{""controller"": ""VIRTUAL_REFRIGERATION_MACHINE"", ""scenario_id"": ""CEN-ACE657BB"", ""execution_id"": ""EXE-BFCFF6663361"", ""session_id"": ""DIA-9A50C74283C8"", ""seed"": 1, ""machine_state"": ""RECUPERACAO""}"
6636,2026-01-01T00:10:55+00:00,current_total,Corrente total da máquina,MEDIÇÃO ELÉTRICA,19.0,A,VÁLIDA,SIMULADOR,1,"{""controller"": ""VIRTUAL_REFRIGERATION_MACHINE"", ""scenario_id"": ""CEN-ACE657BB"", ""execution_id"": ""EXE-BFCFF6663361"", ""session_id"": ""DIA-9A50C74283C8"", ""seed"": 1, ""instrument"": ""EM210 #1 - TOTAL""}"
6637,2026-01-01T00:10:55+00:00,current_compressor,Corrente do compressor,MEDIÇÃO ELÉTRICA,12.019,A,VÁLIDA,SIMULADOR,1,"{""controller"": ""VIRTUAL_REFRIGERATION_MACHINE"", ""scenario_id"": ""CEN-ACE657BB"", ""execution_id"": ""EXE-BFCFF6663361"", ""session_id"": ""DIA-9A50C74283C8"", ""seed"": 1, ""instrument"": ""EM210 #2 - COMPRESSOR""}"
6638,2026-01-01T00:10:55+00:00,current_l1,Corrente L1,MEDIÇÃO ELÉTRICA,6.322,A,VÁLIDA,SIMULADOR,1,"{""controller"": ""VIRTUAL_REFRIGERATION_MACHINE"", ""scenario_id"": ""CEN-ACE657BB"", ""execution_id"": ""EXE-BFCFF6663361"", ""session_id"": ""DIA-9A50C74283C8"", ""seed"": 1, ""instrument"": ""EM210 #1 - TOTAL""}"
6639,2026-01-01T00:10:55+00:00,current_l2,Corrente L2,MEDIÇÃO ELÉTRICA,6.316,A,VÁLIDA,SIMULADOR,1,"{""controller"": ""VIRTUAL_REFRIGERATION_MACHINE"", ""scenario_id"": ""CEN-ACE657BB"", ""execution_id"": ""EXE-BFCFF6663361"", ""session_id"": ""DIA-9A50C74283C8"", ""seed"": 1, ""instrument"": ""EM210 #1 - TOTAL""}"
6640,2026-01-01T00:10:55+00:00,current_l3,Corrente L3,MEDIÇÃO ELÉTRICA,6.351,A,VÁLIDA,SIMULADOR,1,"{""controller"": ""VIRTUAL_REFRIGERATION_MACHINE"", ""scenario_id"": ""CEN-ACE657BB"", ""execution_id"": ""EXE-BFCFF6663361"", ""session_id"": ""DIA-9A50C74283C8"", ""seed"": 1, ""instrument"": ""EM210 #1 - TOTAL""}"
6641,2026-01-01T00:11:00+00:00,temperature_chamber,Temperatura da câmara,SENSORES,3.6070046008746135,°C,VÁLIDA,SIMULADOR,1,"{""controller"": ""VIRTUAL_REFRIGERATION_MACHINE"", ""scenario_id"": ""CEN-ACE657BB"", ""execution_id"": ""EXE-BFCFF6663361"", ""session_id"": ""DIA-9A50C74283C8"", ""seed"": 1, ""machine_state"": ""RECUPERACAO""}"
6642,2026-01-01T00:11:00+00:00,temperature_evaporator,Temperatura do evaporador,SENSORES,-1.3402279881008599,°C,VÁLIDA,SIMULADOR,1,"{""controller"": ""VIRTUAL_REFRIGERATION_MACHINE"", ""scenario_id"": ""CEN-ACE657BB"", ""execution_id"": ""EXE-BFCFF6663361"", ""session_id"": ""DIA-9A50C74283C8"", ""seed"": 1, ""machine_state"": ""RECUPERACAO""}"
6643,2026-01-01T00:11:00+00:00,pressure_suction,Pressão de sucção,SENSORES,20.00032271854075,psi,VÁLIDA,SIMULADOR,1,"{""controller"": ""VIRTUAL_REFRIGERATION_MACHINE"", ""scenario_id"": ""CEN-ACE657BB"", ""execution_id"": ""EXE-BFCFF6663361"", ""session_id"": ""DIA-9A50C74283C8"", ""seed"": 1, ""machine_state"": ""RECUPERACAO""}"
6644,2026-01-01T00:11:00+00:00,pressure_discharge,Pressão de descarga,SENSORES,244.99927876080216,psi,VÁLIDA,SIMULADOR,1,"{""controller"": ""VIRTUAL_REFRIGERATION_MACHINE"", ""scenario_id"": ""CEN-ACE657BB"", ""execution_id"": ""EXE-BFCFF6663361"", ""session_id"": ""DIA-9A50C74283C8"", ""seed"": 1, ""machine_state"": ""RECUPERACAO""}"
6645,2026-01-01T00:11:00+00:00,compressor_command,Comando do compressor,I/O,1.0,bool,VÁLIDA,SIMULADOR,1,"{""controller"": ""VIRTUAL_REFRIGERATION_MACHINE"", ""scenario_id"": ""CEN-ACE657BB"", ""execution_id"": ""EXE-BFCFF6663361"", ""session_id"": ""DIA-9A50C74283C8"", ""seed"": 1, ""machine_state"": ""RECUPERACAO""}"
6646,2026-01-01T00:11:00+00:00,compressor,Estado do compressor,I/O,1.0,bool,VÁLIDA,SIMULADOR,1,"{""controller"": ""VIRTUAL_REFRIGERATION_MACHINE"", ""scenario_id"": ""CEN-ACE657BB"", ""execution_id"": ""EXE-BFCFF6663361"", ""session_id"": ""DIA-9A50C74283C8"", ""seed"": 1, ""machine_state"": ""RECUPERACAO""}"
6647,2026-01-01T00:11:00+00:00,evaporator_fan,Ventilador evaporador,I/O,1.0,bool,VÁLIDA,SIMULADOR,1,"{""controller"": ""VIRTUAL_REFRIGERATION_MACHINE"", ""scenario_id"": ""CEN-ACE657BB"", ""execution_id"": ""EXE-BFCFF6663361"", ""session_id"": ""DIA-9A50C74283C8"", ""seed"": 1, ""machine_state"": ""RECUPERACAO""}"
6648,2026-01-01T00:11:00+00:00,condenser_fan,Ventilador condensador,I/O,1.0,bool,VÁLIDA,SIMULADOR,1,"{""controller"": ""VIRTUAL_REFRIGERATION_MACHINE"", ""scenario_id"": ""CEN-ACE657BB"", ""execution_id"": ""EXE-BFCFF6663361"", ""session_id"": ""DIA-9A50C74283C8"", ""seed"": 1, ""machine_state"": ""RECUPERACAO""}"
6649,2026-01-01T00:11:00+00:00,defrost,Degelo,I/O,0.0,bool,VÁLIDA,SIMULADOR,1,"{""controller"": ""VIRTUAL_REFRIGERATION_MACHINE"", ""scenario_id"": ""CEN-ACE657BB"", ""execution_id"": ""EXE-BFCFF6663361"", ""session_id"": ""DIA-9A50C74283C8"", ""seed"": 1, ""machine_state"": ""RECUPERACAO""}"
6650,2026-01-01T00:11:00+00:00,dripping,Gotejamento,I/O,0.0,bool,VÁLIDA,SIMULADOR,1,"{""controller"": ""VIRTUAL_REFRIGERATION_MACHINE"", ""scenario_id"": ""CEN-ACE657BB"", ""execution_id"": ""EXE-BFCFF6663361"", ""session_id"": ""DIA-9A50C74283C8"", ""seed"": 1, ""machine_state"": ""RECUPERACAO""}"
6651,2026-01-01T00:11:00+00:00,communication,Comunicação simulada,COMUNICAÇÃO,1.0,bool,VÁLIDA,SIMULADOR,1,"{""controller"": ""VIRTUAL_REFRIGERATION_MACHINE"", ""scenario_id"": ""CEN-ACE657BB"", ""execution_id"": ""EXE-BFCFF6663361"", ""session_id"": ""DIA-9A50C74283C8"", ""seed"": 1, ""machine_state"": ""RECUPERACAO""}"
6652,2026-01-01T00:11:00+00:00,current_total,Corrente total da máquina,MEDIÇÃO ELÉTRICA,19.019,A,VÁLIDA,SIMULADOR,1,"{""controller"": ""VIRTUAL_REFRIGERATION_MACHINE"", ""scenario_id"": ""CEN-ACE657BB"", ""execution_id"": ""EXE-BFCFF6663361"", ""session_id"": ""DIA-9A50C74283C8"", ""seed"": 1, ""instrument"": ""EM210 #1 - TOTAL""}"
6653,2026-01-01T00:11:00+00:00,current_compressor,Corrente do compressor,MEDIÇÃO ELÉTRICA,11.995,A,VÁLIDA,SIMULADOR,1,"{""controller"": ""VIRTUAL_REFRIGERATION_MACHINE"", ""scenario_id"": ""CEN-ACE657BB"", ""execution_id"": ""EXE-BFCFF6663361"", ""session_id"": ""DIA-9A50C74283C8"", ""seed"": 1, ""instrument"": ""EM210 #2 - COMPRESSOR""}"
6654,2026-01-01T00:11:00+00:00,current_l1,Corrente L1,MEDIÇÃO ELÉTRICA,6.338,A,VÁLIDA,SIMULADOR,1,"{""controller"": ""VIRTUAL_REFRIGERATION_MACHINE"", ""scenario_id"": ""CEN-ACE657BB"", ""execution_id"": ""EXE-BFCFF6663361"", ""session_id"": ""DIA-9A50C74283C8"", ""seed"": 1, ""instrument"": ""EM210 #1 - TOTAL""}"
6655,2026-01-01T00:11:00+00:00,current_l2,Corrente L2,MEDIÇÃO ELÉTRICA,6.35,A,VÁLIDA,SIMULADOR,1,"{""controller"": ""VIRTUAL_REFRIGERATION_MACHINE"", ""scenario_id"": ""CEN-ACE657BB"", ""execution_id"": ""EXE-BFCFF6663361"", ""session_id"": ""DIA-9A50C74283C8"", ""seed"": 1, ""instrument"": ""EM210 #1 - TOTAL""}"
6656,2026-01-01T00:11:00+00:00,current_l3,Corrente L3,MEDIÇÃO ELÉTRICA,6.351,A,VÁLIDA,SIMULADOR,1,"{""controller"": ""VIRTUAL_REFRIGERATION_MACHINE"", ""scenario_id"": ""CEN-ACE657BB"", ""execution_id"": ""EXE-BFCFF6663361"", ""session_id"": ""DIA-9A50C74283C8"", ""seed"": 1, ""instrument"": ""EM210 #1 - TOTAL""}"
6657,2026-01-01T00:11:05+00:00,temperature_chamber,Temperatura da câmara,SENSORES,3.5509600332820956,°C,VÁLIDA,SIMULADOR,1,"{""controller"": ""VIRTUAL_REFRIGERATION_MACHINE"", ""scenario_id"": ""CEN-ACE657BB"", ""execution_id"": ""EXE-BFCFF6663361"", ""session_id"": ""DIA-9A50C74283C8"", ""seed"": 1, ""machine_state"": ""RECUPERACAO""}"
6658,2026-01-01T00:11:05+00:00,temperature_evaporator,Temperatura do evaporador,SENSORES,-1.467105889026711,°C,VÁLIDA,SIMULADOR,1,"{""controller"": ""VIRTUAL_REFRIGERATION_MACHINE"", ""scenario_id"": ""CEN-ACE657BB"", ""execution_id"": ""EXE-BFCFF6663361"", ""session_id"": ""DIA-9A50C74283C8"", ""seed"": 1, ""machine_state"": ""RECUPERACAO""}"
6659,2026-01-01T00:11:05+00:00,pressure_suction,Pressão de sucção,SENSORES,20.000258174832602,psi,VÁLIDA,SIMULADOR,1,"{""controller"": ""VIRTUAL_REFRIGERATION_MACHINE"", ""scenario_id"": ""CEN-ACE657BB"", ""execution_id"": ""EXE-BFCFF6663361"", ""session_id"": ""DIA-9A50C74283C8"", ""seed"": 1, ""machine_state"": ""RECUPERACAO""}"
6660,2026-01-01T00:11:05+00:00,pressure_discharge,Pressão de descarga,SENSORES,244.9994230086417,psi,VÁLIDA,SIMULADOR,1,"{""controller"": ""VIRTUAL_REFRIGERATION_MACHINE"", ""scenario_id"": ""CEN-ACE657BB"", ""execution_id"": ""EXE-BFCFF6663361"", ""session_id"": ""DIA-9A50C74283C8"", ""seed"": 1, ""machine_state"": ""RECUPERACAO""}"
6661,2026-01-01T00:11:05+00:00,compressor_command,Comando do compressor,I/O,1.0,bool,VÁLIDA,SIMULADOR,1,"{""controller"": ""VIRTUAL_REFRIGERATION_MACHINE"", ""scenario_id"": ""CEN-ACE657BB"", ""execution_id"": ""EXE-BFCFF6663361"", ""session_id"": ""DIA-9A50C74283C8"", ""seed"": 1, ""machine_state"": ""RECUPERACAO""}"
6662,2026-01-01T00:11:05+00:00,compressor,Estado do compressor,I/O,1.0,bool,VÁLIDA,SIMULADOR,1,"{""controller"": ""VIRTUAL_REFRIGERATION_MACHINE"", ""scenario_id"": ""CEN-ACE657BB"", ""execution_id"": ""EXE-BFCFF6663361"", ""session_id"": ""DIA-9A50C74283C8"", ""seed"": 1, ""machine_state"": ""RECUPERACAO""}"
6663,2026-01-01T00:11:05+00:00,evaporator_fan,Ventilador evaporador,I/O,1.0,bool,VÁLIDA,SIMULADOR,1,"{""controller"": ""VIRTUAL_REFRIGERATION_MACHINE"", ""scenario_id"": ""CEN-ACE657BB"", ""execution_id"": ""EXE-BFCFF6663361"", ""session_id"": ""DIA-9A50C74283C8"", ""seed"": 1, ""machine_state"": ""RECUPERACAO""}"
6664,2026-01-01T00:11:05+00:00,condenser_fan,Ventilador condensador,I/O,1.0,bool,VÁLIDA,SIMULADOR,1,"{""controller"": ""VIRTUAL_REFRIGERATION_MACHINE"", ""scenario_id"": ""CEN-ACE657BB"", ""execution_id"": ""EXE-BFCFF6663361"", ""session_id"": ""DIA-9A50C74283C8"", ""seed"": 1, ""machine_state"": ""RECUPERACAO""}"
6665,2026-01-01T00:11:05+00:00,defrost,Degelo,I/O,0.0,bool,VÁLIDA,SIMULADOR,1,"{""controller"": ""VIRTUAL_REFRIGERATION_MACHINE"", ""scenario_id"": ""CEN-ACE657BB"", ""execution_id"": ""EXE-BFCFF6663361"", ""session_id"": ""DIA-9A50C74283C8"", ""seed"": 1, ""machine_state"": ""RECUPERACAO""}"
6666,2026-01-01T00:11:05+00:00,dripping,Gotejamento,I/O,0.0,bool,VÁLIDA,SIMULADOR,1,"{""controller"": ""VIRTUAL_REFRIGERATION_MACHINE"", ""scenario_id"": ""CEN-ACE657BB"", ""execution_id"": ""EXE-BFCFF6663361"", ""session_id"": ""DIA-9A50C74283C8"", ""seed"": 1, ""machine_state"": ""RECUPERACAO""}"
6667,2026-01-01T00:11:05+00:00,communication,Comunicação simulada,COMUNICAÇÃO,1.0,bool,VÁLIDA,SIMULADOR,1,"{""controller"": ""VIRTUAL_REFRIGERATION_MACHINE"", ""scenario_id"": ""CEN-ACE657BB"", ""execution_id"": ""EXE-BFCFF6663361"", ""session_id"": ""DIA-9A50C74283C8"", ""seed"": 1, ""machine_state"": ""RECUPERACAO""}"
6668,2026-01-01T00:11:05+00:00,current_total,Corrente total da máquina,MEDIÇÃO ELÉTRICA,19.006,A,VÁLIDA,SIMULADOR,1,"{""controller"": ""VIRTUAL_REFRIGERATION_MACHINE"", ""scenario_id"": ""CEN-ACE657BB"", ""execution_id"": ""EXE-BFCFF6663361"", ""session_id"": ""DIA-9A50C74283C8"", ""seed"": 1, ""instrument"": ""EM210 #1 - TOTAL""}"
6669,2026-01-01T00:11:05+00:00,current_compressor,Corrente do compressor,MEDIÇÃO ELÉTRICA,12.016,A,VÁLIDA,SIMULADOR,1,"{""controller"": ""VIRTUAL_REFRIGERATION_MACHINE"", ""scenario_id"": ""CEN-ACE657BB"", ""execution_id"": ""EXE-BFCFF6663361"", ""session_id"": ""DIA-9A50C74283C8"", ""seed"": 1, ""instrument"": ""EM210 #2 - COMPRESSOR""}"
6670,2026-01-01T00:11:05+00:00,current_l1,Corrente L1,MEDIÇÃO ELÉTRICA,6.316,A,VÁLIDA,SIMULADOR,1,"{""controller"": ""VIRTUAL_REFRIGERATION_MACHINE"", ""scenario_id"": ""CEN-ACE657BB"", ""execution_id"": ""EXE-BFCFF6663361"", ""session_id"": ""DIA-9A50C74283C8"", ""seed"": 1, ""instrument"": ""EM210 #1 - TOTAL""}"
6671,2026-01-01T00:11:05+00:00,current_l2,Corrente L2,MEDIÇÃO ELÉTRICA,6.345,A,VÁLIDA,SIMULADOR,1,"{""controller"": ""VIRTUAL_REFRIGERATION_MACHINE"", ""scenario_id"": ""CEN-ACE657BB"", ""execution_id"": ""EXE-BFCFF6663361"", ""session_id"": ""DIA-9A50C74283C8"", ""seed"": 1, ""instrument"": ""EM210 #1 - TOTAL""}"
6672,2026-01-01T00:11:05+00:00,current_l3,Corrente L3,MEDIÇÃO ELÉTRICA,6.323,A,VÁLIDA,SIMULADOR,1,"{""controller"": ""VIRTUAL_REFRIGERATION_MACHINE"", ""scenario_id"": ""CEN-ACE657BB"", ""execution_id"": ""EXE-BFCFF6663361"", ""session_id"": ""DIA-9A50C74283C8"", ""seed"": 1, ""instrument"": ""EM210 #1 - TOTAL""}"
6673,2026-01-01T00:11:10+00:00,temperature_chamber,Temperatura da câmara,SENSORES,3.5059481119202025,°C,VÁLIDA,SIMULADOR,1,"{""controller"": ""VIRTUAL_REFRIGERATION_MACHINE"", ""scenario_id"": ""CEN-ACE657BB"", ""execution_id"": ""EXE-BFCFF6663361"", ""session_id"": ""DIA-9A50C74283C8"", ""seed"": 1, ""machine_state"": ""RECUPERACAO""}"
6674,2026-01-01T00:11:10+00:00,temperature_evaporator,Temperatura do evaporador,SENSORES,-1.5829511437219372,°C,VÁLIDA,SIMULADOR,1,"{""controller"": ""VIRTUAL_REFRIGERATION_MACHINE"", ""scenario_id"": ""CEN-ACE657BB"", ""execution_id"": ""EXE-BFCFF6663361"", ""session_id"": ""DIA-9A50C74283C8"", ""seed"": 1, ""machine_state"": ""RECUPERACAO""}"
6675,2026-01-01T00:11:10+00:00,pressure_suction,Pressão de sucção,SENSORES,20.00020653986608,psi,VÁLIDA,SIMULADOR,1,"{""controller"": ""VIRTUAL_REFRIGERATION_MACHINE"", ""scenario_id"": ""CEN-ACE657BB"", ""execution_id"": ""EXE-BFCFF6663361"", ""session_id"": ""DIA-9A50C74283C8"", ""seed"": 1, ""machine_state"": ""RECUPERACAO""}"
6676,2026-01-01T00:11:10+00:00,pressure_discharge,Pressão de descarga,SENSORES,244.99953840691336,psi,VÁLIDA,SIMULADOR,1,"{""controller"": ""VIRTUAL_REFRIGERATION_MACHINE"", ""scenario_id"": ""CEN-ACE657BB"", ""execution_id"": ""EXE-BFCFF6663361"", ""session_id"": ""DIA-9A50C74283C8"", ""seed"": 1, ""machine_state"": ""RECUPERACAO""}"
6677,2026-01-01T00:11:10+00:00,compressor_command,Comando do compressor,I/O,1.0,bool,VÁLIDA,SIMULADOR,1,"{""controller"": ""VIRTUAL_REFRIGERATION_MACHINE"", ""scenario_id"": ""CEN-ACE657BB"", ""execution_id"": ""EXE-BFCFF6663361"", ""session_id"": ""DIA-9A50C74283C8"", ""seed"": 1, ""machine_state"": ""RECUPERACAO""}"
6678,2026-01-01T00:11:10+00:00,compressor,Estado do compressor,I/O,1.0,bool,VÁLIDA,SIMULADOR,1,"{""controller"": ""VIRTUAL_REFRIGERATION_MACHINE"", ""scenario_id"": ""CEN-ACE657BB"", ""execution_id"": ""EXE-BFCFF6663361"", ""session_id"": ""DIA-9A50C74283C8"", ""seed"": 1, ""machine_state"": ""RECUPERACAO""}"
6679,2026-01-01T00:11:10+00:00,evaporator_fan,Ventilador evaporador,I/O,1.0,bool,VÁLIDA,SIMULADOR,1,"{""controller"": ""VIRTUAL_REFRIGERATION_MACHINE"", ""scenario_id"": ""CEN-ACE657BB"", ""execution_id"": ""EXE-BFCFF6663361"", ""session_id"": ""DIA-9A50C74283C8"", ""seed"": 1, ""machine_state"": ""RECUPERACAO""}"
6680,2026-01-01T00:11:10+00:00,condenser_fan,Ventilador condensador,I/O,1.0,bool,VÁLIDA,SIMULADOR,1,"{""controller"": ""VIRTUAL_REFRIGERATION_MACHINE"", ""scenario_id"": ""CEN-ACE657BB"", ""execution_id"": ""EXE-BFCFF6663361"", ""session_id"": ""DIA-9A50C74283C8"", ""seed"": 1, ""machine_state"": ""RECUPERACAO""}"
6681,2026-01-01T00:11:10+00:00,defrost,Degelo,I/O,0.0,bool,VÁLIDA,SIMULADOR,1,"{""controller"": ""VIRTUAL_REFRIGERATION_MACHINE"", ""scenario_id"": ""CEN-ACE657BB"", ""execution_id"": ""EXE-BFCFF6663361"", ""session_id"": ""DIA-9A50C74283C8"", ""seed"": 1, ""machine_state"": ""RECUPERACAO""}"
6682,2026-01-01T00:11:10+00:00,dripping,Gotejamento,I/O,0.0,bool,VÁLIDA,SIMULADOR,1,"{""controller"": ""VIRTUAL_REFRIGERATION_MACHINE"", ""scenario_id"": ""CEN-ACE657BB"", ""execution_id"": ""EXE-BFCFF6663361"", ""session_id"": ""DIA-9A50C74283C8"", ""seed"": 1, ""machine_state"": ""RECUPERACAO""}"
6683,2026-01-01T00:11:10+00:00,communication,Comunicação simulada,COMUNICAÇÃO,1.0,bool,VÁLIDA,SIMULADOR,1,"{""controller"": ""VIRTUAL_REFRIGERATION_MACHINE"", ""scenario_id"": ""CEN-ACE657BB"", ""execution_id"": ""EXE-BFCFF6663361"", ""session_id"": ""DIA-9A50C74283C8"", ""seed"": 1, ""machine_state"": ""RECUPERACAO""}"
6684,2026-01-01T00:11:10+00:00,current_total,Corrente total da máquina,MEDIÇÃO ELÉTRICA,19.016,A,VÁLIDA,SIMULADOR,1,"{""controller"": ""VIRTUAL_REFRIGERATION_MACHINE"", ""scenario_id"": ""CEN-ACE657BB"", ""execution_id"": ""EXE-BFCFF6663361"", ""session_id"": ""DIA-9A50C74283C8"", ""seed"": 1, ""instrument"": ""EM210 #1 - TOTAL""}"
6685,2026-01-01T00:11:10+00:00,current_compressor,Corrente do compressor,MEDIÇÃO ELÉTRICA,12.003,A,VÁLIDA,SIMULADOR,1,"{""controller"": ""VIRTUAL_REFRIGERATION_MACHINE"", ""scenario_id"": ""CEN-ACE657BB"", ""execution_id"": ""EXE-BFCFF6663361"", ""session_id"": ""DIA-9A50C74283C8"", ""seed"": 1, ""instrument"": ""EM210 #2 - COMPRESSOR""}"
6686,2026-01-01T00:11:10+00:00,current_l1,Corrente L1,MEDIÇÃO ELÉTRICA,6.336,A,VÁLIDA,SIMULADOR,1,"{""controller"": ""VIRTUAL_REFRIGERATION_MACHINE"", ""scenario_id"": ""CEN-ACE657BB"", ""execution_id"": ""EXE-BFCFF6663361"", ""session_id"": ""DIA-9A50C74283C8"", ""seed"": 1, ""instrument"": ""EM210 #1 - TOTAL""}"
6687,2026-01-01T00:11:10+00:00,current_l2,Corrente L2,MEDIÇÃO ELÉTRICA,6.331,A,VÁLIDA,SIMULADOR,1,"{""controller"": ""VIRTUAL_REFRIGERATION_MACHINE"", ""scenario_id"": ""CEN-ACE657BB"", ""execution_id"": ""EXE-BFCFF6663361"", ""session_id"": ""DIA-9A50C74283C8"", ""seed"": 1, ""instrument"": ""EM210 #1 - TOTAL""}"
6688,2026-01-01T00:11:10+00:00,current_l3,Corrente L3,MEDIÇÃO ELÉTRICA,6.316,A,VÁLIDA,SIMULADOR,1,"{""controller"": ""VIRTUAL_REFRIGERATION_MACHINE"", ""scenario_id"": ""CEN-ACE657BB"", ""execution_id"": ""EXE-BFCFF6663361"", ""session_id"": ""DIA-9A50C74283C8"", ""seed"": 1, ""instrument"": ""EM210 #1 - TOTAL""}"
6689,2026-01-01T00:11:15+00:00,temperature_chamber,Temperatura da câmara,SENSORES,3.450159126973542,°C,VÁLIDA,SIMULADOR,1,"{""controller"": ""VIRTUAL_REFRIGERATION_MACHINE"", ""scenario_id"": ""CEN-ACE657BB"", ""execution_id"": ""EXE-BFCFF6663361"", ""session_id"": ""DIA-9A50C74283C8"", ""seed"": 1, ""machine_state"": ""RECUPERACAO""}"
6690,2026-01-01T00:11:15+00:00,temperature_evaporator,Temperatura do evaporador,SENSORES,-1.7095734620019312,°C,VÁLIDA,SIMULADOR,1,"{""controller"": ""VIRTUAL_REFRIGERATION_MACHINE"", ""scenario_id"": ""CEN-ACE657BB"", ""execution_id"": ""EXE-BFCFF6663361"", ""session_id"": ""DIA-9A50C74283C8"", ""seed"": 1, ""machine_state"": ""RECUPERACAO""}"
6691,2026-01-01T00:11:15+00:00,pressure_suction,Pressão de sucção,SENSORES,20.000165231892865,psi,VÁLIDA,SIMULADOR,1,"{""controller"": ""VIRTUAL_REFRIGERATION_MACHINE"", ""scenario_id"": ""CEN-ACE657BB"", ""execution_id"": ""EXE-BFCFF6663361"", ""session_id"": ""DIA-9A50C74283C8"", ""seed"": 1, ""machine_state"": ""RECUPERACAO""}"
6692,2026-01-01T00:11:15+00:00,pressure_discharge,Pressão de descarga,SENSORES,244.9996307255307,psi,VÁLIDA,SIMULADOR,1,"{""controller"": ""VIRTUAL_REFRIGERATION_MACHINE"", ""scenario_id"": ""CEN-ACE657BB"", ""execution_id"": ""EXE-BFCFF6663361"", ""session_id"": ""DIA-9A50C74283C8"", ""seed"": 1, ""machine_state"": ""RECUPERACAO""}"
6693,2026-01-01T00:11:15+00:00,compressor_command,Comando do compressor,I/O,1.0,bool,VÁLIDA,SIMULADOR,1,"{""controller"": ""VIRTUAL_REFRIGERATION_MACHINE"", ""scenario_id"": ""CEN-ACE657BB"", ""execution_id"": ""EXE-BFCFF6663361"", ""session_id"": ""DIA-9A50C74283C8"", ""seed"": 1, ""machine_state"": ""RECUPERACAO""}"
6694,2026-01-01T00:11:15+00:00,compressor,Estado do compressor,I/O,1.0,bool,VÁLIDA,SIMULADOR,1,"{""controller"": ""VIRTUAL_REFRIGERATION_MACHINE"", ""scenario_id"": ""CEN-ACE657BB"", ""execution_id"": ""EXE-BFCFF6663361"", ""session_id"": ""DIA-9A50C74283C8"", ""seed"": 1, ""machine_state"": ""RECUPERACAO""}"
6695,2026-01-01T00:11:15+00:00,evaporator_fan,Ventilador evaporador,I/O,1.0,bool,VÁLIDA,SIMULADOR,1,"{""controller"": ""VIRTUAL_REFRIGERATION_MACHINE"", ""scenario_id"": ""CEN-ACE657BB"", ""execution_id"": ""EXE-BFCFF6663361"", ""session_id"": ""DIA-9A50C74283C8"", ""seed"": 1, ""machine_state"": ""RECUPERACAO""}"
6696,2026-01-01T00:11:15+00:00,condenser_fan,Ventilador condensador,I/O,1.0,bool,VÁLIDA,SIMULADOR,1,"{""controller"": ""VIRTUAL_REFRIGERATION_MACHINE"", ""scenario_id"": ""CEN-ACE657BB"", ""execution_id"": ""EXE-BFCFF6663361"", ""session_id"": ""DIA-9A50C74283C8"", ""seed"": 1, ""machine_state"": ""RECUPERACAO""}"
6697,2026-01-01T00:11:15+00:00,defrost,Degelo,I/O,0.0,bool,VÁLIDA,SIMULADOR,1,"{""controller"": ""VIRTUAL_REFRIGERATION_MACHINE"", ""scenario_id"": ""CEN-ACE657BB"", ""execution_id"": ""EXE-BFCFF6663361"", ""session_id"": ""DIA-9A50C74283C8"", ""seed"": 1, ""machine_state"": ""RECUPERACAO""}"
6698,2026-01-01T00:11:15+00:00,dripping,Gotejamento,I/O,0.0,bool,VÁLIDA,SIMULADOR,1,"{""controller"": ""VIRTUAL_REFRIGERATION_MACHINE"", ""scenario_id"": ""CEN-ACE657BB"", ""execution_id"": ""EXE-BFCFF6663361"", ""session_id"": ""DIA-9A50C74283C8"", ""seed"": 1, ""machine_state"": ""RECUPERACAO""}"
6699,2026-01-01T00:11:15+00:00,communication,Comunicação simulada,COMUNICAÇÃO,1.0,bool,VÁLIDA,SIMULADOR,1,"{""controller"": ""VIRTUAL_REFRIGERATION_MACHINE"", ""scenario_id"": ""CEN-ACE657BB"", ""execution_id"": ""EXE-BFCFF6663361"", ""session_id"": ""DIA-9A50C74283C8"", ""seed"": 1, ""machine_state"": ""RECUPERACAO""}"
6700,2026-01-01T00:11:15+00:00,current_total,Corrente total da máquina,MEDIÇÃO ELÉTRICA,19.008,A,VÁLIDA,SIMULADOR,1,"{""controller"": ""VIRTUAL_REFRIGERATION_MACHINE"", ""scenario_id"": ""CEN-ACE657BB"", ""execution_id"": ""EXE-BFCFF6663361"", ""session_id"": ""DIA-9A50C74283C8"", ""seed"": 1, ""instrument"": ""EM210 #1 - TOTAL""}"
6701,2026-01-01T00:11:15+00:00,current_compressor,Corrente do compressor,MEDIÇÃO ELÉTRICA,12.002,A,VÁLIDA,SIMULADOR,1,"{""controller"": ""VIRTUAL_REFRIGERATION_MACHINE"", ""scenario_id"": ""CEN-ACE657BB"", ""execution_id"": ""EXE-BFCFF6663361"", ""session_id"": ""DIA-9A50C74283C8"", ""seed"": 1, ""instrument"": ""EM210 #2 - COMPRESSOR""}"
6702,2026-01-01T00:11:15+00:00,current_l1,Corrente L1,MEDIÇÃO ELÉTRICA,6.325,A,VÁLIDA,SIMULADOR,1,"{""controller"": ""VIRTUAL_REFRIGERATION_MACHINE"", ""scenario_id"": ""CEN-ACE657BB"", ""execution_id"": ""EXE-BFCFF6663361"", ""session_id"": ""DIA-9A50C74283C8"", ""seed"": 1, ""instrument"": ""EM210 #1 - TOTAL""}"
6703,2026-01-01T00:11:15+00:00,current_l2,Corrente L2,MEDIÇÃO ELÉTRICA,6.34,A,VÁLIDA,SIMULADOR,1,"{""controller"": ""VIRTUAL_REFRIGERATION_MACHINE"", ""scenario_id"": ""CEN-ACE657BB"", ""execution_id"": ""EXE-BFCFF6663361"", ""session_id"": ""DIA-9A50C74283C8"", ""seed"": 1, ""instrument"": ""EM210 #1 - TOTAL""}"
6704,2026-01-01T00:11:15+00:00,current_l3,Corrente L3,MEDIÇÃO ELÉTRICA,6.338,A,VÁLIDA,SIMULADOR,1,"{""controller"": ""VIRTUAL_REFRIGERATION_MACHINE"", ""scenario_id"": ""CEN-ACE657BB"", ""execution_id"": ""EXE-BFCFF6663361"", ""session_id"": ""DIA-9A50C74283C8"", ""seed"": 1, ""instrument"": ""EM210 #1 - TOTAL""}"
6705,2026-01-01T00:11:20+00:00,temperature_chamber,Temperatura da câmara,SENSORES,3.397513226744769,°C,VÁLIDA,SIMULADOR,1,"{""controller"": ""VIRTUAL_REFRIGERATION_MACHINE"", ""scenario_id"": ""CEN-ACE657BB"", ""execution_id"": ""EXE-BFCFF6663361"", ""session_id"": ""DIA-9A50C74283C8"", ""seed"": 1, ""machine_state"": ""RECUPERACAO""}"
6706,2026-01-01T00:11:20+00:00,temperature_evaporator,Temperatura do evaporador,SENSORES,-1.8330526955640374,°C,VÁLIDA,SIMULADOR,1,"{""controller"": ""VIRTUAL_REFRIGERATION_MACHINE"", ""scenario_id"": ""CEN-ACE657BB"", ""execution_id"": ""EXE-BFCFF6663361"", ""session_id"": ""DIA-9A50C74283C8"", ""seed"": 1, ""machine_state"": ""RECUPERACAO""}"
6707,2026-01-01T00:11:20+00:00,pressure_suction,Pressão de sucção,SENSORES,20.000132185514293,psi,VÁLIDA,SIMULADOR,1,"{""controller"": ""VIRTUAL_REFRIGERATION_MACHINE"", ""scenario_id"": ""CEN-ACE657BB"", ""execution_id"": ""EXE-BFCFF6663361"", ""session_id"": ""DIA-9A50C74283C8"", ""seed"": 1, ""machine_state"": ""RECUPERACAO""}"
6708,2026-01-01T00:11:20+00:00,pressure_discharge,Pressão de descarga,SENSORES,244.99970458042455,psi,VÁLIDA,SIMULADOR,1,"{""controller"": ""VIRTUAL_REFRIGERATION_MACHINE"", ""scenario_id"": ""CEN-ACE657BB"", ""execution_id"": ""EXE-BFCFF6663361"", ""session_id"": ""DIA-9A50C74283C8"", ""seed"": 1, ""machine_state"": ""RECUPERACAO""}"
6709,2026-01-01T00:11:20+00:00,compressor_command,Comando do compressor,I/O,1.0,bool,VÁLIDA,SIMULADOR,1,"{""controller"": ""VIRTUAL_REFRIGERATION_MACHINE"", ""scenario_id"": ""CEN-ACE657BB"", ""execution_id"": ""EXE-BFCFF6663361"", ""session_id"": ""DIA-9A50C74283C8"", ""seed"": 1, ""machine_state"": ""RECUPERACAO""}"
6710,2026-01-01T00:11:20+00:00,compressor,Estado do compressor,I/O,1.0,bool,VÁLIDA,SIMULADOR,1,"{""controller"": ""VIRTUAL_REFRIGERATION_MACHINE"", ""scenario_id"": ""CEN-ACE657BB"", ""execution_id"": ""EXE-BFCFF6663361"", ""session_id"": ""DIA-9A50C74283C8"", ""seed"": 1, ""machine_state"": ""RECUPERACAO""}"
6711,2026-01-01T00:11:20+00:00,evaporator_fan,Ventilador evaporador,I/O,1.0,bool,VÁLIDA,SIMULADOR,1,"{""controller"": ""VIRTUAL_REFRIGERATION_MACHINE"", ""scenario_id"": ""CEN-ACE657BB"", ""execution_id"": ""EXE-BFCFF6663361"", ""session_id"": ""DIA-9A50C74283C8"", ""seed"": 1, ""machine_state"": ""RECUPERACAO""}"
6712,2026-01-01T00:11:20+00:00,condenser_fan,Ventilador condensador,I/O,1.0,bool,VÁLIDA,SIMULADOR,1,"{""controller"": ""VIRTUAL_REFRIGERATION_MACHINE"", ""scenario_id"": ""CEN-ACE657BB"", ""execution_id"": ""EXE-BFCFF6663361"", ""session_id"": ""DIA-9A50C74283C8"", ""seed"": 1, ""machine_state"": ""RECUPERACAO""}"
6713,2026-01-01T00:11:20+00:00,defrost,Degelo,I/O,0.0,bool,VÁLIDA,SIMULADOR,1,"{""controller"": ""VIRTUAL_REFRIGERATION_MACHINE"", ""scenario_id"": ""CEN-ACE657BB"", ""execution_id"": ""EXE-BFCFF6663361"", ""session_id"": ""DIA-9A50C74283C8"", ""seed"": 1, ""machine_state"": ""RECUPERACAO""}"
6714,2026-01-01T00:11:20+00:00,dripping,Gotejamento,I/O,0.0,bool,VÁLIDA,SIMULADOR,1,"{""controller"": ""VIRTUAL_REFRIGERATION_MACHINE"", ""scenario_id"": ""CEN-ACE657BB"", ""execution_id"": ""EXE-BFCFF6663361"", ""session_id"": ""DIA-9A50C74283C8"", ""seed"": 1, ""machine_state"": ""RECUPERACAO""}"
6715,2026-01-01T00:11:20+00:00,communication,Comunicação simulada,COMUNICAÇÃO,1.0,bool,VÁLIDA,SIMULADOR,1,"{""controller"": ""VIRTUAL_REFRIGERATION_MACHINE"", ""scenario_id"": ""CEN-ACE657BB"", ""execution_id"": ""EXE-BFCFF6663361"", ""session_id"": ""DIA-9A50C74283C8"", ""seed"": 1, ""machine_state"": ""RECUPERACAO""}"
6716,2026-01-01T00:11:20+00:00,current_total,Corrente total da máquina,MEDIÇÃO ELÉTRICA,18.985,A,VÁLIDA,SIMULADOR,1,"{""controller"": ""VIRTUAL_REFRIGERATION_MACHINE"", ""scenario_id"": ""CEN-ACE657BB"", ""execution_id"": ""EXE-BFCFF6663361"", ""session_id"": ""DIA-9A50C74283C8"", ""seed"": 1, ""instrument"": ""EM210 #1 - TOTAL""}"
6717,2026-01-01T00:11:20+00:00,current_compressor,Corrente do compressor,MEDIÇÃO ELÉTRICA,12.013,A,VÁLIDA,SIMULADOR,1,"{""controller"": ""VIRTUAL_REFRIGERATION_MACHINE"", ""scenario_id"": ""CEN-ACE657BB"", ""execution_id"": ""EXE-BFCFF6663361"", ""session_id"": ""DIA-9A50C74283C8"", ""seed"": 1, ""instrument"": ""EM210 #2 - COMPRESSOR""}"
6718,2026-01-01T00:11:20+00:00,current_l1,Corrente L1,MEDIÇÃO ELÉTRICA,6.316,A,VÁLIDA,SIMULADOR,1,"{""controller"": ""VIRTUAL_REFRIGERATION_MACHINE"", ""scenario_id"": ""CEN-ACE657BB"", ""execution_id"": ""EXE-BFCFF6663361"", ""session_id"": ""DIA-9A50C74283C8"", ""seed"": 1, ""instrument"": ""EM210 #1 - TOTAL""}"
6719,2026-01-01T00:11:20+00:00,current_l2,Corrente L2,MEDIÇÃO ELÉTRICA,6.34,A,VÁLIDA,SIMULADOR,1,"{""controller"": ""VIRTUAL_REFRIGERATION_MACHINE"", ""scenario_id"": ""CEN-ACE657BB"", ""execution_id"": ""EXE-BFCFF6663361"", ""session_id"": ""DIA-9A50C74283C8"", ""seed"": 1, ""instrument"": ""EM210 #1 - TOTAL""}"
6720,2026-01-01T00:11:20+00:00,current_l3,Corrente L3,MEDIÇÃO ELÉTRICA,6.341,A,VÁLIDA,SIMULADOR,1,"{""controller"": ""VIRTUAL_REFRIGERATION_MACHINE"", ""scenario_id"": ""CEN-ACE657BB"", ""execution_id"": ""EXE-BFCFF6663361"", ""session_id"": ""DIA-9A50C74283C8"", ""seed"": 1, ""instrument"": ""EM210 #1 - TOTAL""}"
6721,2026-01-01T00:11:25+00:00,temperature_chamber,Temperatura da câmara,SENSORES,3.358027591226994,°C,VÁLIDA,SIMULADOR,1,"{""controller"": ""VIRTUAL_REFRIGERATION_MACHINE"", ""scenario_id"": ""CEN-ACE657BB"", ""execution_id"": ""EXE-BFCFF6663361"", ""session_id"": ""DIA-9A50C74283C8"", ""seed"": 1, ""machine_state"": ""RECUPERACAO""}"
6722,2026-01-01T00:11:25+00:00,temperature_evaporator,Temperatura do evaporador,SENSORES,-1.9433716644151457,°C,VÁLIDA,SIMULADOR,1,"{""controller"": ""VIRTUAL_REFRIGERATION_MACHINE"", ""scenario_id"": ""CEN-ACE657BB"", ""execution_id"": ""EXE-BFCFF6663361"", ""session_id"": ""DIA-9A50C74283C8"", ""seed"": 1, ""machine_state"": ""RECUPERACAO""}"
6723,2026-01-01T00:11:25+00:00,pressure_suction,Pressão de sucção,SENSORES,20.000105748411436,psi,VÁLIDA,SIMULADOR,1,"{""controller"": ""VIRTUAL_REFRIGERATION_MACHINE"", ""scenario_id"": ""CEN-ACE657BB"", ""execution_id"": ""EXE-BFCFF6663361"", ""session_id"": ""DIA-9A50C74283C8"", ""seed"": 1, ""machine_state"": ""RECUPERACAO""}"
6724,2026-01-01T00:11:25+00:00,pressure_discharge,Pressão de descarga,SENSORES,244.99976366433964,psi,VÁLIDA,SIMULADOR,1,"{""controller"": ""VIRTUAL_REFRIGERATION_MACHINE"", ""scenario_id"": ""CEN-ACE657BB"", ""execution_id"": ""EXE-BFCFF6663361"", ""session_id"": ""DIA-9A50C74283C8"", ""seed"": 1, ""machine_state"": ""RECUPERACAO""}"
6725,2026-01-01T00:11:25+00:00,compressor_command,Comando do compressor,I/O,1.0,bool,VÁLIDA,SIMULADOR,1,"{""controller"": ""VIRTUAL_REFRIGERATION_MACHINE"", ""scenario_id"": ""CEN-ACE657BB"", ""execution_id"": ""EXE-BFCFF6663361"", ""session_id"": ""DIA-9A50C74283C8"", ""seed"": 1, ""machine_state"": ""RECUPERACAO""}"
6726,2026-01-01T00:11:25+00:00,compressor,Estado do compressor,I/O,1.0,bool,VÁLIDA,SIMULADOR,1,"{""controller"": ""VIRTUAL_REFRIGERATION_MACHINE"", ""scenario_id"": ""CEN-ACE657BB"", ""execution_id"": ""EXE-BFCFF6663361"", ""session_id"": ""DIA-9A50C74283C8"", ""seed"": 1, ""machine_state"": ""RECUPERACAO""}"
6727,2026-01-01T00:11:25+00:00,evaporator_fan,Ventilador evaporador,I/O,1.0,bool,VÁLIDA,SIMULADOR,1,"{""controller"": ""VIRTUAL_REFRIGERATION_MACHINE"", ""scenario_id"": ""CEN-ACE657BB"", ""execution_id"": ""EXE-BFCFF6663361"", ""session_id"": ""DIA-9A50C74283C8"", ""seed"": 1, ""machine_state"": ""RECUPERACAO""}"
6728,2026-01-01T00:11:25+00:00,condenser_fan,Ventilador condensador,I/O,1.0,bool,VÁLIDA,SIMULADOR,1,"{""controller"": ""VIRTUAL_REFRIGERATION_MACHINE"", ""scenario_id"": ""CEN-ACE657BB"", ""execution_id"": ""EXE-BFCFF6663361"", ""session_id"": ""DIA-9A50C74283C8"", ""seed"": 1, ""machine_state"": ""RECUPERACAO""}"
6729,2026-01-01T00:11:25+00:00,defrost,Degelo,I/O,0.0,bool,VÁLIDA,SIMULADOR,1,"{""controller"": ""VIRTUAL_REFRIGERATION_MACHINE"", ""scenario_id"": ""CEN-ACE657BB"", ""execution_id"": ""EXE-BFCFF6663361"", ""session_id"": ""DIA-9A50C74283C8"", ""seed"": 1, ""machine_state"": ""RECUPERACAO""}"
6730,2026-01-01T00:11:25+00:00,dripping,Gotejamento,I/O,0.0,bool,VÁLIDA,SIMULADOR,1,"{""controller"": ""VIRTUAL_REFRIGERATION_MACHINE"", ""scenario_id"": ""CEN-ACE657BB"", ""execution_id"": ""EXE-BFCFF6663361"", ""session_id"": ""DIA-9A50C74283C8"", ""seed"": 1, ""machine_state"": ""RECUPERACAO""}"
6731,2026-01-01T00:11:25+00:00,communication,Comunicação simulada,COMUNICAÇÃO,1.0,bool,VÁLIDA,SIMULADOR,1,"{""controller"": ""VIRTUAL_REFRIGERATION_MACHINE"", ""scenario_id"": ""CEN-ACE657BB"", ""execution_id"": ""EXE-BFCFF6663361"", ""session_id"": ""DIA-9A50C74283C8"", ""seed"": 1, ""machine_state"": ""RECUPERACAO""}"
6732,2026-01-01T00:11:25+00:00,current_total,Corrente total da máquina,MEDIÇÃO ELÉTRICA,18.997,A,VÁLIDA,SIMULADOR,1,"{""controller"": ""VIRTUAL_REFRIGERATION_MACHINE"", ""scenario_id"": ""CEN-ACE657BB"", ""execution_id"": ""EXE-BFCFF6663361"", ""session_id"": ""DIA-9A50C74283C8"", ""seed"": 1, ""instrument"": ""EM210 #1 - TOTAL""}"
6733,2026-01-01T00:11:25+00:00,current_compressor,Corrente do compressor,MEDIÇÃO ELÉTRICA,11.985,A,VÁLIDA,SIMULADOR,1,"{""controller"": ""VIRTUAL_REFRIGERATION_MACHINE"", ""scenario_id"": ""CEN-ACE657BB"", ""execution_id"": ""EXE-BFCFF6663361"", ""session_id"": ""DIA-9A50C74283C8"", ""seed"": 1, ""instrument"": ""EM210 #2 - COMPRESSOR""}"
6734,2026-01-01T00:11:25+00:00,current_l1,Corrente L1,MEDIÇÃO ELÉTRICA,6.348,A,VÁLIDA,SIMULADOR,1,"{""controller"": ""VIRTUAL_REFRIGERATION_MACHINE"", ""scenario_id"": ""CEN-ACE657BB"", ""execution_id"": ""EXE-BFCFF6663361"", ""session_id"": ""DIA-9A50C74283C8"", ""seed"": 1, ""instrument"": ""EM210 #1 - TOTAL""}"
6735,2026-01-01T00:11:25+00:00,current_l2,Corrente L2,MEDIÇÃO ELÉTRICA,6.32,A,VÁLIDA,SIMULADOR,1,"{""controller"": ""VIRTUAL_REFRIGERATION_MACHINE"", ""scenario_id"": ""CEN-ACE657BB"", ""execution_id"": ""EXE-BFCFF6663361"", ""session_id"": ""DIA-9A50C74283C8"", ""seed"": 1, ""instrument"": ""EM210 #1 - TOTAL""}"
6736,2026-01-01T00:11:25+00:00,current_l3,Corrente L3,MEDIÇÃO ELÉTRICA,6.321,A,VÁLIDA,SIMULADOR,1,"{""controller"": ""VIRTUAL_REFRIGERATION_MACHINE"", ""scenario_id"": ""CEN-ACE657BB"", ""execution_id"": ""EXE-BFCFF6663361"", ""session_id"": ""DIA-9A50C74283C8"", ""seed"": 1, ""instrument"": ""EM210 #1 - TOTAL""}"
6737,2026-01-01T00:11:30+00:00,temperature_chamber,Temperatura da câmara,SENSORES,3.3108353067950307,°C,VÁLIDA,SIMULADOR,1,"{""controller"": ""VIRTUAL_REFRIGERATION_MACHINE"", ""scenario_id"": ""CEN-ACE657BB"", ""execution_id"": ""EXE-BFCFF6663361"", ""session_id"": ""DIA-9A50C74283C8"", ""seed"": 1, ""machine_state"": ""RECUPERACAO""}"
6738,2026-01-01T00:11:30+00:00,temperature_evaporator,Temperatura do evaporador,SENSORES,-2.0613972821804425,°C,VÁLIDA,SIMULADOR,1,"{""controller"": ""VIRTUAL_REFRIGERATION_MACHINE"", ""scenario_id"": ""CEN-ACE657BB"", ""execution_id"": ""EXE-BFCFF6663361"", ""session_id"": ""DIA-9A50C74283C8"", ""seed"": 1, ""machine_state"": ""RECUPERACAO""}"
6739,2026-01-01T00:11:30+00:00,pressure_suction,Pressão de sucção,SENSORES,20.00008459872915,psi,VÁLIDA,SIMULADOR,1,"{""controller"": ""VIRTUAL_REFRIGERATION_MACHINE"", ""scenario_id"": ""CEN-ACE657BB"", ""execution_id"": ""EXE-BFCFF6663361"", ""session_id"": ""DIA-9A50C74283C8"", ""seed"": 1, ""machine_state"": ""RECUPERACAO""}"
6740,2026-01-01T00:11:30+00:00,pressure_discharge,Pressão de descarga,SENSORES,244.9998109314717,psi,VÁLIDA,SIMULADOR,1,"{""controller"": ""VIRTUAL_REFRIGERATION_MACHINE"", ""scenario_id"": ""CEN-ACE657BB"", ""execution_id"": ""EXE-BFCFF6663361"", ""session_id"": ""DIA-9A50C74283C8"", ""seed"": 1, ""machine_state"": ""RECUPERACAO""}"
6741,2026-01-01T00:11:30+00:00,compressor_command,Comando do compressor,I/O,1.0,bool,VÁLIDA,SIMULADOR,1,"{""controller"": ""VIRTUAL_REFRIGERATION_MACHINE"", ""scenario_id"": ""CEN-ACE657BB"", ""execution_id"": ""EXE-BFCFF6663361"", ""session_id"": ""DIA-9A50C74283C8"", ""seed"": 1, ""machine_state"": ""RECUPERACAO""}"
6742,2026-01-01T00:11:30+00:00,compressor,Estado do compressor,I/O,1.0,bool,VÁLIDA,SIMULADOR,1,"{""controller"": ""VIRTUAL_REFRIGERATION_MACHINE"", ""scenario_id"": ""CEN-ACE657BB"", ""execution_id"": ""EXE-BFCFF6663361"", ""session_id"": ""DIA-9A50C74283C8"", ""seed"": 1, ""machine_state"": ""RECUPERACAO""}"
6743,2026-01-01T00:11:30+00:00,evaporator_fan,Ventilador evaporador,I/O,1.0,bool,VÁLIDA,SIMULADOR,1,"{""controller"": ""VIRTUAL_REFRIGERATION_MACHINE"", ""scenario_id"": ""CEN-ACE657BB"", ""execution_id"": ""EXE-BFCFF6663361"", ""session_id"": ""DIA-9A50C74283C8"", ""seed"": 1, ""machine_state"": ""RECUPERACAO""}"
6744,2026-01-01T00:11:30+00:00,condenser_fan,Ventilador condensador,I/O,1.0,bool,VÁLIDA,SIMULADOR,1,"{""controller"": ""VIRTUAL_REFRIGERATION_MACHINE"", ""scenario_id"": ""CEN-ACE657BB"", ""execution_id"": ""EXE-BFCFF6663361"", ""session_id"": ""DIA-9A50C74283C8"", ""seed"": 1, ""machine_state"": ""RECUPERACAO""}"
6745,2026-01-01T00:11:30+00:00,defrost,Degelo,I/O,0.0,bool,VÁLIDA,SIMULADOR,1,"{""controller"": ""VIRTUAL_REFRIGERATION_MACHINE"", ""scenario_id"": ""CEN-ACE657BB"", ""execution_id"": ""EXE-BFCFF6663361"", ""session_id"": ""DIA-9A50C74283C8"", ""seed"": 1, ""machine_state"": ""RECUPERACAO""}"
6746,2026-01-01T00:11:30+00:00,dripping,Gotejamento,I/O,0.0,bool,VÁLIDA,SIMULADOR,1,"{""controller"": ""VIRTUAL_REFRIGERATION_MACHINE"", ""scenario_id"": ""CEN-ACE657BB"", ""execution_id"": ""EXE-BFCFF6663361"", ""session_id"": ""DIA-9A50C74283C8"", ""seed"": 1, ""machine_state"": ""RECUPERACAO""}"
6747,2026-01-01T00:11:30+00:00,communication,Comunicação simulada,COMUNICAÇÃO,1.0,bool,VÁLIDA,SIMULADOR,1,"{""controller"": ""VIRTUAL_REFRIGERATION_MACHINE"", ""scenario_id"": ""CEN-ACE657BB"", ""execution_id"": ""EXE-BFCFF6663361"", ""session_id"": ""DIA-9A50C74283C8"", ""seed"": 1, ""machine_state"": ""RECUPERACAO""}"
6748,2026-01-01T00:11:30+00:00,current_total,Corrente total da máquina,MEDIÇÃO ELÉTRICA,18.985,A,VÁLIDA,SIMULADOR,1,"{""controller"": ""VIRTUAL_REFRIGERATION_MACHINE"", ""scenario_id"": ""CEN-ACE657BB"", ""execution_id"": ""EXE-BFCFF6663361"", ""session_id"": ""DIA-9A50C74283C8"", ""seed"": 1, ""instrument"": ""EM210 #1 - TOTAL""}"
6749,2026-01-01T00:11:30+00:00,current_compressor,Corrente do compressor,MEDIÇÃO ELÉTRICA,12.004,A,VÁLIDA,SIMULADOR,1,"{""controller"": ""VIRTUAL_REFRIGERATION_MACHINE"", ""scenario_id"": ""CEN-ACE657BB"", ""execution_id"": ""EXE-BFCFF6663361"", ""session_id"": ""DIA-9A50C74283C8"", ""seed"": 1, ""instrument"": ""EM210 #2 - COMPRESSOR""}"
6750,2026-01-01T00:11:30+00:00,current_l1,Corrente L1,MEDIÇÃO ELÉTRICA,6.337,A,VÁLIDA,SIMULADOR,1,"{""controller"": ""VIRTUAL_REFRIGERATION_MACHINE"", ""scenario_id"": ""CEN-ACE657BB"", ""execution_id"": ""EXE-BFCFF6663361"", ""session_id"": ""DIA-9A50C74283C8"", ""seed"": 1, ""instrument"": ""EM210 #1 - TOTAL""}"
6751,2026-01-01T00:11:30+00:00,current_l2,Corrente L2,MEDIÇÃO ELÉTRICA,6.335,A,VÁLIDA,SIMULADOR,1,"{""controller"": ""VIRTUAL_REFRIGERATION_MACHINE"", ""scenario_id"": ""CEN-ACE657BB"", ""execution_id"": ""EXE-BFCFF6663361"", ""session_id"": ""DIA-9A50C74283C8"", ""seed"": 1, ""instrument"": ""EM210 #1 - TOTAL""}"
6752,2026-01-01T00:11:30+00:00,current_l3,Corrente L3,MEDIÇÃO ELÉTRICA,6.327,A,VÁLIDA,SIMULADOR,1,"{""controller"": ""VIRTUAL_REFRIGERATION_MACHINE"", ""scenario_id"": ""CEN-ACE657BB"", ""execution_id"": ""EXE-BFCFF6663361"", ""session_id"": ""DIA-9A50C74283C8"", ""seed"": 1, ""instrument"": ""EM210 #1 - TOTAL""}"
6753,2026-01-01T00:11:35+00:00,temperature_chamber,Temperatura da câmara,SENSORES,3.259662026453317,°C,VÁLIDA,SIMULADOR,1,"{""controller"": ""VIRTUAL_REFRIGERATION_MACHINE"", ""scenario_id"": ""CEN-ACE657BB"", ""execution_id"": ""EXE-BFCFF6663361"", ""session_id"": ""DIA-9A50C74283C8"", ""seed"": 1, ""machine_state"": ""RECUPERACAO""}"
6754,2026-01-01T00:11:35+00:00,temperature_evaporator,Temperatura do evaporador,SENSORES,-2.1834038958554896,°C,VÁLIDA,SIMULADOR,1,"{""controller"": ""VIRTUAL_REFRIGERATION_MACHINE"", ""scenario_id"": ""CEN-ACE657BB"", ""execution_id"": ""EXE-BFCFF6663361"", ""session_id"": ""DIA-9A50C74283C8"", ""seed"": 1, ""machine_state"": ""RECUPERACAO""}"
6755,2026-01-01T00:11:35+00:00,pressure_suction,Pressão de sucção,SENSORES,20.00006767898332,psi,VÁLIDA,SIMULADOR,1,"{""controller"": ""VIRTUAL_REFRIGERATION_MACHINE"", ""scenario_id"": ""CEN-ACE657BB"", ""execution_id"": ""EXE-BFCFF6663361"", ""session_id"": ""DIA-9A50C74283C8"", ""seed"": 1, ""machine_state"": ""RECUPERACAO""}"
6756,2026-01-01T00:11:35+00:00,pressure_discharge,Pressão de descarga,SENSORES,244.99984874517736,psi,VÁLIDA,SIMULADOR,1,"{""controller"": ""VIRTUAL_REFRIGERATION_MACHINE"", ""scenario_id"": ""CEN-ACE657BB"", ""execution_id"": ""EXE-BFCFF6663361"", ""session_id"": ""DIA-9A50C74283C8"", ""seed"": 1, ""machine_state"": ""RECUPERACAO""}"
6757,2026-01-01T00:11:35+00:00,compressor_command,Comando do compressor,I/O,1.0,bool,VÁLIDA,SIMULADOR,1,"{""controller"": ""VIRTUAL_REFRIGERATION_MACHINE"", ""scenario_id"": ""CEN-ACE657BB"", ""execution_id"": ""EXE-BFCFF6663361"", ""session_id"": ""DIA-9A50C74283C8"", ""seed"": 1, ""machine_state"": ""RECUPERACAO""}"
6758,2026-01-01T00:11:35+00:00,compressor,Estado do compressor,I/O,1.0,bool,VÁLIDA,SIMULADOR,1,"{""controller"": ""VIRTUAL_REFRIGERATION_MACHINE"", ""scenario_id"": ""CEN-ACE657BB"", ""execution_id"": ""EXE-BFCFF6663361"", ""session_id"": ""DIA-9A50C74283C8"", ""seed"": 1, ""machine_state"": ""RECUPERACAO""}"
6759,2026-01-01T00:11:35+00:00,evaporator_fan,Ventilador evaporador,I/O,1.0,bool,VÁLIDA,SIMULADOR,1,"{""controller"": ""VIRTUAL_REFRIGERATION_MACHINE"", ""scenario_id"": ""CEN-ACE657BB"", ""execution_id"": ""EXE-BFCFF6663361"", ""session_id"": ""DIA-9A50C74283C8"", ""seed"": 1, ""machine_state"": ""RECUPERACAO""}"
6760,2026-01-01T00:11:35+00:00,condenser_fan,Ventilador condensador,I/O,1.0,bool,VÁLIDA,SIMULADOR,1,"{""controller"": ""VIRTUAL_REFRIGERATION_MACHINE"", ""scenario_id"": ""CEN-ACE657BB"", ""execution_id"": ""EXE-BFCFF6663361"", ""session_id"": ""DIA-9A50C74283C8"", ""seed"": 1, ""machine_state"": ""RECUPERACAO""}"
6761,2026-01-01T00:11:35+00:00,defrost,Degelo,I/O,0.0,bool,VÁLIDA,SIMULADOR,1,"{""controller"": ""VIRTUAL_REFRIGERATION_MACHINE"", ""scenario_id"": ""CEN-ACE657BB"", ""execution_id"": ""EXE-BFCFF6663361"", ""session_id"": ""DIA-9A50C74283C8"", ""seed"": 1, ""machine_state"": ""RECUPERACAO""}"
6762,2026-01-01T00:11:35+00:00,dripping,Gotejamento,I/O,0.0,bool,VÁLIDA,SIMULADOR,1,"{""controller"": ""VIRTUAL_REFRIGERATION_MACHINE"", ""scenario_id"": ""CEN-ACE657BB"", ""execution_id"": ""EXE-BFCFF6663361"", ""session_id"": ""DIA-9A50C74283C8"", ""seed"": 1, ""machine_state"": ""RECUPERACAO""}"
6763,2026-01-01T00:11:35+00:00,communication,Comunicação simulada,COMUNICAÇÃO,1.0,bool,VÁLIDA,SIMULADOR,1,"{""controller"": ""VIRTUAL_REFRIGERATION_MACHINE"", ""scenario_id"": ""CEN-ACE657BB"", ""execution_id"": ""EXE-BFCFF6663361"", ""session_id"": ""DIA-9A50C74283C8"", ""seed"": 1, ""machine_state"": ""RECUPERACAO""}"
6764,2026-01-01T00:11:35+00:00,current_total,Corrente total da máquina,MEDIÇÃO ELÉTRICA,19.002,A,VÁLIDA,SIMULADOR,1,"{""controller"": ""VIRTUAL_REFRIGERATION_MACHINE"", ""scenario_id"": ""CEN-ACE657BB"", ""execution_id"": ""EXE-BFCFF6663361"", ""session_id"": ""DIA-9A50C74283C8"", ""seed"": 1, ""instrument"": ""EM210 #1 - TOTAL""}"
6765,2026-01-01T00:11:35+00:00,current_compressor,Corrente do compressor,MEDIÇÃO ELÉTRICA,11.992,A,VÁLIDA,SIMULADOR,1,"{""controller"": ""VIRTUAL_REFRIGERATION_MACHINE"", ""scenario_id"": ""CEN-ACE657BB"", ""execution_id"": ""EXE-BFCFF6663361"", ""session_id"": ""DIA-9A50C74283C8"", ""seed"": 1, ""instrument"": ""EM210 #2 - COMPRESSOR""}"
6766,2026-01-01T00:11:35+00:00,current_l1,Corrente L1,MEDIÇÃO ELÉTRICA,6.352,A,VÁLIDA,SIMULADOR,1,"{""controller"": ""VIRTUAL_REFRIGERATION_MACHINE"", ""scenario_id"": ""CEN-ACE657BB"", ""execution_id"": ""EXE-BFCFF6663361"", ""session_id"": ""DIA-9A50C74283C8"", ""seed"": 1, ""instrument"": ""EM210 #1 - TOTAL""}"
6767,2026-01-01T00:11:35+00:00,current_l2,Corrente L2,MEDIÇÃO ELÉTRICA,6.319,A,VÁLIDA,SIMULADOR,1,"{""controller"": ""VIRTUAL_REFRIGERATION_MACHINE"", ""scenario_id"": ""CEN-ACE657BB"", ""execution_id"": ""EXE-BFCFF6663361"", ""session_id"": ""DIA-9A50C74283C8"", ""seed"": 1, ""instrument"": ""EM210 #1 - TOTAL""}"
6768,2026-01-01T00:11:35+00:00,current_l3,Corrente L3,MEDIÇÃO ELÉTRICA,6.323,A,VÁLIDA,SIMULADOR,1,"{""controller"": ""VIRTUAL_REFRIGERATION_MACHINE"", ""scenario_id"": ""CEN-ACE657BB"", ""execution_id"": ""EXE-BFCFF6663361"", ""session_id"": ""DIA-9A50C74283C8"", ""seed"": 1, ""instrument"": ""EM210 #1 - TOTAL""}"
6769,2026-01-01T00:11:40+00:00,temperature_chamber,Temperatura da câmara,SENSORES,3.213041823545092,°C,VÁLIDA,SIMULADOR,1,"{""controller"": ""VIRTUAL_REFRIGERATION_MACHINE"", ""scenario_id"": ""CEN-ACE657BB"", ""execution_id"": ""EXE-BFCFF6663361"", ""session_id"": ""DIA-9A50C74283C8"", ""seed"": 1, ""machine_state"": ""RECUPERACAO""}"
6770,2026-01-01T00:11:40+00:00,temperature_evaporator,Temperatura do evaporador,SENSORES,-2.3008574320970476,°C,VÁLIDA,SIMULADOR,1,"{""controller"": ""VIRTUAL_REFRIGERATION_MACHINE"", ""scenario_id"": ""CEN-ACE657BB"", ""execution_id"": ""EXE-BFCFF6663361"", ""session_id"": ""DIA-9A50C74283C8"", ""seed"": 1, ""machine_state"": ""RECUPERACAO""}"
6771,2026-01-01T00:11:40+00:00,pressure_suction,Pressão de sucção,SENSORES,20.000054143186656,psi,VÁLIDA,SIMULADOR,1,"{""controller"": ""VIRTUAL_REFRIGERATION_MACHINE"", ""scenario_id"": ""CEN-ACE657BB"", ""execution_id"": ""EXE-BFCFF6663361"", ""session_id"": ""DIA-9A50C74283C8"", ""seed"": 1, ""machine_state"": ""RECUPERACAO""}"
6772,2026-01-01T00:11:40+00:00,pressure_discharge,Pressão de descarga,SENSORES,244.9998789961419,psi,VÁLIDA,SIMULADOR,1,"{""controller"": ""VIRTUAL_REFRIGERATION_MACHINE"", ""scenario_id"": ""CEN-ACE657BB"", ""execution_id"": ""EXE-BFCFF6663361"", ""session_id"": ""DIA-9A50C74283C8"", ""seed"": 1, ""machine_state"": ""RECUPERACAO""}"
6773,2026-01-01T00:11:40+00:00,compressor_command,Comando do compressor,I/O,1.0,bool,VÁLIDA,SIMULADOR,1,"{""controller"": ""VIRTUAL_REFRIGERATION_MACHINE"", ""scenario_id"": ""CEN-ACE657BB"", ""execution_id"": ""EXE-BFCFF6663361"", ""session_id"": ""DIA-9A50C74283C8"", ""seed"": 1, ""machine_state"": ""RECUPERACAO""}"
6774,2026-01-01T00:11:40+00:00,compressor,Estado do compressor,I/O,1.0,bool,VÁLIDA,SIMULADOR,1,"{""controller"": ""VIRTUAL_REFRIGERATION_MACHINE"", ""scenario_id"": ""CEN-ACE657BB"", ""execution_id"": ""EXE-BFCFF6663361"", ""session_id"": ""DIA-9A50C74283C8"", ""seed"": 1, ""machine_state"": ""RECUPERACAO""}"
6775,2026-01-01T00:11:40+00:00,evaporator_fan,Ventilador evaporador,I/O,1.0,bool,VÁLIDA,SIMULADOR,1,"{""controller"": ""VIRTUAL_REFRIGERATION_MACHINE"", ""scenario_id"": ""CEN-ACE657BB"", ""execution_id"": ""EXE-BFCFF6663361"", ""session_id"": ""DIA-9A50C74283C8"", ""seed"": 1, ""machine_state"": ""RECUPERACAO""}"
6776,2026-01-01T00:11:40+00:00,condenser_fan,Ventilador condensador,I/O,1.0,bool,VÁLIDA,SIMULADOR,1,"{""controller"": ""VIRTUAL_REFRIGERATION_MACHINE"", ""scenario_id"": ""CEN-ACE657BB"", ""execution_id"": ""EXE-BFCFF6663361"", ""session_id"": ""DIA-9A50C74283C8"", ""seed"": 1, ""machine_state"": ""RECUPERACAO""}"
6777,2026-01-01T00:11:40+00:00,defrost,Degelo,I/O,0.0,bool,VÁLIDA,SIMULADOR,1,"{""controller"": ""VIRTUAL_REFRIGERATION_MACHINE"", ""scenario_id"": ""CEN-ACE657BB"", ""execution_id"": ""EXE-BFCFF6663361"", ""session_id"": ""DIA-9A50C74283C8"", ""seed"": 1, ""machine_state"": ""RECUPERACAO""}"
6778,2026-01-01T00:11:40+00:00,dripping,Gotejamento,I/O,0.0,bool,VÁLIDA,SIMULADOR,1,"{""controller"": ""VIRTUAL_REFRIGERATION_MACHINE"", ""scenario_id"": ""CEN-ACE657BB"", ""execution_id"": ""EXE-BFCFF6663361"", ""session_id"": ""DIA-9A50C74283C8"", ""seed"": 1, ""machine_state"": ""RECUPERACAO""}"
6779,2026-01-01T00:11:40+00:00,communication,Comunicação simulada,COMUNICAÇÃO,1.0,bool,VÁLIDA,SIMULADOR,1,"{""controller"": ""VIRTUAL_REFRIGERATION_MACHINE"", ""scenario_id"": ""CEN-ACE657BB"", ""execution_id"": ""EXE-BFCFF6663361"", ""session_id"": ""DIA-9A50C74283C8"", ""seed"": 1, ""machine_state"": ""RECUPERACAO""}"
6780,2026-01-01T00:11:40+00:00,current_total,Corrente total da máquina,MEDIÇÃO ELÉTRICA,18.988,A,VÁLIDA,SIMULADOR,1,"{""controller"": ""VIRTUAL_REFRIGERATION_MACHINE"", ""scenario_id"": ""CEN-ACE657BB"", ""execution_id"": ""EXE-BFCFF6663361"", ""session_id"": ""DIA-9A50C74283C8"", ""seed"": 1, ""instrument"": ""EM210 #1 - TOTAL""}"
6781,2026-01-01T00:11:40+00:00,current_compressor,Corrente do compressor,MEDIÇÃO ELÉTRICA,12.005,A,VÁLIDA,SIMULADOR,1,"{""controller"": ""VIRTUAL_REFRIGERATION_MACHINE"", ""scenario_id"": ""CEN-ACE657BB"", ""execution_id"": ""EXE-BFCFF6663361"", ""session_id"": ""DIA-9A50C74283C8"", ""seed"": 1, ""instrument"": ""EM210 #2 - COMPRESSOR""}"
6782,2026-01-01T00:11:40+00:00,current_l1,Corrente L1,MEDIÇÃO ELÉTRICA,6.332,A,VÁLIDA,SIMULADOR,1,"{""controller"": ""VIRTUAL_REFRIGERATION_MACHINE"", ""scenario_id"": ""CEN-ACE657BB"", ""execution_id"": ""EXE-BFCFF6663361"", ""session_id"": ""DIA-9A50C74283C8"", ""seed"": 1, ""instrument"": ""EM210 #1 - TOTAL""}"
6783,2026-01-01T00:11:40+00:00,current_l2,Corrente L2,MEDIÇÃO ELÉTRICA,6.35,A,VÁLIDA,SIMULADOR,1,"{""controller"": ""VIRTUAL_REFRIGERATION_MACHINE"", ""scenario_id"": ""CEN-ACE657BB"", ""execution_id"": ""EXE-BFCFF6663361"", ""session_id"": ""DIA-9A50C74283C8"", ""seed"": 1, ""instrument"": ""EM210 #1 - TOTAL""}"
6784,2026-01-01T00:11:40+00:00,current_l3,Corrente L3,MEDIÇÃO ELÉTRICA,6.352,A,VÁLIDA,SIMULADOR,1,"{""controller"": ""VIRTUAL_REFRIGERATION_MACHINE"", ""scenario_id"": ""CEN-ACE657BB"", ""execution_id"": ""EXE-BFCFF6663361"", ""session_id"": ""DIA-9A50C74283C8"", ""seed"": 1, ""instrument"": ""EM210 #1 - TOTAL""}"
6785,2026-01-01T00:00:05+00:00,temperature_chamber,Temperatura da câmara,SENSORES,8.04,°C,VÁLIDA,SIMULADOR,1,"{""controller"": ""VIRTUAL_REFRIGERATION_MACHINE"", ""scenario_id"": ""CEN-898FD1F4"", ""execution_id"": ""EXE-A8A8B81C561A"", ""session_id"": ""DIA-9C29BDB7306B"", ""seed"": 1, ""machine_state"": ""PARADA""}"
6786,2026-01-01T00:00:05+00:00,temperature_evaporator,Temperatura do evaporador,SENSORES,6.102,°C,VÁLIDA,SIMULADOR,1,"{""controller"": ""VIRTUAL_REFRIGERATION_MACHINE"", ""scenario_id"": ""CEN-898FD1F4"", ""execution_id"": ""EXE-A8A8B81C561A"", ""session_id"": ""DIA-9C29BDB7306B"", ""seed"": 1, ""machine_state"": ""PARADA""}"
6787,2026-01-01T00:00:05+00:00,pressure_suction,Pressão de sucção,SENSORES,90.0,psi,VÁLIDA,SIMULADOR,1,"{""controller"": ""VIRTUAL_REFRIGERATION_MACHINE"", ""scenario_id"": ""CEN-898FD1F4"", ""execution_id"": ""EXE-A8A8B81C561A"", ""session_id"": ""DIA-9C29BDB7306B"", ""seed"": 1, ""machine_state"": ""PARADA""}"
6788,2026-01-01T00:00:05+00:00,pressure_discharge,Pressão de descarga,SENSORES,90.0,psi,VÁLIDA,SIMULADOR,1,"{""controller"": ""VIRTUAL_REFRIGERATION_MACHINE"", ""scenario_id"": ""CEN-898FD1F4"", ""execution_id"": ""EXE-A8A8B81C561A"", ""session_id"": ""DIA-9C29BDB7306B"", ""seed"": 1, ""machine_state"": ""PARADA""}"
6789,2026-01-01T00:00:05+00:00,compressor_command,Comando do compressor,I/O,0.0,bool,VÁLIDA,SIMULADOR,1,"{""controller"": ""VIRTUAL_REFRIGERATION_MACHINE"", ""scenario_id"": ""CEN-898FD1F4"", ""execution_id"": ""EXE-A8A8B81C561A"", ""session_id"": ""DIA-9C29BDB7306B"", ""seed"": 1, ""machine_state"": ""PARADA""}"
6790,2026-01-01T00:00:05+00:00,compressor,Estado do compressor,I/O,0.0,bool,VÁLIDA,SIMULADOR,1,"{""controller"": ""VIRTUAL_REFRIGERATION_MACHINE"", ""scenario_id"": ""CEN-898FD1F4"", ""execution_id"": ""EXE-A8A8B81C561A"", ""session_id"": ""DIA-9C29BDB7306B"", ""seed"": 1, ""machine_state"": ""PARADA""}"
6791,2026-01-01T00:00:05+00:00,evaporator_fan,Ventilador evaporador,I/O,0.0,bool,VÁLIDA,SIMULADOR,1,"{""controller"": ""VIRTUAL_REFRIGERATION_MACHINE"", ""scenario_id"": ""CEN-898FD1F4"", ""execution_id"": ""EXE-A8A8B81C561A"", ""session_id"": ""DIA-9C29BDB7306B"", ""seed"": 1, ""machine_state"": ""PARADA""}"
6792,2026-01-01T00:00:05+00:00,condenser_fan,Ventilador condensador,I/O,0.0,bool,VÁLIDA,SIMULADOR,1,"{""controller"": ""VIRTUAL_REFRIGERATION_MACHINE"", ""scenario_id"": ""CEN-898FD1F4"", ""execution_id"": ""EXE-A8A8B81C561A"", ""session_id"": ""DIA-9C29BDB7306B"", ""seed"": 1, ""machine_state"": ""PARADA""}"
6793,2026-01-01T00:00:05+00:00,defrost,Degelo,I/O,0.0,bool,VÁLIDA,SIMULADOR,1,"{""controller"": ""VIRTUAL_REFRIGERATION_MACHINE"", ""scenario_id"": ""CEN-898FD1F4"", ""execution_id"": ""EXE-A8A8B81C561A"", ""session_id"": ""DIA-9C29BDB7306B"", ""seed"": 1, ""machine_state"": ""PARADA""}"
6794,2026-01-01T00:00:05+00:00,dripping,Gotejamento,I/O,0.0,bool,VÁLIDA,SIMULADOR,1,"{""controller"": ""VIRTUAL_REFRIGERATION_MACHINE"", ""scenario_id"": ""CEN-898FD1F4"", ""execution_id"": ""EXE-A8A8B81C561A"", ""session_id"": ""DIA-9C29BDB7306B"", ""seed"": 1, ""machine_state"": ""PARADA""}"
6795,2026-01-01T00:00:05+00:00,communication,Comunicação simulada,COMUNICAÇÃO,1.0,bool,VÁLIDA,SIMULADOR,1,"{""controller"": ""VIRTUAL_REFRIGERATION_MACHINE"", ""scenario_id"": ""CEN-898FD1F4"", ""execution_id"": ""EXE-A8A8B81C561A"", ""session_id"": ""DIA-9C29BDB7306B"", ""seed"": 1, ""machine_state"": ""PARADA""}"
6796,2026-01-01T00:00:05+00:00,current_total,Corrente total da máquina,MEDIÇÃO ELÉTRICA,0.162,A,VÁLIDA,SIMULADOR,1,"{""controller"": ""VIRTUAL_REFRIGERATION_MACHINE"", ""scenario_id"": ""CEN-898FD1F4"", ""execution_id"": ""EXE-A8A8B81C561A"", ""session_id"": ""DIA-9C29BDB7306B"", ""seed"": 1, ""instrument"": ""EM210 #1 - TOTAL""}"
6797,2026-01-01T00:00:05+00:00,current_compressor,Corrente do compressor,MEDIÇÃO ELÉTRICA,0.132,A,VÁLIDA,SIMULADOR,1,"{""controller"": ""VIRTUAL_REFRIGERATION_MACHINE"", ""scenario_id"": ""CEN-898FD1F4"", ""execution_id"": ""EXE-A8A8B81C561A"", ""session_id"": ""DIA-9C29BDB7306B"", ""seed"": 1, ""instrument"": ""EM210 #2 - COMPRESSOR""}"
6798,2026-01-01T00:00:05+00:00,current_l1,Corrente L1,MEDIÇÃO ELÉTRICA,0.06,A,VÁLIDA,SIMULADOR,1,"{""controller"": ""VIRTUAL_REFRIGERATION_MACHINE"", ""scenario_id"": ""CEN-898FD1F4"", ""execution_id"": ""EXE-A8A8B81C561A"", ""session_id"": ""DIA-9C29BDB7306B"", ""seed"": 1, ""instrument"": ""EM210 #1 - TOTAL""}"
6799,2026-01-01T00:00:05+00:00,current_l2,Corrente L2,MEDIÇÃO ELÉTRICA,0.065,A,VÁLIDA,SIMULADOR,1,"{""controller"": ""VIRTUAL_REFRIGERATION_MACHINE"", ""scenario_id"": ""CEN-898FD1F4"", ""execution_id"": ""EXE-A8A8B81C561A"", ""session_id"": ""DIA-9C29BDB7306B"", ""seed"": 1, ""instrument"": ""EM210 #1 - TOTAL""}"
6800,2026-01-01T00:00:05+00:00,current_l3,Corrente L3,MEDIÇÃO ELÉTRICA,0.034,A,VÁLIDA,SIMULADOR,1,"{""controller"": ""VIRTUAL_REFRIGERATION_MACHINE"", ""scenario_id"": ""CEN-898FD1F4"", ""execution_id"": ""EXE-A8A8B81C561A"", ""session_id"": ""DIA-9C29BDB7306B"", ""seed"": 1, ""instrument"": ""EM210 #1 - TOTAL""}"
6801,2026-01-01T00:00:10+00:00,temperature_chamber,Temperatura da câmara,SENSORES,8.004589678774783,°C,VÁLIDA,SIMULADOR,1,"{""controller"": ""VIRTUAL_REFRIGERATION_MACHINE"", ""scenario_id"": ""CEN-898FD1F4"", ""execution_id"": ""EXE-A8A8B81C561A"", ""session_id"": ""DIA-9C29BDB7306B"", ""seed"": 1, ""machine_state"": ""PARTIDA""}"
6802,2026-01-01T00:00:10+00:00,temperature_evaporator,Temperatura do evaporador,SENSORES,5.995756345441451,°C,VÁLIDA,SIMULADOR,1,"{""controller"": ""VIRTUAL_REFRIGERATION_MACHINE"", ""scenario_id"": ""CEN-898FD1F4"", ""execution_id"": ""EXE-A8A8B81C561A"", ""session_id"": ""DIA-9C29BDB7306B"", ""seed"": 1, ""machine_state"": ""PARTIDA""}"
6803,2026-01-01T00:00:10+00:00,pressure_suction,Pressão de sucção,SENSORES,76.0,psi,VÁLIDA,SIMULADOR,1,"{""controller"": ""VIRTUAL_REFRIGERATION_MACHINE"", ""scenario_id"": ""CEN-898FD1F4"", ""execution_id"": ""EXE-A8A8B81C561A"", ""session_id"": ""DIA-9C29BDB7306B"", ""seed"": 1, ""machine_state"": ""PARTIDA""}"
6804,2026-01-01T00:00:10+00:00,pressure_discharge,Pressão de descarga,SENSORES,121.0,psi,VÁLIDA,SIMULADOR,1,"{""controller"": ""VIRTUAL_REFRIGERATION_MACHINE"", ""scenario_id"": ""CEN-898FD1F4"", ""execution_id"": ""EXE-A8A8B81C561A"", ""session_id"": ""DIA-9C29BDB7306B"", ""seed"": 1, ""machine_state"": ""PARTIDA""}"
6805,2026-01-01T00:00:10+00:00,compressor_command,Comando do compressor,I/O,1.0,bool,VÁLIDA,SIMULADOR,1,"{""controller"": ""VIRTUAL_REFRIGERATION_MACHINE"", ""scenario_id"": ""CEN-898FD1F4"", ""execution_id"": ""EXE-A8A8B81C561A"", ""session_id"": ""DIA-9C29BDB7306B"", ""seed"": 1, ""machine_state"": ""PARTIDA""}"
6806,2026-01-01T00:00:10+00:00,compressor,Estado do compressor,I/O,1.0,bool,VÁLIDA,SIMULADOR,1,"{""controller"": ""VIRTUAL_REFRIGERATION_MACHINE"", ""scenario_id"": ""CEN-898FD1F4"", ""execution_id"": ""EXE-A8A8B81C561A"", ""session_id"": ""DIA-9C29BDB7306B"", ""seed"": 1, ""machine_state"": ""PARTIDA""}"
6807,2026-01-01T00:00:10+00:00,evaporator_fan,Ventilador evaporador,I/O,0.0,bool,VÁLIDA,SIMULADOR,1,"{""controller"": ""VIRTUAL_REFRIGERATION_MACHINE"", ""scenario_id"": ""CEN-898FD1F4"", ""execution_id"": ""EXE-A8A8B81C561A"", ""session_id"": ""DIA-9C29BDB7306B"", ""seed"": 1, ""machine_state"": ""PARTIDA""}"
6808,2026-01-01T00:00:10+00:00,condenser_fan,Ventilador condensador,I/O,0.0,bool,VÁLIDA,SIMULADOR,1,"{""controller"": ""VIRTUAL_REFRIGERATION_MACHINE"", ""scenario_id"": ""CEN-898FD1F4"", ""execution_id"": ""EXE-A8A8B81C561A"", ""session_id"": ""DIA-9C29BDB7306B"", ""seed"": 1, ""machine_state"": ""PARTIDA""}"
6809,2026-01-01T00:00:10+00:00,defrost,Degelo,I/O,0.0,bool,VÁLIDA,SIMULADOR,1,"{""controller"": ""VIRTUAL_REFRIGERATION_MACHINE"", ""scenario_id"": ""CEN-898FD1F4"", ""execution_id"": ""EXE-A8A8B81C561A"", ""session_id"": ""DIA-9C29BDB7306B"", ""seed"": 1, ""machine_state"": ""PARTIDA""}"
6810,2026-01-01T00:00:10+00:00,dripping,Gotejamento,I/O,0.0,bool,VÁLIDA,SIMULADOR,1,"{""controller"": ""VIRTUAL_REFRIGERATION_MACHINE"", ""scenario_id"": ""CEN-898FD1F4"", ""execution_id"": ""EXE-A8A8B81C561A"", ""session_id"": ""DIA-9C29BDB7306B"", ""seed"": 1, ""machine_state"": ""PARTIDA""}"
6811,2026-01-01T00:00:10+00:00,communication,Comunicação simulada,COMUNICAÇÃO,1.0,bool,VÁLIDA,SIMULADOR,1,"{""controller"": ""VIRTUAL_REFRIGERATION_MACHINE"", ""scenario_id"": ""CEN-898FD1F4"", ""execution_id"": ""EXE-A8A8B81C561A"", ""session_id"": ""DIA-9C29BDB7306B"", ""seed"": 1, ""machine_state"": ""PARTIDA""}"
6812,2026-01-01T00:00:10+00:00,current_total,Corrente total da máquina,MEDIÇÃO ELÉTRICA,42.016,A,VÁLIDA,SIMULADOR,1,"{""controller"": ""VIRTUAL_REFRIGERATION_MACHINE"", ""scenario_id"": ""CEN-898FD1F4"", ""execution_id"": ""EXE-A8A8B81C561A"", ""session_id"": ""DIA-9C29BDB7306B"", ""seed"": 1, ""instrument"": ""EM210 #1 - TOTAL""}"
6813,2026-01-01T00:00:10+00:00,current_compressor,Corrente do compressor,MEDIÇÃO ELÉTRICA,42.011,A,VÁLIDA,SIMULADOR,1,"{""controller"": ""VIRTUAL_REFRIGERATION_MACHINE"", ""scenario_id"": ""CEN-898FD1F4"", ""execution_id"": ""EXE-A8A8B81C561A"", ""session_id"": ""DIA-9C29BDB7306B"", ""seed"": 1, ""instrument"": ""EM210 #2 - COMPRESSOR""}"
6814,2026-01-01T00:00:10+00:00,current_l1,Corrente L1,MEDIÇÃO ELÉTRICA,13.996,A,VÁLIDA,SIMULADOR,1,"{""controller"": ""VIRTUAL_REFRIGERATION_MACHINE"", ""scenario_id"": ""CEN-898FD1F4"", ""execution_id"": ""EXE-A8A8B81C561A"", ""session_id"": ""DIA-9C29BDB7306B"", ""seed"": 1, ""instrument"": ""EM210 #1 - TOTAL""}"
6815,2026-01-01T00:00:10+00:00,current_l2,Corrente L2,MEDIÇÃO ELÉTRICA,13.995,A,VÁLIDA,SIMULADOR,1,"{""controller"": ""VIRTUAL_REFRIGERATION_MACHINE"", ""scenario_id"": ""CEN-898FD1F4"", ""execution_id"": ""EXE-A8A8B81C561A"", ""session_id"": ""DIA-9C29BDB7306B"", ""seed"": 1, ""instrument"": ""EM210 #1 - TOTAL""}"
6816,2026-01-01T00:00:10+00:00,current_l3,Corrente L3,MEDIÇÃO ELÉTRICA,14.006,A,VÁLIDA,SIMULADOR,1,"{""controller"": ""VIRTUAL_REFRIGERATION_MACHINE"", ""scenario_id"": ""CEN-898FD1F4"", ""execution_id"": ""EXE-A8A8B81C561A"", ""session_id"": ""DIA-9C29BDB7306B"", ""seed"": 1, ""instrument"": ""EM210 #1 - TOTAL""}"
6817,2026-01-01T00:00:15+00:00,temperature_chamber,Temperatura da câmara,SENSORES,7.966669584010749,°C,VÁLIDA,SIMULADOR,1,"{""controller"": ""VIRTUAL_REFRIGERATION_MACHINE"", ""scenario_id"": ""CEN-898FD1F4"", ""execution_id"": ""EXE-A8A8B81C561A"", ""session_id"": ""DIA-9C29BDB7306B"", ""seed"": 1, ""machine_state"": ""PARTIDA""}"
6818,2026-01-01T00:00:15+00:00,temperature_evaporator,Temperatura do evaporador,SENSORES,5.887002917344082,°C,VÁLIDA,SIMULADOR,1,"{""controller"": ""VIRTUAL_REFRIGERATION_MACHINE"", ""scenario_id"": ""CEN-898FD1F4"", ""execution_id"": ""EXE-A8A8B81C561A"", ""session_id"": ""DIA-9C29BDB7306B"", ""seed"": 1, ""machine_state"": ""PARTIDA""}"
6819,2026-01-01T00:00:15+00:00,pressure_suction,Pressão de sucção,SENSORES,64.8,psi,VÁLIDA,SIMULADOR,1,"{""controller"": ""VIRTUAL_REFRIGERATION_MACHINE"", ""scenario_id"": ""CEN-898FD1F4"", ""execution_id"": ""EXE-A8A8B81C561A"", ""session_id"": ""DIA-9C29BDB7306B"", ""seed"": 1, ""machine_state"": ""PARTIDA""}"
6820,2026-01-01T00:00:15+00:00,pressure_discharge,Pressão de descarga,SENSORES,145.8,psi,VÁLIDA,SIMULADOR,1,"{""controller"": ""VIRTUAL_REFRIGERATION_MACHINE"", ""scenario_id"": ""CEN-898FD1F4"", ""execution_id"": ""EXE-A8A8B81C561A"", ""session_id"": ""DIA-9C29BDB7306B"", ""seed"": 1, ""machine_state"": ""PARTIDA""}"
6821,2026-01-01T00:00:15+00:00,compressor_command,Comando do compressor,I/O,1.0,bool,VÁLIDA,SIMULADOR,1,"{""controller"": ""VIRTUAL_REFRIGERATION_MACHINE"", ""scenario_id"": ""CEN-898FD1F4"", ""execution_id"": ""EXE-A8A8B81C561A"", ""session_id"": ""DIA-9C29BDB7306B"", ""seed"": 1, ""machine_state"": ""PARTIDA""}"
6822,2026-01-01T00:00:15+00:00,compressor,Estado do compressor,I/O,1.0,bool,VÁLIDA,SIMULADOR,1,"{""controller"": ""VIRTUAL_REFRIGERATION_MACHINE"", ""scenario_id"": ""CEN-898FD1F4"", ""execution_id"": ""EXE-A8A8B81C561A"", ""session_id"": ""DIA-9C29BDB7306B"", ""seed"": 1, ""machine_state"": ""PARTIDA""}"
6823,2026-01-01T00:00:15+00:00,evaporator_fan,Ventilador evaporador,I/O,0.0,bool,VÁLIDA,SIMULADOR,1,"{""controller"": ""VIRTUAL_REFRIGERATION_MACHINE"", ""scenario_id"": ""CEN-898FD1F4"", ""execution_id"": ""EXE-A8A8B81C561A"", ""session_id"": ""DIA-9C29BDB7306B"", ""seed"": 1, ""machine_state"": ""PARTIDA""}"
6824,2026-01-01T00:00:15+00:00,condenser_fan,Ventilador condensador,I/O,0.0,bool,VÁLIDA,SIMULADOR,1,"{""controller"": ""VIRTUAL_REFRIGERATION_MACHINE"", ""scenario_id"": ""CEN-898FD1F4"", ""execution_id"": ""EXE-A8A8B81C561A"", ""session_id"": ""DIA-9C29BDB7306B"", ""seed"": 1, ""machine_state"": ""PARTIDA""}"
6825,2026-01-01T00:00:15+00:00,defrost,Degelo,I/O,0.0,bool,VÁLIDA,SIMULADOR,1,"{""controller"": ""VIRTUAL_REFRIGERATION_MACHINE"", ""scenario_id"": ""CEN-898FD1F4"", ""execution_id"": ""EXE-A8A8B81C561A"", ""session_id"": ""DIA-9C29BDB7306B"", ""seed"": 1, ""machine_state"": ""PARTIDA""}"
6826,2026-01-01T00:00:15+00:00,dripping,Gotejamento,I/O,0.0,bool,VÁLIDA,SIMULADOR,1,"{""controller"": ""VIRTUAL_REFRIGERATION_MACHINE"", ""scenario_id"": ""CEN-898FD1F4"", ""execution_id"": ""EXE-A8A8B81C561A"", ""session_id"": ""DIA-9C29BDB7306B"", ""seed"": 1, ""machine_state"": ""PARTIDA""}"
6827,2026-01-01T00:00:15+00:00,communication,Comunicação simulada,COMUNICAÇÃO,1.0,bool,VÁLIDA,SIMULADOR,1,"{""controller"": ""VIRTUAL_REFRIGERATION_MACHINE"", ""scenario_id"": ""CEN-898FD1F4"", ""execution_id"": ""EXE-A8A8B81C561A"", ""session_id"": ""DIA-9C29BDB7306B"", ""seed"": 1, ""machine_state"": ""PARTIDA""}"
6828,2026-01-01T00:00:15+00:00,current_total,Corrente total da máquina,MEDIÇÃO ELÉTRICA,41.996,A,VÁLIDA,SIMULADOR,1,"{""controller"": ""VIRTUAL_REFRIGERATION_MACHINE"", ""scenario_id"": ""CEN-898FD1F4"", ""execution_id"": ""EXE-A8A8B81C561A"", ""session_id"": ""DIA-9C29BDB7306B"", ""seed"": 1, ""instrument"": ""EM210 #1 - TOTAL""}"
6829,2026-01-01T00:00:15+00:00,current_compressor,Corrente do compressor,MEDIÇÃO ELÉTRICA,42.003,A,VÁLIDA,SIMULADOR,1,"{""controller"": ""VIRTUAL_REFRIGERATION_MACHINE"", ""scenario_id"": ""CEN-898FD1F4"", ""execution_id"": ""EXE-A8A8B81C561A"", ""session_id"": ""DIA-9C29BDB7306B"", ""seed"": 1, ""instrument"": ""EM210 #2 - COMPRESSOR""}"
6830,2026-01-01T00:00:15+00:00,current_l1,Corrente L1,MEDIÇÃO ELÉTRICA,14.004,A,VÁLIDA,SIMULADOR,1,"{""controller"": ""VIRTUAL_REFRIGERATION_MACHINE"", ""scenario_id"": ""CEN-898FD1F4"", ""execution_id"": ""EXE-A8A8B81C561A"", ""session_id"": ""DIA-9C29BDB7306B"", ""seed"": 1, ""instrument"": ""EM210 #1 - TOTAL""}"
6831,2026-01-01T00:00:15+00:00,current_l2,Corrente L2,MEDIÇÃO ELÉTRICA,13.982,A,VÁLIDA,SIMULADOR,1,"{""controller"": ""VIRTUAL_REFRIGERATION_MACHINE"", ""scenario_id"": ""CEN-898FD1F4"", ""execution_id"": ""EXE-A8A8B81C561A"", ""session_id"": ""DIA-9C29BDB7306B"", ""seed"": 1, ""instrument"": ""EM210 #1 - TOTAL""}"
6832,2026-01-01T00:00:15+00:00,current_l3,Corrente L3,MEDIÇÃO ELÉTRICA,14.009,A,VÁLIDA,SIMULADOR,1,"{""controller"": ""VIRTUAL_REFRIGERATION_MACHINE"", ""scenario_id"": ""CEN-898FD1F4"", ""execution_id"": ""EXE-A8A8B81C561A"", ""session_id"": ""DIA-9C29BDB7306B"", ""seed"": 1, ""instrument"": ""EM210 #1 - TOTAL""}"
6833,2026-01-01T00:00:20+00:00,temperature_chamber,Temperatura da câmara,SENSORES,7.913488321449598,°C,VÁLIDA,SIMULADOR,1,"{""controller"": ""VIRTUAL_REFRIGERATION_MACHINE"", ""scenario_id"": ""CEN-898FD1F4"", ""execution_id"": ""EXE-A8A8B81C561A"", ""session_id"": ""DIA-9C29BDB7306B"", ""seed"": 1, ""machine_state"": ""RESFRIAMENTO""}"
6834,2026-01-01T00:00:20+00:00,temperature_evaporator,Temperatura do evaporador,SENSORES,5.7629883214495985,°C,VÁLIDA,SIMULADOR,1,"{""controller"": ""VIRTUAL_REFRIGERATION_MACHINE"", ""scenario_id"": ""CEN-898FD1F4"", ""execution_id"": ""EXE-A8A8B81C561A"", ""session_id"": ""DIA-9C29BDB7306B"", ""seed"": 1, ""machine_state"": ""RESFRIAMENTO""}"
6835,2026-01-01T00:00:20+00:00,pressure_suction,Pressão de sucção,SENSORES,55.839999999999996,psi,VÁLIDA,SIMULADOR,1,"{""controller"": ""VIRTUAL_REFRIGERATION_MACHINE"", ""scenario_id"": ""CEN-898FD1F4"", ""execution_id"": ""EXE-A8A8B81C561A"", ""session_id"": ""DIA-9C29BDB7306B"", ""seed"": 1, ""machine_state"": ""RESFRIAMENTO""}"
6836,2026-01-01T00:00:20+00:00,pressure_discharge,Pressão de descarga,SENSORES,165.64000000000001,psi,VÁLIDA,SIMULADOR,1,"{""controller"": ""VIRTUAL_REFRIGERATION_MACHINE"", ""scenario_id"": ""CEN-898FD1F4"", ""execution_id"": ""EXE-A8A8B81C561A"", ""session_id"": ""DIA-9C29BDB7306B"", ""seed"": 1, ""machine_state"": ""RESFRIAMENTO""}"
6837,2026-01-01T00:00:20+00:00,compressor_command,Comando do compressor,I/O,1.0,bool,VÁLIDA,SIMULADOR,1,"{""controller"": ""VIRTUAL_REFRIGERATION_MACHINE"", ""scenario_id"": ""CEN-898FD1F4"", ""execution_id"": ""EXE-A8A8B81C561A"", ""session_id"": ""DIA-9C29BDB7306B"", ""seed"": 1, ""machine_state"": ""RESFRIAMENTO""}"
6838,2026-01-01T00:00:20+00:00,compressor,Estado do compressor,I/O,1.0,bool,VÁLIDA,SIMULADOR,1,"{""controller"": ""VIRTUAL_REFRIGERATION_MACHINE"", ""scenario_id"": ""CEN-898FD1F4"", ""execution_id"": ""EXE-A8A8B81C561A"", ""session_id"": ""DIA-9C29BDB7306B"", ""seed"": 1, ""machine_state"": ""RESFRIAMENTO""}"
6839,2026-01-01T00:00:20+00:00,evaporator_fan,Ventilador evaporador,I/O,1.0,bool,VÁLIDA,SIMULADOR,1,"{""controller"": ""VIRTUAL_REFRIGERATION_MACHINE"", ""scenario_id"": ""CEN-898FD1F4"", ""execution_id"": ""EXE-A8A8B81C561A"", ""session_id"": ""DIA-9C29BDB7306B"", ""seed"": 1, ""machine_state"": ""RESFRIAMENTO""}"
6840,2026-01-01T00:00:20+00:00,condenser_fan,Ventilador condensador,I/O,1.0,bool,VÁLIDA,SIMULADOR,1,"{""controller"": ""VIRTUAL_REFRIGERATION_MACHINE"", ""scenario_id"": ""CEN-898FD1F4"", ""execution_id"": ""EXE-A8A8B81C561A"", ""session_id"": ""DIA-9C29BDB7306B"", ""seed"": 1, ""machine_state"": ""RESFRIAMENTO""}"
6841,2026-01-01T00:00:20+00:00,defrost,Degelo,I/O,0.0,bool,VÁLIDA,SIMULADOR,1,"{""controller"": ""VIRTUAL_REFRIGERATION_MACHINE"", ""scenario_id"": ""CEN-898FD1F4"", ""execution_id"": ""EXE-A8A8B81C561A"", ""session_id"": ""DIA-9C29BDB7306B"", ""seed"": 1, ""machine_state"": ""RESFRIAMENTO""}"
6842,2026-01-01T00:00:20+00:00,dripping,Gotejamento,I/O,0.0,bool,VÁLIDA,SIMULADOR,1,"{""controller"": ""VIRTUAL_REFRIGERATION_MACHINE"", ""scenario_id"": ""CEN-898FD1F4"", ""execution_id"": ""EXE-A8A8B81C561A"", ""session_id"": ""DIA-9C29BDB7306B"", ""seed"": 1, ""machine_state"": ""RESFRIAMENTO""}"
6843,2026-01-01T00:00:20+00:00,communication,Comunicação simulada,COMUNICAÇÃO,1.0,bool,VÁLIDA,SIMULADOR,1,"{""controller"": ""VIRTUAL_REFRIGERATION_MACHINE"", ""scenario_id"": ""CEN-898FD1F4"", ""execution_id"": ""EXE-A8A8B81C561A"", ""session_id"": ""DIA-9C29BDB7306B"", ""seed"": 1, ""machine_state"": ""RESFRIAMENTO""}"
6844,2026-01-01T00:00:20+00:00,current_total,Corrente total da máquina,MEDIÇÃO ELÉTRICA,19.008,A,VÁLIDA,SIMULADOR,1,"{""controller"": ""VIRTUAL_REFRIGERATION_MACHINE"", ""scenario_id"": ""CEN-898FD1F4"", ""execution_id"": ""EXE-A8A8B81C561A"", ""session_id"": ""DIA-9C29BDB7306B"", ""seed"": 1, ""instrument"": ""EM210 #1 - TOTAL""}"
6845,2026-01-01T00:00:20+00:00,current_compressor,Corrente do compressor,MEDIÇÃO ELÉTRICA,12.017,A,VÁLIDA,SIMULADOR,1,"{""controller"": ""VIRTUAL_REFRIGERATION_MACHINE"", ""scenario_id"": ""CEN-898FD1F4"", ""execution_id"": ""EXE-A8A8B81C561A"", ""session_id"": ""DIA-9C29BDB7306B"", ""seed"": 1, ""instrument"": ""EM210 #2 - COMPRESSOR""}"
6846,2026-01-01T00:00:20+00:00,current_l1,Corrente L1,MEDIÇÃO ELÉTRICA,6.342,A,VÁLIDA,SIMULADOR,1,"{""controller"": ""VIRTUAL_REFRIGERATION_MACHINE"", ""scenario_id"": ""CEN-898FD1F4"", ""execution_id"": ""EXE-A8A8B81C561A"", ""session_id"": ""DIA-9C29BDB7306B"", ""seed"": 1, ""instrument"": ""EM210 #1 - TOTAL""}"
6847,2026-01-01T00:00:20+00:00,current_l2,Corrente L2,MEDIÇÃO ELÉTRICA,6.34,A,VÁLIDA,SIMULADOR,1,"{""controller"": ""VIRTUAL_REFRIGERATION_MACHINE"", ""scenario_id"": ""CEN-898FD1F4"", ""execution_id"": ""EXE-A8A8B81C561A"", ""session_id"": ""DIA-9C29BDB7306B"", ""seed"": 1, ""instrument"": ""EM210 #1 - TOTAL""}"
6848,2026-01-01T00:00:20+00:00,current_l3,Corrente L3,MEDIÇÃO ELÉTRICA,6.343,A,VÁLIDA,SIMULADOR,1,"{""controller"": ""VIRTUAL_REFRIGERATION_MACHINE"", ""scenario_id"": ""CEN-898FD1F4"", ""execution_id"": ""EXE-A8A8B81C561A"", ""session_id"": ""DIA-9C29BDB7306B"", ""seed"": 1, ""instrument"": ""EM210 #1 - TOTAL""}"
6849,2026-01-01T00:00:25+00:00,temperature_chamber,Temperatura da câmara,SENSORES,7.867518040729022,°C,VÁLIDA,SIMULADOR,1,"{""controller"": ""VIRTUAL_REFRIGERATION_MACHINE"", ""scenario_id"": ""CEN-898FD1F4"", ""execution_id"": ""EXE-A8A8B81C561A"", ""session_id"": ""DIA-9C29BDB7306B"", ""seed"": 1, ""machine_state"": ""RESFRIAMENTO""}"
6850,2026-01-01T00:00:25+00:00,temperature_evaporator,Temperatura do evaporador,SENSORES,5.64618470739569,°C,VÁLIDA,SIMULADOR,1,"{""controller"": ""VIRTUAL_REFRIGERATION_MACHINE"", ""scenario_id"": ""CEN-898FD1F4"", ""execution_id"": ""EXE-A8A8B81C561A"", ""session_id"": ""DIA-9C29BDB7306B"", ""seed"": 1, ""machine_state"": ""RESFRIAMENTO""}"
6851,2026-01-01T00:00:25+00:00,pressure_suction,Pressão de sucção,SENSORES,48.672,psi,VÁLIDA,SIMULADOR,1,"{""controller"": ""VIRTUAL_REFRIGERATION_MACHINE"", ""scenario_id"": ""CEN-898FD1F4"", ""execution_id"": ""EXE-A8A8B81C561A"", ""session_id"": ""DIA-9C29BDB7306B"", ""seed"": 1, ""machine_state"": ""RESFRIAMENTO""}"
6852,2026-01-01T00:00:25+00:00,pressure_discharge,Pressão de descarga,SENSORES,181.512,psi,VÁLIDA,SIMULADOR,1,"{""controller"": ""VIRTUAL_REFRIGERATION_MACHINE"", ""scenario_id"": ""CEN-898FD1F4"", ""execution_id"": ""EXE-A8A8B81C561A"", ""session_id"": ""DIA-9C29BDB7306B"", ""seed"": 1, ""machine_state"": ""RESFRIAMENTO""}"
6853,2026-01-01T00:00:25+00:00,compressor_command,Comando do compressor,I/O,1.0,bool,VÁLIDA,SIMULADOR,1,"{""controller"": ""VIRTUAL_REFRIGERATION_MACHINE"", ""scenario_id"": ""CEN-898FD1F4"", ""execution_id"": ""EXE-A8A8B81C561A"", ""session_id"": ""DIA-9C29BDB7306B"", ""seed"": 1, ""machine_state"": ""RESFRIAMENTO""}"
6854,2026-01-01T00:00:25+00:00,compressor,Estado do compressor,I/O,1.0,bool,VÁLIDA,SIMULADOR,1,"{""controller"": ""VIRTUAL_REFRIGERATION_MACHINE"", ""scenario_id"": ""CEN-898FD1F4"", ""execution_id"": ""EXE-A8A8B81C561A"", ""session_id"": ""DIA-9C29BDB7306B"", ""seed"": 1, ""machine_state"": ""RESFRIAMENTO""}"
6855,2026-01-01T00:00:25+00:00,evaporator_fan,Ventilador evaporador,I/O,1.0,bool,VÁLIDA,SIMULADOR,1,"{""controller"": ""VIRTUAL_REFRIGERATION_MACHINE"", ""scenario_id"": ""CEN-898FD1F4"", ""execution_id"": ""EXE-A8A8B81C561A"", ""session_id"": ""DIA-9C29BDB7306B"", ""seed"": 1, ""machine_state"": ""RESFRIAMENTO""}"
6856,2026-01-01T00:00:25+00:00,condenser_fan,Ventilador condensador,I/O,1.0,bool,VÁLIDA,SIMULADOR,1,"{""controller"": ""VIRTUAL_REFRIGERATION_MACHINE"", ""scenario_id"": ""CEN-898FD1F4"", ""execution_id"": ""EXE-A8A8B81C561A"", ""session_id"": ""DIA-9C29BDB7306B"", ""seed"": 1, ""machine_state"": ""RESFRIAMENTO""}"
6857,2026-01-01T00:00:25+00:00,defrost,Degelo,I/O,0.0,bool,VÁLIDA,SIMULADOR,1,"{""controller"": ""VIRTUAL_REFRIGERATION_MACHINE"", ""scenario_id"": ""CEN-898FD1F4"", ""execution_id"": ""EXE-A8A8B81C561A"", ""session_id"": ""DIA-9C29BDB7306B"", ""seed"": 1, ""machine_state"": ""RESFRIAMENTO""}"
6858,2026-01-01T00:00:25+00:00,dripping,Gotejamento,I/O,0.0,bool,VÁLIDA,SIMULADOR,1,"{""controller"": ""VIRTUAL_REFRIGERATION_MACHINE"", ""scenario_id"": ""CEN-898FD1F4"", ""execution_id"": ""EXE-A8A8B81C561A"", ""session_id"": ""DIA-9C29BDB7306B"", ""seed"": 1, ""machine_state"": ""RESFRIAMENTO""}"
6859,2026-01-01T00:00:25+00:00,communication,Comunicação simulada,COMUNICAÇÃO,1.0,bool,VÁLIDA,SIMULADOR,1,"{""controller"": ""VIRTUAL_REFRIGERATION_MACHINE"", ""scenario_id"": ""CEN-898FD1F4"", ""execution_id"": ""EXE-A8A8B81C561A"", ""session_id"": ""DIA-9C29BDB7306B"", ""seed"": 1, ""machine_state"": ""RESFRIAMENTO""}"
6860,2026-01-01T00:00:25+00:00,current_total,Corrente total da máquina,MEDIÇÃO ELÉTRICA,18.988,A,VÁLIDA,SIMULADOR,1,"{""controller"": ""VIRTUAL_REFRIGERATION_MACHINE"", ""scenario_id"": ""CEN-898FD1F4"", ""execution_id"": ""EXE-A8A8B81C561A"", ""session_id"": ""DIA-9C29BDB7306B"", ""seed"": 1, ""instrument"": ""EM210 #1 - TOTAL""}"
6861,2026-01-01T00:00:25+00:00,current_compressor,Corrente do compressor,MEDIÇÃO ELÉTRICA,12.0,A,VÁLIDA,SIMULADOR,1,"{""controller"": ""VIRTUAL_REFRIGERATION_MACHINE"", ""scenario_id"": ""CEN-898FD1F4"", ""execution_id"": ""EXE-A8A8B81C561A"", ""session_id"": ""DIA-9C29BDB7306B"", ""seed"": 1, ""instrument"": ""EM210 #2 - COMPRESSOR""}"
6862,2026-01-01T00:00:25+00:00,current_l1,Corrente L1,MEDIÇÃO ELÉTRICA,6.349,A,VÁLIDA,SIMULADOR,1,"{""controller"": ""VIRTUAL_REFRIGERATION_MACHINE"", ""scenario_id"": ""CEN-898FD1F4"", ""execution_id"": ""EXE-A8A8B81C561A"", ""session_id"": ""DIA-9C29BDB7306B"", ""seed"": 1, ""instrument"": ""EM210 #1 - TOTAL""}"
6863,2026-01-01T00:00:25+00:00,current_l2,Corrente L2,MEDIÇÃO ELÉTRICA,6.35,A,VÁLIDA,SIMULADOR,1,"{""controller"": ""VIRTUAL_REFRIGERATION_MACHINE"", ""scenario_id"": ""CEN-898FD1F4"", ""execution_id"": ""EXE-A8A8B81C561A"", ""session_id"": ""DIA-9C29BDB7306B"", ""seed"": 1, ""instrument"": ""EM210 #1 - TOTAL""}"
6864,2026-01-01T00:00:25+00:00,current_l3,Corrente L3,MEDIÇÃO ELÉTRICA,6.314,A,VÁLIDA,SIMULADOR,1,"{""controller"": ""VIRTUAL_REFRIGERATION_MACHINE"", ""scenario_id"": ""CEN-898FD1F4"", ""execution_id"": ""EXE-A8A8B81C561A"", ""session_id"": ""DIA-9C29BDB7306B"", ""seed"": 1, ""instrument"": ""EM210 #1 - TOTAL""}"
6865,2026-01-01T00:00:30+00:00,temperature_chamber,Temperatura da câmara,SENSORES,7.8201694393393515,°C,VÁLIDA,SIMULADOR,1,"{""controller"": ""VIRTUAL_REFRIGERATION_MACHINE"", ""scenario_id"": ""CEN-898FD1F4"", ""execution_id"": ""EXE-A8A8B81C561A"", ""session_id"": ""DIA-9C29BDB7306B"", ""seed"": 1, ""machine_state"": ""RESFRIAMENTO""}"
6866,2026-01-01T00:00:30+00:00,temperature_evaporator,Temperatura do evaporador,SENSORES,5.528002772672686,°C,VÁLIDA,SIMULADOR,1,"{""controller"": ""VIRTUAL_REFRIGERATION_MACHINE"", ""scenario_id"": ""CEN-898FD1F4"", ""execution_id"": ""EXE-A8A8B81C561A"", ""session_id"": ""DIA-9C29BDB7306B"", ""seed"": 1, ""machine_state"": ""RESFRIAMENTO""}"
6867,2026-01-01T00:00:30+00:00,pressure_suction,Pressão de sucção,SENSORES,42.937599999999996,psi,VÁLIDA,SIMULADOR,1,"{""controller"": ""VIRTUAL_REFRIGERATION_MACHINE"", ""scenario_id"": ""CEN-898FD1F4"", ""execution_id"": ""EXE-A8A8B81C561A"", ""session_id"": ""DIA-9C29BDB7306B"", ""seed"": 1, ""machine_state"": ""RESFRIAMENTO""}"
6868,2026-01-01T00:00:30+00:00,pressure_discharge,Pressão de descarga,SENSORES,194.2096,psi,VÁLIDA,SIMULADOR,1,"{""controller"": ""VIRTUAL_REFRIGERATION_MACHINE"", ""scenario_id"": ""CEN-898FD1F4"", ""execution_id"": ""EXE-A8A8B81C561A"", ""session_id"": ""DIA-9C29BDB7306B"", ""seed"": 1, ""machine_state"": ""RESFRIAMENTO""}"
6869,2026-01-01T00:00:30+00:00,compressor_command,Comando do compressor,I/O,1.0,bool,VÁLIDA,SIMULADOR,1,"{""controller"": ""VIRTUAL_REFRIGERATION_MACHINE"", ""scenario_id"": ""CEN-898FD1F4"", ""execution_id"": ""EXE-A8A8B81C561A"", ""session_id"": ""DIA-9C29BDB7306B"", ""seed"": 1, ""machine_state"": ""RESFRIAMENTO""}"
6870,2026-01-01T00:00:30+00:00,compressor,Estado do compressor,I/O,1.0,bool,VÁLIDA,SIMULADOR,1,"{""controller"": ""VIRTUAL_REFRIGERATION_MACHINE"", ""scenario_id"": ""CEN-898FD1F4"", ""execution_id"": ""EXE-A8A8B81C561A"", ""session_id"": ""DIA-9C29BDB7306B"", ""seed"": 1, ""machine_state"": ""RESFRIAMENTO""}"
6871,2026-01-01T00:00:30+00:00,evaporator_fan,Ventilador evaporador,I/O,1.0,bool,VÁLIDA,SIMULADOR,1,"{""controller"": ""VIRTUAL_REFRIGERATION_MACHINE"", ""scenario_id"": ""CEN-898FD1F4"", ""execution_id"": ""EXE-A8A8B81C561A"", ""session_id"": ""DIA-9C29BDB7306B"", ""seed"": 1, ""machine_state"": ""RESFRIAMENTO""}"
6872,2026-01-01T00:00:30+00:00,condenser_fan,Ventilador condensador,I/O,1.0,bool,VÁLIDA,SIMULADOR,1,"{""controller"": ""VIRTUAL_REFRIGERATION_MACHINE"", ""scenario_id"": ""CEN-898FD1F4"", ""execution_id"": ""EXE-A8A8B81C561A"", ""session_id"": ""DIA-9C29BDB7306B"", ""seed"": 1, ""machine_state"": ""RESFRIAMENTO""}"
6873,2026-01-01T00:00:30+00:00,defrost,Degelo,I/O,0.0,bool,VÁLIDA,SIMULADOR,1,"{""controller"": ""VIRTUAL_REFRIGERATION_MACHINE"", ""scenario_id"": ""CEN-898FD1F4"", ""execution_id"": ""EXE-A8A8B81C561A"", ""session_id"": ""DIA-9C29BDB7306B"", ""seed"": 1, ""machine_state"": ""RESFRIAMENTO""}"
6874,2026-01-01T00:00:30+00:00,dripping,Gotejamento,I/O,0.0,bool,VÁLIDA,SIMULADOR,1,"{""controller"": ""VIRTUAL_REFRIGERATION_MACHINE"", ""scenario_id"": ""CEN-898FD1F4"", ""execution_id"": ""EXE-A8A8B81C561A"", ""session_id"": ""DIA-9C29BDB7306B"", ""seed"": 1, ""machine_state"": ""RESFRIAMENTO""}"
6875,2026-01-01T00:00:30+00:00,communication,Comunicação simulada,COMUNICAÇÃO,1.0,bool,VÁLIDA,SIMULADOR,1,"{""controller"": ""VIRTUAL_REFRIGERATION_MACHINE"", ""scenario_id"": ""CEN-898FD1F4"", ""execution_id"": ""EXE-A8A8B81C561A"", ""session_id"": ""DIA-9C29BDB7306B"", ""seed"": 1, ""machine_state"": ""RESFRIAMENTO""}"
6876,2026-01-01T00:00:30+00:00,current_total,Corrente total da máquina,MEDIÇÃO ELÉTRICA,19.015,A,VÁLIDA,SIMULADOR,1,"{""controller"": ""VIRTUAL_REFRIGERATION_MACHINE"", ""scenario_id"": ""CEN-898FD1F4"", ""execution_id"": ""EXE-A8A8B81C561A"", ""session_id"": ""DIA-9C29BDB7306B"", ""seed"": 1, ""instrument"": ""EM210 #1 - TOTAL""}"
6877,2026-01-01T00:00:30+00:00,current_compressor,Corrente do compressor,MEDIÇÃO ELÉTRICA,12.005,A,VÁLIDA,SIMULADOR,1,"{""controller"": ""VIRTUAL_REFRIGERATION_MACHINE"", ""scenario_id"": ""CEN-898FD1F4"", ""execution_id"": ""EXE-A8A8B81C561A"", ""session_id"": ""DIA-9C29BDB7306B"", ""seed"": 1, ""instrument"": ""EM210 #2 - COMPRESSOR""}"
6878,2026-01-01T00:00:30+00:00,current_l1,Corrente L1,MEDIÇÃO ELÉTRICA,6.33,A,VÁLIDA,SIMULADOR,1,"{""controller"": ""VIRTUAL_REFRIGERATION_MACHINE"", ""scenario_id"": ""CEN-898FD1F4"", ""execution_id"": ""EXE-A8A8B81C561A"", ""session_id"": ""DIA-9C29BDB7306B"", ""seed"": 1, ""instrument"": ""EM210 #1 - TOTAL""}"
6879,2026-01-01T00:00:30+00:00,current_l2,Corrente L2,MEDIÇÃO ELÉTRICA,6.319,A,VÁLIDA,SIMULADOR,1,"{""controller"": ""VIRTUAL_REFRIGERATION_MACHINE"", ""scenario_id"": ""CEN-898FD1F4"", ""execution_id"": ""EXE-A8A8B81C561A"", ""session_id"": ""DIA-9C29BDB7306B"", ""seed"": 1, ""instrument"": ""EM210 #1 - TOTAL""}"
6880,2026-01-01T00:00:30+00:00,current_l3,Corrente L3,MEDIÇÃO ELÉTRICA,6.348,A,VÁLIDA,SIMULADOR,1,"{""controller"": ""VIRTUAL_REFRIGERATION_MACHINE"", ""scenario_id"": ""CEN-898FD1F4"", ""execution_id"": ""EXE-A8A8B81C561A"", ""session_id"": ""DIA-9C29BDB7306B"", ""seed"": 1, ""instrument"": ""EM210 #1 - TOTAL""}"
6881,2026-01-01T00:00:35+00:00,temperature_chamber,Temperatura da câmara,SENSORES,7.778883895187701,°C,VÁLIDA,SIMULADOR,1,"{""controller"": ""VIRTUAL_REFRIGERATION_MACHINE"", ""scenario_id"": ""CEN-898FD1F4"", ""execution_id"": ""EXE-A8A8B81C561A"", ""session_id"": ""DIA-9C29BDB7306B"", ""seed"": 1, ""machine_state"": ""RESFRIAMENTO""}"
6882,2026-01-01T00:00:35+00:00,temperature_evaporator,Temperatura do evaporador,SENSORES,5.415883895187702,°C,VÁLIDA,SIMULADOR,1,"{""controller"": ""VIRTUAL_REFRIGERATION_MACHINE"", ""scenario_id"": ""CEN-898FD1F4"", ""execution_id"": ""EXE-A8A8B81C561A"", ""session_id"": ""DIA-9C29BDB7306B"", ""seed"": 1, ""machine_state"": ""RESFRIAMENTO""}"
6883,2026-01-01T00:00:35+00:00,pressure_suction,Pressão de sucção,SENSORES,38.35008,psi,VÁLIDA,SIMULADOR,1,"{""controller"": ""VIRTUAL_REFRIGERATION_MACHINE"", ""scenario_id"": ""CEN-898FD1F4"", ""execution_id"": ""EXE-A8A8B81C561A"", ""session_id"": ""DIA-9C29BDB7306B"", ""seed"": 1, ""machine_state"": ""RESFRIAMENTO""}"
6884,2026-01-01T00:00:35+00:00,pressure_discharge,Pressão de descarga,SENSORES,204.36768,psi,VÁLIDA,SIMULADOR,1,"{""controller"": ""VIRTUAL_REFRIGERATION_MACHINE"", ""scenario_id"": ""CEN-898FD1F4"", ""execution_id"": ""EXE-A8A8B81C561A"", ""session_id"": ""DIA-9C29BDB7306B"", ""seed"": 1, ""machine_state"": ""RESFRIAMENTO""}"
6885,2026-01-01T00:00:35+00:00,compressor_command,Comando do compressor,I/O,1.0,bool,VÁLIDA,SIMULADOR,1,"{""controller"": ""VIRTUAL_REFRIGERATION_MACHINE"", ""scenario_id"": ""CEN-898FD1F4"", ""execution_id"": ""EXE-A8A8B81C561A"", ""session_id"": ""DIA-9C29BDB7306B"", ""seed"": 1, ""machine_state"": ""RESFRIAMENTO""}"
6886,2026-01-01T00:00:35+00:00,compressor,Estado do compressor,I/O,1.0,bool,VÁLIDA,SIMULADOR,1,"{""controller"": ""VIRTUAL_REFRIGERATION_MACHINE"", ""scenario_id"": ""CEN-898FD1F4"", ""execution_id"": ""EXE-A8A8B81C561A"", ""session_id"": ""DIA-9C29BDB7306B"", ""seed"": 1, ""machine_state"": ""RESFRIAMENTO""}"
6887,2026-01-01T00:00:35+00:00,evaporator_fan,Ventilador evaporador,I/O,1.0,bool,VÁLIDA,SIMULADOR,1,"{""controller"": ""VIRTUAL_REFRIGERATION_MACHINE"", ""scenario_id"": ""CEN-898FD1F4"", ""execution_id"": ""EXE-A8A8B81C561A"", ""session_id"": ""DIA-9C29BDB7306B"", ""seed"": 1, ""machine_state"": ""RESFRIAMENTO""}"
6888,2026-01-01T00:00:35+00:00,condenser_fan,Ventilador condensador,I/O,1.0,bool,VÁLIDA,SIMULADOR,1,"{""controller"": ""VIRTUAL_REFRIGERATION_MACHINE"", ""scenario_id"": ""CEN-898FD1F4"", ""execution_id"": ""EXE-A8A8B81C561A"", ""session_id"": ""DIA-9C29BDB7306B"", ""seed"": 1, ""machine_state"": ""RESFRIAMENTO""}"
6889,2026-01-01T00:00:35+00:00,defrost,Degelo,I/O,0.0,bool,VÁLIDA,SIMULADOR,1,"{""controller"": ""VIRTUAL_REFRIGERATION_MACHINE"", ""scenario_id"": ""CEN-898FD1F4"", ""execution_id"": ""EXE-A8A8B81C561A"", ""session_id"": ""DIA-9C29BDB7306B"", ""seed"": 1, ""machine_state"": ""RESFRIAMENTO""}"
6890,2026-01-01T00:00:35+00:00,dripping,Gotejamento,I/O,0.0,bool,VÁLIDA,SIMULADOR,1,"{""controller"": ""VIRTUAL_REFRIGERATION_MACHINE"", ""scenario_id"": ""CEN-898FD1F4"", ""execution_id"": ""EXE-A8A8B81C561A"", ""session_id"": ""DIA-9C29BDB7306B"", ""seed"": 1, ""machine_state"": ""RESFRIAMENTO""}"
6891,2026-01-01T00:00:35+00:00,communication,Comunicação simulada,COMUNICAÇÃO,1.0,bool,VÁLIDA,SIMULADOR,1,"{""controller"": ""VIRTUAL_REFRIGERATION_MACHINE"", ""scenario_id"": ""CEN-898FD1F4"", ""execution_id"": ""EXE-A8A8B81C561A"", ""session_id"": ""DIA-9C29BDB7306B"", ""seed"": 1, ""machine_state"": ""RESFRIAMENTO""}"
6892,2026-01-01T00:00:35+00:00,current_total,Corrente total da máquina,MEDIÇÃO ELÉTRICA,18.99,A,VÁLIDA,SIMULADOR,1,"{""controller"": ""VIRTUAL_REFRIGERATION_MACHINE"", ""scenario_id"": ""CEN-898FD1F4"", ""execution_id"": ""EXE-A8A8B81C561A"", ""session_id"": ""DIA-9C29BDB7306B"", ""seed"": 1, ""instrument"": ""EM210 #1 - TOTAL""}"
6893,2026-01-01T00:00:35+00:00,current_compressor,Corrente do compressor,MEDIÇÃO ELÉTRICA,12.004,A,VÁLIDA,SIMULADOR,1,"{""controller"": ""VIRTUAL_REFRIGERATION_MACHINE"", ""scenario_id"": ""CEN-898FD1F4"", ""execution_id"": ""EXE-A8A8B81C561A"", ""session_id"": ""DIA-9C29BDB7306B"", ""seed"": 1, ""instrument"": ""EM210 #2 - COMPRESSOR""}"
6894,2026-01-01T00:00:35+00:00,current_l1,Corrente L1,MEDIÇÃO ELÉTRICA,6.316,A,VÁLIDA,SIMULADOR,1,"{""controller"": ""VIRTUAL_REFRIGERATION_MACHINE"", ""scenario_id"": ""CEN-898FD1F4"", ""execution_id"": ""EXE-A8A8B81C561A"", ""session_id"": ""DIA-9C29BDB7306B"", ""seed"": 1, ""instrument"": ""EM210 #1 - TOTAL""}"
6895,2026-01-01T00:00:35+00:00,current_l2,Corrente L2,MEDIÇÃO ELÉTRICA,6.336,A,VÁLIDA,SIMULADOR,1,"{""controller"": ""VIRTUAL_REFRIGERATION_MACHINE"", ""scenario_id"": ""CEN-898FD1F4"", ""execution_id"": ""EXE-A8A8B81C561A"", ""session_id"": ""DIA-9C29BDB7306B"", ""seed"": 1, ""instrument"": ""EM210 #1 - TOTAL""}"
6896,2026-01-01T00:00:35+00:00,current_l3,Corrente L3,MEDIÇÃO ELÉTRICA,6.329,A,VÁLIDA,SIMULADOR,1,"{""controller"": ""VIRTUAL_REFRIGERATION_MACHINE"", ""scenario_id"": ""CEN-898FD1F4"", ""execution_id"": ""EXE-A8A8B81C561A"", ""session_id"": ""DIA-9C29BDB7306B"", ""seed"": 1, ""instrument"": ""EM210 #1 - TOTAL""}"
6897,2026-01-01T00:00:40+00:00,temperature_chamber,Temperatura da câmara,SENSORES,7.741712262388433,°C,VÁLIDA,SIMULADOR,1,"{""controller"": ""VIRTUAL_REFRIGERATION_MACHINE"", ""scenario_id"": ""CEN-898FD1F4"", ""execution_id"": ""EXE-A8A8B81C561A"", ""session_id"": ""DIA-9C29BDB7306B"", ""seed"": 1, ""machine_state"": ""RESFRIAMENTO""}"
6898,2026-01-01T00:00:40+00:00,temperature_evaporator,Temperatura do evaporador,SENSORES,5.3078789290551,°C,VÁLIDA,SIMULADOR,1,"{""controller"": ""VIRTUAL_REFRIGERATION_MACHINE"", ""scenario_id"": ""CEN-898FD1F4"", ""execution_id"": ""EXE-A8A8B81C561A"", ""session_id"": ""DIA-9C29BDB7306B"", ""seed"": 1, ""machine_state"": ""RESFRIAMENTO""}"
6899,2026-01-01T00:00:40+00:00,pressure_suction,Pressão de sucção,SENSORES,34.680064,psi,VÁLIDA,SIMULADOR,1,"{""controller"": ""VIRTUAL_REFRIGERATION_MACHINE"", ""scenario_id"": ""CEN-898FD1F4"", ""execution_id"": ""EXE-A8A8B81C561A"", ""session_id"": ""DIA-9C29BDB7306B"", ""seed"": 1, ""machine_state"": ""RESFRIAMENTO""}"
6900,2026-01-01T00:00:40+00:00,pressure_discharge,Pressão de descarga,SENSORES,212.494144,psi,VÁLIDA,SIMULADOR,1,"{""controller"": ""VIRTUAL_REFRIGERATION_MACHINE"", ""scenario_id"": ""CEN-898FD1F4"", ""execution_id"": ""EXE-A8A8B81C561A"", ""session_id"": ""DIA-9C29BDB7306B"", ""seed"": 1, ""machine_state"": ""RESFRIAMENTO""}"
6901,2026-01-01T00:00:40+00:00,compressor_command,Comando do compressor,I/O,1.0,bool,VÁLIDA,SIMULADOR,1,"{""controller"": ""VIRTUAL_REFRIGERATION_MACHINE"", ""scenario_id"": ""CEN-898FD1F4"", ""execution_id"": ""EXE-A8A8B81C561A"", ""session_id"": ""DIA-9C29BDB7306B"", ""seed"": 1, ""machine_state"": ""RESFRIAMENTO""}"
6902,2026-01-01T00:00:40+00:00,compressor,Estado do compressor,I/O,1.0,bool,VÁLIDA,SIMULADOR,1,"{""controller"": ""VIRTUAL_REFRIGERATION_MACHINE"", ""scenario_id"": ""CEN-898FD1F4"", ""execution_id"": ""EXE-A8A8B81C561A"", ""session_id"": ""DIA-9C29BDB7306B"", ""seed"": 1, ""machine_state"": ""RESFRIAMENTO""}"
6903,2026-01-01T00:00:40+00:00,evaporator_fan,Ventilador evaporador,I/O,1.0,bool,VÁLIDA,SIMULADOR,1,"{""controller"": ""VIRTUAL_REFRIGERATION_MACHINE"", ""scenario_id"": ""CEN-898FD1F4"", ""execution_id"": ""EXE-A8A8B81C561A"", ""session_id"": ""DIA-9C29BDB7306B"", ""seed"": 1, ""machine_state"": ""RESFRIAMENTO""}"
6904,2026-01-01T00:00:40+00:00,condenser_fan,Ventilador condensador,I/O,1.0,bool,VÁLIDA,SIMULADOR,1,"{""controller"": ""VIRTUAL_REFRIGERATION_MACHINE"", ""scenario_id"": ""CEN-898FD1F4"", ""execution_id"": ""EXE-A8A8B81C561A"", ""session_id"": ""DIA-9C29BDB7306B"", ""seed"": 1, ""machine_state"": ""RESFRIAMENTO""}"
6905,2026-01-01T00:00:40+00:00,defrost,Degelo,I/O,0.0,bool,VÁLIDA,SIMULADOR,1,"{""controller"": ""VIRTUAL_REFRIGERATION_MACHINE"", ""scenario_id"": ""CEN-898FD1F4"", ""execution_id"": ""EXE-A8A8B81C561A"", ""session_id"": ""DIA-9C29BDB7306B"", ""seed"": 1, ""machine_state"": ""RESFRIAMENTO""}"
6906,2026-01-01T00:00:40+00:00,dripping,Gotejamento,I/O,0.0,bool,VÁLIDA,SIMULADOR,1,"{""controller"": ""VIRTUAL_REFRIGERATION_MACHINE"", ""scenario_id"": ""CEN-898FD1F4"", ""execution_id"": ""EXE-A8A8B81C561A"", ""session_id"": ""DIA-9C29BDB7306B"", ""seed"": 1, ""machine_state"": ""RESFRIAMENTO""}"
6907,2026-01-01T00:00:40+00:00,communication,Comunicação simulada,COMUNICAÇÃO,1.0,bool,VÁLIDA,SIMULADOR,1,"{""controller"": ""VIRTUAL_REFRIGERATION_MACHINE"", ""scenario_id"": ""CEN-898FD1F4"", ""execution_id"": ""EXE-A8A8B81C561A"", ""session_id"": ""DIA-9C29BDB7306B"", ""seed"": 1, ""machine_state"": ""RESFRIAMENTO""}"
6908,2026-01-01T00:00:40+00:00,current_total,Corrente total da máquina,MEDIÇÃO ELÉTRICA,18.992,A,VÁLIDA,SIMULADOR,1,"{""controller"": ""VIRTUAL_REFRIGERATION_MACHINE"", ""scenario_id"": ""CEN-898FD1F4"", ""execution_id"": ""EXE-A8A8B81C561A"", ""session_id"": ""DIA-9C29BDB7306B"", ""seed"": 1, ""instrument"": ""EM210 #1 - TOTAL""}"
6909,2026-01-01T00:00:40+00:00,current_compressor,Corrente do compressor,MEDIÇÃO ELÉTRICA,11.987,A,VÁLIDA,SIMULADOR,1,"{""controller"": ""VIRTUAL_REFRIGERATION_MACHINE"", ""scenario_id"": ""CEN-898FD1F4"", ""execution_id"": ""EXE-A8A8B81C561A"", ""session_id"": ""DIA-9C29BDB7306B"", ""seed"": 1, ""instrument"": ""EM210 #2 - COMPRESSOR""}"
6910,2026-01-01T00:00:40+00:00,current_l1,Corrente L1,MEDIÇÃO ELÉTRICA,6.315,A,VÁLIDA,SIMULADOR,1,"{""controller"": ""VIRTUAL_REFRIGERATION_MACHINE"", ""scenario_id"": ""CEN-898FD1F4"", ""execution_id"": ""EXE-A8A8B81C561A"", ""session_id"": ""DIA-9C29BDB7306B"", ""seed"": 1, ""instrument"": ""EM210 #1 - TOTAL""}"
6911,2026-01-01T00:00:40+00:00,current_l2,Corrente L2,MEDIÇÃO ELÉTRICA,6.348,A,VÁLIDA,SIMULADOR,1,"{""controller"": ""VIRTUAL_REFRIGERATION_MACHINE"", ""scenario_id"": ""CEN-898FD1F4"", ""execution_id"": ""EXE-A8A8B81C561A"", ""session_id"": ""DIA-9C29BDB7306B"", ""seed"": 1, ""instrument"": ""EM210 #1 - TOTAL""}"
6912,2026-01-01T00:00:40+00:00,current_l3,Corrente L3,MEDIÇÃO ELÉTRICA,6.338,A,VÁLIDA,SIMULADOR,1,"{""controller"": ""VIRTUAL_REFRIGERATION_MACHINE"", ""scenario_id"": ""CEN-898FD1F4"", ""execution_id"": ""EXE-A8A8B81C561A"", ""session_id"": ""DIA-9C29BDB7306B"", ""seed"": 1, ""instrument"": ""EM210 #1 - TOTAL""}"
6913,2026-01-01T00:00:45+00:00,temperature_chamber,Temperatura da câmara,SENSORES,7.683694716658327,°C,VÁLIDA,SIMULADOR,1,"{""controller"": ""VIRTUAL_REFRIGERATION_MACHINE"", ""scenario_id"": ""CEN-898FD1F4"", ""execution_id"": ""EXE-A8A8B81C561A"", ""session_id"": ""DIA-9C29BDB7306B"", ""seed"": 1, ""machine_state"": ""RESFRIAMENTO""}"
6914,2026-01-01T00:00:45+00:00,temperature_evaporator,Temperatura do evaporador,SENSORES,5.17902804999166,°C,VÁLIDA,SIMULADOR,1,"{""controller"": ""VIRTUAL_REFRIGERATION_MACHINE"", ""scenario_id"": ""CEN-898FD1F4"", ""execution_id"": ""EXE-A8A8B81C561A"", ""session_id"": ""DIA-9C29BDB7306B"", ""seed"": 1, ""machine_state"": ""RESFRIAMENTO""}"
6915,2026-01-01T00:00:45+00:00,pressure_suction,Pressão de sucção,SENSORES,31.7440512,psi,VÁLIDA,SIMULADOR,1,"{""controller"": ""VIRTUAL_REFRIGERATION_MACHINE"", ""scenario_id"": ""CEN-898FD1F4"", ""execution_id"": ""EXE-A8A8B81C561A"", ""session_id"": ""DIA-9C29BDB7306B"", ""seed"": 1, ""machine_state"": ""RESFRIAMENTO""}"
6916,2026-01-01T00:00:45+00:00,pressure_discharge,Pressão de descarga,SENSORES,218.9953152,psi,VÁLIDA,SIMULADOR,1,"{""controller"": ""VIRTUAL_REFRIGERATION_MACHINE"", ""scenario_id"": ""CEN-898FD1F4"", ""execution_id"": ""EXE-A8A8B81C561A"", ""session_id"": ""DIA-9C29BDB7306B"", ""seed"": 1, ""machine_state"": ""RESFRIAMENTO""}"
6917,2026-01-01T00:00:45+00:00,compressor_command,Comando do compressor,I/O,1.0,bool,VÁLIDA,SIMULADOR,1,"{""controller"": ""VIRTUAL_REFRIGERATION_MACHINE"", ""scenario_id"": ""CEN-898FD1F4"", ""execution_id"": ""EXE-A8A8B81C561A"", ""session_id"": ""DIA-9C29BDB7306B"", ""seed"": 1, ""machine_state"": ""RESFRIAMENTO""}"
6918,2026-01-01T00:00:45+00:00,compressor,Estado do compressor,I/O,1.0,bool,VÁLIDA,SIMULADOR,1,"{""controller"": ""VIRTUAL_REFRIGERATION_MACHINE"", ""scenario_id"": ""CEN-898FD1F4"", ""execution_id"": ""EXE-A8A8B81C561A"", ""session_id"": ""DIA-9C29BDB7306B"", ""seed"": 1, ""machine_state"": ""RESFRIAMENTO""}"
6919,2026-01-01T00:00:45+00:00,evaporator_fan,Ventilador evaporador,I/O,1.0,bool,VÁLIDA,SIMULADOR,1,"{""controller"": ""VIRTUAL_REFRIGERATION_MACHINE"", ""scenario_id"": ""CEN-898FD1F4"", ""execution_id"": ""EXE-A8A8B81C561A"", ""session_id"": ""DIA-9C29BDB7306B"", ""seed"": 1, ""machine_state"": ""RESFRIAMENTO""}"
6920,2026-01-01T00:00:45+00:00,condenser_fan,Ventilador condensador,I/O,1.0,bool,VÁLIDA,SIMULADOR,1,"{""controller"": ""VIRTUAL_REFRIGERATION_MACHINE"", ""scenario_id"": ""CEN-898FD1F4"", ""execution_id"": ""EXE-A8A8B81C561A"", ""session_id"": ""DIA-9C29BDB7306B"", ""seed"": 1, ""machine_state"": ""RESFRIAMENTO""}"
6921,2026-01-01T00:00:45+00:00,defrost,Degelo,I/O,0.0,bool,VÁLIDA,SIMULADOR,1,"{""controller"": ""VIRTUAL_REFRIGERATION_MACHINE"", ""scenario_id"": ""CEN-898FD1F4"", ""execution_id"": ""EXE-A8A8B81C561A"", ""session_id"": ""DIA-9C29BDB7306B"", ""seed"": 1, ""machine_state"": ""RESFRIAMENTO""}"
6922,2026-01-01T00:00:45+00:00,dripping,Gotejamento,I/O,0.0,bool,VÁLIDA,SIMULADOR,1,"{""controller"": ""VIRTUAL_REFRIGERATION_MACHINE"", ""scenario_id"": ""CEN-898FD1F4"", ""execution_id"": ""EXE-A8A8B81C561A"", ""session_id"": ""DIA-9C29BDB7306B"", ""seed"": 1, ""machine_state"": ""RESFRIAMENTO""}"
6923,2026-01-01T00:00:45+00:00,communication,Comunicação simulada,COMUNICAÇÃO,1.0,bool,VÁLIDA,SIMULADOR,1,"{""controller"": ""VIRTUAL_REFRIGERATION_MACHINE"", ""scenario_id"": ""CEN-898FD1F4"", ""execution_id"": ""EXE-A8A8B81C561A"", ""session_id"": ""DIA-9C29BDB7306B"", ""seed"": 1, ""machine_state"": ""RESFRIAMENTO""}"
6924,2026-01-01T00:00:45+00:00,current_total,Corrente total da máquina,MEDIÇÃO ELÉTRICA,18.98,A,VÁLIDA,SIMULADOR,1,"{""controller"": ""VIRTUAL_REFRIGERATION_MACHINE"", ""scenario_id"": ""CEN-898FD1F4"", ""execution_id"": ""EXE-A8A8B81C561A"", ""session_id"": ""DIA-9C29BDB7306B"", ""seed"": 1, ""instrument"": ""EM210 #1 - TOTAL""}"
6925,2026-01-01T00:00:45+00:00,current_compressor,Corrente do compressor,MEDIÇÃO ELÉTRICA,12.003,A,VÁLIDA,SIMULADOR,1,"{""controller"": ""VIRTUAL_REFRIGERATION_MACHINE"", ""scenario_id"": ""CEN-898FD1F4"", ""execution_id"": ""EXE-A8A8B81C561A"", ""session_id"": ""DIA-9C29BDB7306B"", ""seed"": 1, ""instrument"": ""EM210 #2 - COMPRESSOR""}"
6926,2026-01-01T00:00:45+00:00,current_l1,Corrente L1,MEDIÇÃO ELÉTRICA,6.344,A,VÁLIDA,SIMULADOR,1,"{""controller"": ""VIRTUAL_REFRIGERATION_MACHINE"", ""scenario_id"": ""CEN-898FD1F4"", ""execution_id"": ""EXE-A8A8B81C561A"", ""session_id"": ""DIA-9C29BDB7306B"", ""seed"": 1, ""instrument"": ""EM210 #1 - TOTAL""}"
6927,2026-01-01T00:00:45+00:00,current_l2,Corrente L2,MEDIÇÃO ELÉTRICA,6.321,A,VÁLIDA,SIMULADOR,1,"{""controller"": ""VIRTUAL_REFRIGERATION_MACHINE"", ""scenario_id"": ""CEN-898FD1F4"", ""execution_id"": ""EXE-A8A8B81C561A"", ""session_id"": ""DIA-9C29BDB7306B"", ""seed"": 1, ""instrument"": ""EM210 #1 - TOTAL""}"
6928,2026-01-01T00:00:45+00:00,current_l3,Corrente L3,MEDIÇÃO ELÉTRICA,6.351,A,VÁLIDA,SIMULADOR,1,"{""controller"": ""VIRTUAL_REFRIGERATION_MACHINE"", ""scenario_id"": ""CEN-898FD1F4"", ""execution_id"": ""EXE-A8A8B81C561A"", ""session_id"": ""DIA-9C29BDB7306B"", ""seed"": 1, ""instrument"": ""EM210 #1 - TOTAL""}"
6929,2026-01-01T00:00:50+00:00,temperature_chamber,Temperatura da câmara,SENSORES,7.623711807620654,°C,VÁLIDA,SIMULADOR,1,"{""controller"": ""VIRTUAL_REFRIGERATION_MACHINE"", ""scenario_id"": ""CEN-898FD1F4"", ""execution_id"": ""EXE-A8A8B81C561A"", ""session_id"": ""DIA-9C29BDB7306B"", ""seed"": 1, ""machine_state"": ""RESFRIAMENTO""}"
6930,2026-01-01T00:00:50+00:00,temperature_evaporator,Temperatura do evaporador,SENSORES,5.048211807620654,°C,VÁLIDA,SIMULADOR,1,"{""controller"": ""VIRTUAL_REFRIGERATION_MACHINE"", ""scenario_id"": ""CEN-898FD1F4"", ""execution_id"": ""EXE-A8A8B81C561A"", ""session_id"": ""DIA-9C29BDB7306B"", ""seed"": 1, ""machine_state"": ""RESFRIAMENTO""}"
6931,2026-01-01T00:00:50+00:00,pressure_suction,Pressão de sucção,SENSORES,29.395240960000002,psi,VÁLIDA,SIMULADOR,1,"{""controller"": ""VIRTUAL_REFRIGERATION_MACHINE"", ""scenario_id"": ""CEN-898FD1F4"", ""execution_id"": ""EXE-A8A8B81C561A"", ""session_id"": ""DIA-9C29BDB7306B"", ""seed"": 1, ""machine_state"": ""RESFRIAMENTO""}"
6932,2026-01-01T00:00:50+00:00,pressure_discharge,Pressão de descarga,SENSORES,224.19625216,psi,VÁLIDA,SIMULADOR,1,"{""controller"": ""VIRTUAL_REFRIGERATION_MACHINE"", ""scenario_id"": ""CEN-898FD1F4"", ""execution_id"": ""EXE-A8A8B81C561A"", ""session_id"": ""DIA-9C29BDB7306B"", ""seed"": 1, ""machine_state"": ""RESFRIAMENTO""}"
6933,2026-01-01T00:00:50+00:00,compressor_command,Comando do compressor,I/O,1.0,bool,VÁLIDA,SIMULADOR,1,"{""controller"": ""VIRTUAL_REFRIGERATION_MACHINE"", ""scenario_id"": ""CEN-898FD1F4"", ""execution_id"": ""EXE-A8A8B81C561A"", ""session_id"": ""DIA-9C29BDB7306B"", ""seed"": 1, ""machine_state"": ""RESFRIAMENTO""}"
6934,2026-01-01T00:00:50+00:00,compressor,Estado do compressor,I/O,1.0,bool,VÁLIDA,SIMULADOR,1,"{""controller"": ""VIRTUAL_REFRIGERATION_MACHINE"", ""scenario_id"": ""CEN-898FD1F4"", ""execution_id"": ""EXE-A8A8B81C561A"", ""session_id"": ""DIA-9C29BDB7306B"", ""seed"": 1, ""machine_state"": ""RESFRIAMENTO""}"
6935,2026-01-01T00:00:50+00:00,evaporator_fan,Ventilador evaporador,I/O,1.0,bool,VÁLIDA,SIMULADOR,1,"{""controller"": ""VIRTUAL_REFRIGERATION_MACHINE"", ""scenario_id"": ""CEN-898FD1F4"", ""execution_id"": ""EXE-A8A8B81C561A"", ""session_id"": ""DIA-9C29BDB7306B"", ""seed"": 1, ""machine_state"": ""RESFRIAMENTO""}"
6936,2026-01-01T00:00:50+00:00,condenser_fan,Ventilador condensador,I/O,1.0,bool,VÁLIDA,SIMULADOR,1,"{""controller"": ""VIRTUAL_REFRIGERATION_MACHINE"", ""scenario_id"": ""CEN-898FD1F4"", ""execution_id"": ""EXE-A8A8B81C561A"", ""session_id"": ""DIA-9C29BDB7306B"", ""seed"": 1, ""machine_state"": ""RESFRIAMENTO""}"
6937,2026-01-01T00:00:50+00:00,defrost,Degelo,I/O,0.0,bool,VÁLIDA,SIMULADOR,1,"{""controller"": ""VIRTUAL_REFRIGERATION_MACHINE"", ""scenario_id"": ""CEN-898FD1F4"", ""execution_id"": ""EXE-A8A8B81C561A"", ""session_id"": ""DIA-9C29BDB7306B"", ""seed"": 1, ""machine_state"": ""RESFRIAMENTO""}"
6938,2026-01-01T00:00:50+00:00,dripping,Gotejamento,I/O,0.0,bool,VÁLIDA,SIMULADOR,1,"{""controller"": ""VIRTUAL_REFRIGERATION_MACHINE"", ""scenario_id"": ""CEN-898FD1F4"", ""execution_id"": ""EXE-A8A8B81C561A"", ""session_id"": ""DIA-9C29BDB7306B"", ""seed"": 1, ""machine_state"": ""RESFRIAMENTO""}"
6939,2026-01-01T00:00:50+00:00,communication,Comunicação simulada,COMUNICAÇÃO,1.0,bool,VÁLIDA,SIMULADOR,1,"{""controller"": ""VIRTUAL_REFRIGERATION_MACHINE"", ""scenario_id"": ""CEN-898FD1F4"", ""execution_id"": ""EXE-A8A8B81C561A"", ""session_id"": ""DIA-9C29BDB7306B"", ""seed"": 1, ""machine_state"": ""RESFRIAMENTO""}"
6940,2026-01-01T00:00:50+00:00,current_total,Corrente total da máquina,MEDIÇÃO ELÉTRICA,19.014,A,VÁLIDA,SIMULADOR,1,"{""controller"": ""VIRTUAL_REFRIGERATION_MACHINE"", ""scenario_id"": ""CEN-898FD1F4"", ""execution_id"": ""EXE-A8A8B81C561A"", ""session_id"": ""DIA-9C29BDB7306B"", ""seed"": 1, ""instrument"": ""EM210 #1 - TOTAL""}"
6941,2026-01-01T00:00:50+00:00,current_compressor,Corrente do compressor,MEDIÇÃO ELÉTRICA,12.002,A,VÁLIDA,SIMULADOR,1,"{""controller"": ""VIRTUAL_REFRIGERATION_MACHINE"", ""scenario_id"": ""CEN-898FD1F4"", ""execution_id"": ""EXE-A8A8B81C561A"", ""session_id"": ""DIA-9C29BDB7306B"", ""seed"": 1, ""instrument"": ""EM210 #2 - COMPRESSOR""}"
6942,2026-01-01T00:00:50+00:00,current_l1,Corrente L1,MEDIÇÃO ELÉTRICA,6.353,A,VÁLIDA,SIMULADOR,1,"{""controller"": ""VIRTUAL_REFRIGERATION_MACHINE"", ""scenario_id"": ""CEN-898FD1F4"", ""execution_id"": ""EXE-A8A8B81C561A"", ""session_id"": ""DIA-9C29BDB7306B"", ""seed"": 1, ""instrument"": ""EM210 #1 - TOTAL""}"
6943,2026-01-01T00:00:50+00:00,current_l2,Corrente L2,MEDIÇÃO ELÉTRICA,6.322,A,VÁLIDA,SIMULADOR,1,"{""controller"": ""VIRTUAL_REFRIGERATION_MACHINE"", ""scenario_id"": ""CEN-898FD1F4"", ""execution_id"": ""EXE-A8A8B81C561A"", ""session_id"": ""DIA-9C29BDB7306B"", ""seed"": 1, ""instrument"": ""EM210 #1 - TOTAL""}"
6944,2026-01-01T00:00:50+00:00,current_l3,Corrente L3,MEDIÇÃO ELÉTRICA,6.315,A,VÁLIDA,SIMULADOR,1,"{""controller"": ""VIRTUAL_REFRIGERATION_MACHINE"", ""scenario_id"": ""CEN-898FD1F4"", ""execution_id"": ""EXE-A8A8B81C561A"", ""session_id"": ""DIA-9C29BDB7306B"", ""seed"": 1, ""instrument"": ""EM210 #1 - TOTAL""}"
6945,2026-01-01T00:00:55+00:00,temperature_chamber,Temperatura da câmara,SENSORES,7.587951427404917,°C,VÁLIDA,SIMULADOR,1,"{""controller"": ""VIRTUAL_REFRIGERATION_MACHINE"", ""scenario_id"": ""CEN-898FD1F4"", ""execution_id"": ""EXE-A8A8B81C561A"", ""session_id"": ""DIA-9C29BDB7306B"", ""seed"": 1, ""machine_state"": ""RESFRIAMENTO""}"
6946,2026-01-01T00:00:55+00:00,temperature_evaporator,Temperatura do evaporador,SENSORES,4.9416180940715835,°C,VÁLIDA,SIMULADOR,1,"{""controller"": ""VIRTUAL_REFRIGERATION_MACHINE"", ""scenario_id"": ""CEN-898FD1F4"", ""execution_id"": ""EXE-A8A8B81C561A"", ""session_id"": ""DIA-9C29BDB7306B"", ""seed"": 1, ""machine_state"": ""RESFRIAMENTO""}"
6947,2026-01-01T00:00:55+00:00,pressure_suction,Pressão de sucção,SENSORES,27.516192768000003,psi,VÁLIDA,SIMULADOR,1,"{""controller"": ""VIRTUAL_REFRIGERATION_MACHINE"", ""scenario_id"": ""CEN-898FD1F4"", ""execution_id"": ""EXE-A8A8B81C561A"", ""session_id"": ""DIA-9C29BDB7306B"", ""seed"": 1, ""machine_state"": ""RESFRIAMENTO""}"
6948,2026-01-01T00:00:55+00:00,pressure_discharge,Pressão de descarga,SENSORES,228.357001728,psi,VÁLIDA,SIMULADOR,1,"{""controller"": ""VIRTUAL_REFRIGERATION_MACHINE"", ""scenario_id"": ""CEN-898FD1F4"", ""execution_id"": ""EXE-A8A8B81C561A"", ""session_id"": ""DIA-9C29BDB7306B"", ""seed"": 1, ""machine_state"": ""RESFRIAMENTO""}"
6949,2026-01-01T00:00:55+00:00,compressor_command,Comando do compressor,I/O,1.0,bool,VÁLIDA,SIMULADOR,1,"{""controller"": ""VIRTUAL_REFRIGERATION_MACHINE"", ""scenario_id"": ""CEN-898FD1F4"", ""execution_id"": ""EXE-A8A8B81C561A"", ""session_id"": ""DIA-9C29BDB7306B"", ""seed"": 1, ""machine_state"": ""RESFRIAMENTO""}"
6950,2026-01-01T00:00:55+00:00,compressor,Estado do compressor,I/O,1.0,bool,VÁLIDA,SIMULADOR,1,"{""controller"": ""VIRTUAL_REFRIGERATION_MACHINE"", ""scenario_id"": ""CEN-898FD1F4"", ""execution_id"": ""EXE-A8A8B81C561A"", ""session_id"": ""DIA-9C29BDB7306B"", ""seed"": 1, ""machine_state"": ""RESFRIAMENTO""}"
6951,2026-01-01T00:00:55+00:00,evaporator_fan,Ventilador evaporador,I/O,1.0,bool,VÁLIDA,SIMULADOR,1,"{""controller"": ""VIRTUAL_REFRIGERATION_MACHINE"", ""scenario_id"": ""CEN-898FD1F4"", ""execution_id"": ""EXE-A8A8B81C561A"", ""session_id"": ""DIA-9C29BDB7306B"", ""seed"": 1, ""machine_state"": ""RESFRIAMENTO""}"
6952,2026-01-01T00:00:55+00:00,condenser_fan,Ventilador condensador,I/O,1.0,bool,VÁLIDA,SIMULADOR,1,"{""controller"": ""VIRTUAL_REFRIGERATION_MACHINE"", ""scenario_id"": ""CEN-898FD1F4"", ""execution_id"": ""EXE-A8A8B81C561A"", ""session_id"": ""DIA-9C29BDB7306B"", ""seed"": 1, ""machine_state"": ""RESFRIAMENTO""}"
6953,2026-01-01T00:00:55+00:00,defrost,Degelo,I/O,0.0,bool,VÁLIDA,SIMULADOR,1,"{""controller"": ""VIRTUAL_REFRIGERATION_MACHINE"", ""scenario_id"": ""CEN-898FD1F4"", ""execution_id"": ""EXE-A8A8B81C561A"", ""session_id"": ""DIA-9C29BDB7306B"", ""seed"": 1, ""machine_state"": ""RESFRIAMENTO""}"
6954,2026-01-01T00:00:55+00:00,dripping,Gotejamento,I/O,0.0,bool,VÁLIDA,SIMULADOR,1,"{""controller"": ""VIRTUAL_REFRIGERATION_MACHINE"", ""scenario_id"": ""CEN-898FD1F4"", ""execution_id"": ""EXE-A8A8B81C561A"", ""session_id"": ""DIA-9C29BDB7306B"", ""seed"": 1, ""machine_state"": ""RESFRIAMENTO""}"
6955,2026-01-01T00:00:55+00:00,communication,Comunicação simulada,COMUNICAÇÃO,1.0,bool,VÁLIDA,SIMULADOR,1,"{""controller"": ""VIRTUAL_REFRIGERATION_MACHINE"", ""scenario_id"": ""CEN-898FD1F4"", ""execution_id"": ""EXE-A8A8B81C561A"", ""session_id"": ""DIA-9C29BDB7306B"", ""seed"": 1, ""machine_state"": ""RESFRIAMENTO""}"
6956,2026-01-01T00:00:55+00:00,current_total,Corrente total da máquina,MEDIÇÃO ELÉTRICA,18.995,A,VÁLIDA,SIMULADOR,1,"{""controller"": ""VIRTUAL_REFRIGERATION_MACHINE"", ""scenario_id"": ""CEN-898FD1F4"", ""execution_id"": ""EXE-A8A8B81C561A"", ""session_id"": ""DIA-9C29BDB7306B"", ""seed"": 1, ""instrument"": ""EM210 #1 - TOTAL""}"
6957,2026-01-01T00:00:55+00:00,current_compressor,Corrente do compressor,MEDIÇÃO ELÉTRICA,11.987,A,VÁLIDA,SIMULADOR,1,"{""controller"": ""VIRTUAL_REFRIGERATION_MACHINE"", ""scenario_id"": ""CEN-898FD1F4"", ""execution_id"": ""EXE-A8A8B81C561A"", ""session_id"": ""DIA-9C29BDB7306B"", ""seed"": 1, ""instrument"": ""EM210 #2 - COMPRESSOR""}"
6958,2026-01-01T00:00:55+00:00,current_l1,Corrente L1,MEDIÇÃO ELÉTRICA,6.351,A,VÁLIDA,SIMULADOR,1,"{""controller"": ""VIRTUAL_REFRIGERATION_MACHINE"", ""scenario_id"": ""CEN-898FD1F4"", ""execution_id"": ""EXE-A8A8B81C561A"", ""session_id"": ""DIA-9C29BDB7306B"", ""seed"": 1, ""instrument"": ""EM210 #1 - TOTAL""}"
6959,2026-01-01T00:00:55+00:00,current_l2,Corrente L2,MEDIÇÃO ELÉTRICA,6.318,A,VÁLIDA,SIMULADOR,1,"{""controller"": ""VIRTUAL_REFRIGERATION_MACHINE"", ""scenario_id"": ""CEN-898FD1F4"", ""execution_id"": ""EXE-A8A8B81C561A"", ""session_id"": ""DIA-9C29BDB7306B"", ""seed"": 1, ""instrument"": ""EM210 #1 - TOTAL""}"
6960,2026-01-01T00:00:55+00:00,current_l3,Corrente L3,MEDIÇÃO ELÉTRICA,6.327,A,VÁLIDA,SIMULADOR,1,"{""controller"": ""VIRTUAL_REFRIGERATION_MACHINE"", ""scenario_id"": ""CEN-898FD1F4"", ""execution_id"": ""EXE-A8A8B81C561A"", ""session_id"": ""DIA-9C29BDB7306B"", ""seed"": 1, ""instrument"": ""EM210 #1 - TOTAL""}"
6961,2026-01-01T00:01:00+00:00,temperature_chamber,Temperatura da câmara,SENSORES,7.540101106108735,°C,VÁLIDA,SIMULADOR,1,"{""controller"": ""VIRTUAL_REFRIGERATION_MACHINE"", ""scenario_id"": ""CEN-898FD1F4"", ""execution_id"": ""EXE-A8A8B81C561A"", ""session_id"": ""DIA-9C29BDB7306B"", ""seed"": 1, ""machine_state"": ""RESFRIAMENTO""}"
6962,2026-01-01T00:01:00+00:00,temperature_evaporator,Temperatura do evaporador,SENSORES,4.822934439442069,°C,VÁLIDA,SIMULADOR,1,"{""controller"": ""VIRTUAL_REFRIGERATION_MACHINE"", ""scenario_id"": ""CEN-898FD1F4"", ""execution_id"": ""EXE-A8A8B81C561A"", ""session_id"": ""DIA-9C29BDB7306B"", ""seed"": 1, ""machine_state"": ""RESFRIAMENTO""}"
6963,2026-01-01T00:01:00+00:00,pressure_suction,Pressão de sucção,SENSORES,26.012954214400004,psi,VÁLIDA,SIMULADOR,1,"{""controller"": ""VIRTUAL_REFRIGERATION_MACHINE"", ""scenario_id"": ""CEN-898FD1F4"", ""execution_id"": ""EXE-A8A8B81C561A"", ""session_id"": ""DIA-9C29BDB7306B"", ""seed"": 1, ""machine_state"": ""RESFRIAMENTO""}"
6964,2026-01-01T00:01:00+00:00,pressure_discharge,Pressão de descarga,SENSORES,231.6856013824,psi,VÁLIDA,SIMULADOR,1,"{""controller"": ""VIRTUAL_REFRIGERATION_MACHINE"", ""scenario_id"": ""CEN-898FD1F4"", ""execution_id"": ""EXE-A8A8B81C561A"", ""session_id"": ""DIA-9C29BDB7306B"", ""seed"": 1, ""machine_state"": ""RESFRIAMENTO""}"
6965,2026-01-01T00:01:00+00:00,compressor_command,Comando do compressor,I/O,1.0,bool,VÁLIDA,SIMULADOR,1,"{""controller"": ""VIRTUAL_REFRIGERATION_MACHINE"", ""scenario_id"": ""CEN-898FD1F4"", ""execution_id"": ""EXE-A8A8B81C561A"", ""session_id"": ""DIA-9C29BDB7306B"", ""seed"": 1, ""machine_state"": ""RESFRIAMENTO""}"
6966,2026-01-01T00:01:00+00:00,compressor,Estado do compressor,I/O,1.0,bool,VÁLIDA,SIMULADOR,1,"{""controller"": ""VIRTUAL_REFRIGERATION_MACHINE"", ""scenario_id"": ""CEN-898FD1F4"", ""execution_id"": ""EXE-A8A8B81C561A"", ""session_id"": ""DIA-9C29BDB7306B"", ""seed"": 1, ""machine_state"": ""RESFRIAMENTO""}"
6967,2026-01-01T00:01:00+00:00,evaporator_fan,Ventilador evaporador,I/O,1.0,bool,VÁLIDA,SIMULADOR,1,"{""controller"": ""VIRTUAL_REFRIGERATION_MACHINE"", ""scenario_id"": ""CEN-898FD1F4"", ""execution_id"": ""EXE-A8A8B81C561A"", ""session_id"": ""DIA-9C29BDB7306B"", ""seed"": 1, ""machine_state"": ""RESFRIAMENTO""}"
6968,2026-01-01T00:01:00+00:00,condenser_fan,Ventilador condensador,I/O,1.0,bool,VÁLIDA,SIMULADOR,1,"{""controller"": ""VIRTUAL_REFRIGERATION_MACHINE"", ""scenario_id"": ""CEN-898FD1F4"", ""execution_id"": ""EXE-A8A8B81C561A"", ""session_id"": ""DIA-9C29BDB7306B"", ""seed"": 1, ""machine_state"": ""RESFRIAMENTO""}"
6969,2026-01-01T00:01:00+00:00,defrost,Degelo,I/O,0.0,bool,VÁLIDA,SIMULADOR,1,"{""controller"": ""VIRTUAL_REFRIGERATION_MACHINE"", ""scenario_id"": ""CEN-898FD1F4"", ""execution_id"": ""EXE-A8A8B81C561A"", ""session_id"": ""DIA-9C29BDB7306B"", ""seed"": 1, ""machine_state"": ""RESFRIAMENTO""}"
6970,2026-01-01T00:01:00+00:00,dripping,Gotejamento,I/O,0.0,bool,VÁLIDA,SIMULADOR,1,"{""controller"": ""VIRTUAL_REFRIGERATION_MACHINE"", ""scenario_id"": ""CEN-898FD1F4"", ""execution_id"": ""EXE-A8A8B81C561A"", ""session_id"": ""DIA-9C29BDB7306B"", ""seed"": 1, ""machine_state"": ""RESFRIAMENTO""}"
6971,2026-01-01T00:01:00+00:00,communication,Comunicação simulada,COMUNICAÇÃO,1.0,bool,VÁLIDA,SIMULADOR,1,"{""controller"": ""VIRTUAL_REFRIGERATION_MACHINE"", ""scenario_id"": ""CEN-898FD1F4"", ""execution_id"": ""EXE-A8A8B81C561A"", ""session_id"": ""DIA-9C29BDB7306B"", ""seed"": 1, ""machine_state"": ""RESFRIAMENTO""}"
6972,2026-01-01T00:01:00+00:00,current_total,Corrente total da máquina,MEDIÇÃO ELÉTRICA,19.015,A,VÁLIDA,SIMULADOR,1,"{""controller"": ""VIRTUAL_REFRIGERATION_MACHINE"", ""scenario_id"": ""CEN-898FD1F4"", ""execution_id"": ""EXE-A8A8B81C561A"", ""session_id"": ""DIA-9C29BDB7306B"", ""seed"": 1, ""instrument"": ""EM210 #1 - TOTAL""}"
6973,2026-01-01T00:01:00+00:00,current_compressor,Corrente do compressor,MEDIÇÃO ELÉTRICA,11.982,A,VÁLIDA,SIMULADOR,1,"{""controller"": ""VIRTUAL_REFRIGERATION_MACHINE"", ""scenario_id"": ""CEN-898FD1F4"", ""execution_id"": ""EXE-A8A8B81C561A"", ""session_id"": ""DIA-9C29BDB7306B"", ""seed"": 1, ""instrument"": ""EM210 #2 - COMPRESSOR""}"
6974,2026-01-01T00:01:00+00:00,current_l1,Corrente L1,MEDIÇÃO ELÉTRICA,6.317,A,VÁLIDA,SIMULADOR,1,"{""controller"": ""VIRTUAL_REFRIGERATION_MACHINE"", ""scenario_id"": ""CEN-898FD1F4"", ""execution_id"": ""EXE-A8A8B81C561A"", ""session_id"": ""DIA-9C29BDB7306B"", ""seed"": 1, ""instrument"": ""EM210 #1 - TOTAL""}"
6975,2026-01-01T00:01:00+00:00,current_l2,Corrente L2,MEDIÇÃO ELÉTRICA,6.334,A,VÁLIDA,SIMULADOR,1,"{""controller"": ""VIRTUAL_REFRIGERATION_MACHINE"", ""scenario_id"": ""CEN-898FD1F4"", ""execution_id"": ""EXE-A8A8B81C561A"", ""session_id"": ""DIA-9C29BDB7306B"", ""seed"": 1, ""instrument"": ""EM210 #1 - TOTAL""}"
6976,2026-01-01T00:01:00+00:00,current_l3,Corrente L3,MEDIÇÃO ELÉTRICA,6.328,A,VÁLIDA,SIMULADOR,1,"{""controller"": ""VIRTUAL_REFRIGERATION_MACHINE"", ""scenario_id"": ""CEN-898FD1F4"", ""execution_id"": ""EXE-A8A8B81C561A"", ""session_id"": ""DIA-9C29BDB7306B"", ""seed"": 1, ""instrument"": ""EM210 #1 - TOTAL""}"
6977,2026-01-01T00:01:05+00:00,temperature_chamber,Temperatura da câmara,SENSORES,7.50213617524914,°C,VÁLIDA,SIMULADOR,1,"{""controller"": ""VIRTUAL_REFRIGERATION_MACHINE"", ""scenario_id"": ""CEN-898FD1F4"", ""execution_id"": ""EXE-A8A8B81C561A"", ""session_id"": ""DIA-9C29BDB7306B"", ""seed"": 1, ""machine_state"": ""RESFRIAMENTO""}"
6978,2026-01-01T00:01:05+00:00,temperature_evaporator,Temperatura do evaporador,SENSORES,4.71413617524914,°C,VÁLIDA,SIMULADOR,1,"{""controller"": ""VIRTUAL_REFRIGERATION_MACHINE"", ""scenario_id"": ""CEN-898FD1F4"", ""execution_id"": ""EXE-A8A8B81C561A"", ""session_id"": ""DIA-9C29BDB7306B"", ""seed"": 1, ""machine_state"": ""RESFRIAMENTO""}"
6979,2026-01-01T00:01:05+00:00,pressure_suction,Pressão de sucção,SENSORES,24.810363371520005,psi,VÁLIDA,SIMULADOR,1,"{""controller"": ""VIRTUAL_REFRIGERATION_MACHINE"", ""scenario_id"": ""CEN-898FD1F4"", ""execution_id"": ""EXE-A8A8B81C561A"", ""session_id"": ""DIA-9C29BDB7306B"", ""seed"": 1, ""machine_state"": ""RESFRIAMENTO""}"
6980,2026-01-01T00:01:05+00:00,pressure_discharge,Pressão de descarga,SENSORES,234.34848110592,psi,VÁLIDA,SIMULADOR,1,"{""controller"": ""VIRTUAL_REFRIGERATION_MACHINE"", ""scenario_id"": ""CEN-898FD1F4"", ""execution_id"": ""EXE-A8A8B81C561A"", ""session_id"": ""DIA-9C29BDB7306B"", ""seed"": 1, ""machine_state"": ""RESFRIAMENTO""}"
6981,2026-01-01T00:01:05+00:00,compressor_command,Comando do compressor,I/O,1.0,bool,VÁLIDA,SIMULADOR,1,"{""controller"": ""VIRTUAL_REFRIGERATION_MACHINE"", ""scenario_id"": ""CEN-898FD1F4"", ""execution_id"": ""EXE-A8A8B81C561A"", ""session_id"": ""DIA-9C29BDB7306B"", ""seed"": 1, ""machine_state"": ""RESFRIAMENTO""}"
6982,2026-01-01T00:01:05+00:00,compressor,Estado do compressor,I/O,1.0,bool,VÁLIDA,SIMULADOR,1,"{""controller"": ""VIRTUAL_REFRIGERATION_MACHINE"", ""scenario_id"": ""CEN-898FD1F4"", ""execution_id"": ""EXE-A8A8B81C561A"", ""session_id"": ""DIA-9C29BDB7306B"", ""seed"": 1, ""machine_state"": ""RESFRIAMENTO""}"
6983,2026-01-01T00:01:05+00:00,evaporator_fan,Ventilador evaporador,I/O,1.0,bool,VÁLIDA,SIMULADOR,1,"{""controller"": ""VIRTUAL_REFRIGERATION_MACHINE"", ""scenario_id"": ""CEN-898FD1F4"", ""execution_id"": ""EXE-A8A8B81C561A"", ""session_id"": ""DIA-9C29BDB7306B"", ""seed"": 1, ""machine_state"": ""RESFRIAMENTO""}"
6984,2026-01-01T00:01:05+00:00,condenser_fan,Ventilador condensador,I/O,1.0,bool,VÁLIDA,SIMULADOR,1,"{""controller"": ""VIRTUAL_REFRIGERATION_MACHINE"", ""scenario_id"": ""CEN-898FD1F4"", ""execution_id"": ""EXE-A8A8B81C561A"", ""session_id"": ""DIA-9C29BDB7306B"", ""seed"": 1, ""machine_state"": ""RESFRIAMENTO""}"
6985,2026-01-01T00:01:05+00:00,defrost,Degelo,I/O,0.0,bool,VÁLIDA,SIMULADOR,1,"{""controller"": ""VIRTUAL_REFRIGERATION_MACHINE"", ""scenario_id"": ""CEN-898FD1F4"", ""execution_id"": ""EXE-A8A8B81C561A"", ""session_id"": ""DIA-9C29BDB7306B"", ""seed"": 1, ""machine_state"": ""RESFRIAMENTO""}"
6986,2026-01-01T00:01:05+00:00,dripping,Gotejamento,I/O,0.0,bool,VÁLIDA,SIMULADOR,1,"{""controller"": ""VIRTUAL_REFRIGERATION_MACHINE"", ""scenario_id"": ""CEN-898FD1F4"", ""execution_id"": ""EXE-A8A8B81C561A"", ""session_id"": ""DIA-9C29BDB7306B"", ""seed"": 1, ""machine_state"": ""RESFRIAMENTO""}"
6987,2026-01-01T00:01:05+00:00,communication,Comunicação simulada,COMUNICAÇÃO,1.0,bool,VÁLIDA,SIMULADOR,1,"{""controller"": ""VIRTUAL_REFRIGERATION_MACHINE"", ""scenario_id"": ""CEN-898FD1F4"", ""execution_id"": ""EXE-A8A8B81C561A"", ""session_id"": ""DIA-9C29BDB7306B"", ""seed"": 1, ""machine_state"": ""RESFRIAMENTO""}"
6988,2026-01-01T00:01:05+00:00,current_total,Corrente total da máquina,MEDIÇÃO ELÉTRICA,18.981,A,VÁLIDA,SIMULADOR,1,"{""controller"": ""VIRTUAL_REFRIGERATION_MACHINE"", ""scenario_id"": ""CEN-898FD1F4"", ""execution_id"": ""EXE-A8A8B81C561A"", ""session_id"": ""DIA-9C29BDB7306B"", ""seed"": 1, ""instrument"": ""EM210 #1 - TOTAL""}"
6989,2026-01-01T00:01:05+00:00,current_compressor,Corrente do compressor,MEDIÇÃO ELÉTRICA,12.007,A,VÁLIDA,SIMULADOR,1,"{""controller"": ""VIRTUAL_REFRIGERATION_MACHINE"", ""scenario_id"": ""CEN-898FD1F4"", ""execution_id"": ""EXE-A8A8B81C561A"", ""session_id"": ""DIA-9C29BDB7306B"", ""seed"": 1, ""instrument"": ""EM210 #2 - COMPRESSOR""}"
6990,2026-01-01T00:01:05+00:00,current_l1,Corrente L1,MEDIÇÃO ELÉTRICA,6.347,A,VÁLIDA,SIMULADOR,1,"{""controller"": ""VIRTUAL_REFRIGERATION_MACHINE"", ""scenario_id"": ""CEN-898FD1F4"", ""execution_id"": ""EXE-A8A8B81C561A"", ""session_id"": ""DIA-9C29BDB7306B"", ""seed"": 1, ""instrument"": ""EM210 #1 - TOTAL""}"
6991,2026-01-01T00:01:05+00:00,current_l2,Corrente L2,MEDIÇÃO ELÉTRICA,6.316,A,VÁLIDA,SIMULADOR,1,"{""controller"": ""VIRTUAL_REFRIGERATION_MACHINE"", ""scenario_id"": ""CEN-898FD1F4"", ""execution_id"": ""EXE-A8A8B81C561A"", ""session_id"": ""DIA-9C29BDB7306B"", ""seed"": 1, ""instrument"": ""EM210 #1 - TOTAL""}"
6992,2026-01-01T00:01:05+00:00,current_l3,Corrente L3,MEDIÇÃO ELÉTRICA,6.318,A,VÁLIDA,SIMULADOR,1,"{""controller"": ""VIRTUAL_REFRIGERATION_MACHINE"", ""scenario_id"": ""CEN-898FD1F4"", ""execution_id"": ""EXE-A8A8B81C561A"", ""session_id"": ""DIA-9C29BDB7306B"", ""seed"": 1, ""instrument"": ""EM210 #1 - TOTAL""}"
6993,2026-01-01T00:01:10+00:00,temperature_chamber,Temperatura da câmara,SENSORES,7.4413660235163395,°C,VÁLIDA,SIMULADOR,1,"{""controller"": ""VIRTUAL_REFRIGERATION_MACHINE"", ""scenario_id"": ""CEN-898FD1F4"", ""execution_id"": ""EXE-A8A8B81C561A"", ""session_id"": ""DIA-9C29BDB7306B"", ""seed"": 1, ""machine_state"": ""RESFRIAMENTO""}"
6994,2026-01-01T00:01:10+00:00,temperature_evaporator,Temperatura do evaporador,SENSORES,4.582532690183007,°C,VÁLIDA,SIMULADOR,1,"{""controller"": ""VIRTUAL_REFRIGERATION_MACHINE"", ""scenario_id"": ""CEN-898FD1F4"", ""execution_id"": ""EXE-A8A8B81C561A"", ""session_id"": ""DIA-9C29BDB7306B"", ""seed"": 1, ""machine_state"": ""RESFRIAMENTO""}"
6995,2026-01-01T00:01:10+00:00,pressure_suction,Pressão de sucção,SENSORES,23.848290697216004,psi,VÁLIDA,SIMULADOR,1,"{""controller"": ""VIRTUAL_REFRIGERATION_MACHINE"", ""scenario_id"": ""CEN-898FD1F4"", ""execution_id"": ""EXE-A8A8B81C561A"", ""session_id"": ""DIA-9C29BDB7306B"", ""seed"": 1, ""machine_state"": ""RESFRIAMENTO""}"
6996,2026-01-01T00:01:10+00:00,pressure_discharge,Pressão de descarga,SENSORES,236.478784884736,psi,VÁLIDA,SIMULADOR,1,"{""controller"": ""VIRTUAL_REFRIGERATION_MACHINE"", ""scenario_id"": ""CEN-898FD1F4"", ""execution_id"": ""EXE-A8A8B81C561A"", ""session_id"": ""DIA-9C29BDB7306B"", ""seed"": 1, ""machine_state"": ""RESFRIAMENTO""}"
6997,2026-01-01T00:01:10+00:00,compressor_command,Comando do compressor,I/O,1.0,bool,VÁLIDA,SIMULADOR,1,"{""controller"": ""VIRTUAL_REFRIGERATION_MACHINE"", ""scenario_id"": ""CEN-898FD1F4"", ""execution_id"": ""EXE-A8A8B81C561A"", ""session_id"": ""DIA-9C29BDB7306B"", ""seed"": 1, ""machine_state"": ""RESFRIAMENTO""}"
6998,2026-01-01T00:01:10+00:00,compressor,Estado do compressor,I/O,1.0,bool,VÁLIDA,SIMULADOR,1,"{""controller"": ""VIRTUAL_REFRIGERATION_MACHINE"", ""scenario_id"": ""CEN-898FD1F4"", ""execution_id"": ""EXE-A8A8B81C561A"", ""session_id"": ""DIA-9C29BDB7306B"", ""seed"": 1, ""machine_state"": ""RESFRIAMENTO""}"
6999,2026-01-01T00:01:10+00:00,evaporator_fan,Ventilador evaporador,I/O,1.0,bool,VÁLIDA,SIMULADOR,1,"{""controller"": ""VIRTUAL_REFRIGERATION_MACHINE"", ""scenario_id"": ""CEN-898FD1F4"", ""execution_id"": ""EXE-A8A8B81C561A"", ""session_id"": ""DIA-9C29BDB7306B"", ""seed"": 1, ""machine_state"": ""RESFRIAMENTO""}"
7000,2026-01-01T00:01:10+00:00,condenser_fan,Ventilador condensador,I/O,1.0,bool,VÁLIDA,SIMULADOR,1,"{""controller"": ""VIRTUAL_REFRIGERATION_MACHINE"", ""scenario_id"": ""CEN-898FD1F4"", ""execution_id"": ""EXE-A8A8B81C561A"", ""session_id"": ""DIA-9C29BDB7306B"", ""seed"": 1, ""machine_state"": ""RESFRIAMENTO""}"
7001,2026-01-01T00:01:10+00:00,defrost,Degelo,I/O,0.0,bool,VÁLIDA,SIMULADOR,1,"{""controller"": ""VIRTUAL_REFRIGERATION_MACHINE"", ""scenario_id"": ""CEN-898FD1F4"", ""execution_id"": ""EXE-A8A8B81C561A"", ""session_id"": ""DIA-9C29BDB7306B"", ""seed"": 1, ""machine_state"": ""RESFRIAMENTO""}"
7002,2026-01-01T00:01:10+00:00,dripping,Gotejamento,I/O,0.0,bool,VÁLIDA,SIMULADOR,1,"{""controller"": ""VIRTUAL_REFRIGERATION_MACHINE"", ""scenario_id"": ""CEN-898FD1F4"", ""execution_id"": ""EXE-A8A8B81C561A"", ""session_id"": ""DIA-9C29BDB7306B"", ""seed"": 1, ""machine_state"": ""RESFRIAMENTO""}"
7003,2026-01-01T00:01:10+00:00,communication,Comunicação simulada,COMUNICAÇÃO,1.0,bool,VÁLIDA,SIMULADOR,1,"{""controller"": ""VIRTUAL_REFRIGERATION_MACHINE"", ""scenario_id"": ""CEN-898FD1F4"", ""execution_id"": ""EXE-A8A8B81C561A"", ""session_id"": ""DIA-9C29BDB7306B"", ""seed"": 1, ""machine_state"": ""RESFRIAMENTO""}"
7004,2026-01-01T00:01:10+00:00,current_total,Corrente total da máquina,MEDIÇÃO ELÉTRICA,18.985,A,VÁLIDA,SIMULADOR,1,"{""controller"": ""VIRTUAL_REFRIGERATION_MACHINE"", ""scenario_id"": ""CEN-898FD1F4"", ""execution_id"": ""EXE-A8A8B81C561A"", ""session_id"": ""DIA-9C29BDB7306B"", ""seed"": 1, ""instrument"": ""EM210 #1 - TOTAL""}"
7005,2026-01-01T00:01:10+00:00,current_compressor,Corrente do compressor,MEDIÇÃO ELÉTRICA,11.999,A,VÁLIDA,SIMULADOR,1,"{""controller"": ""VIRTUAL_REFRIGERATION_MACHINE"", ""scenario_id"": ""CEN-898FD1F4"", ""execution_id"": ""EXE-A8A8B81C561A"", ""session_id"": ""DIA-9C29BDB7306B"", ""seed"": 1, ""instrument"": ""EM210 #2 - COMPRESSOR""}"
7006,2026-01-01T00:01:10+00:00,current_l1,Corrente L1,MEDIÇÃO ELÉTRICA,6.339,A,VÁLIDA,SIMULADOR,1,"{""controller"": ""VIRTUAL_REFRIGERATION_MACHINE"", ""scenario_id"": ""CEN-898FD1F4"", ""execution_id"": ""EXE-A8A8B81C561A"", ""session_id"": ""DIA-9C29BDB7306B"", ""seed"": 1, ""instrument"": ""EM210 #1 - TOTAL""}"
7007,2026-01-01T00:01:10+00:00,current_l2,Corrente L2,MEDIÇÃO ELÉTRICA,6.324,A,VÁLIDA,SIMULADOR,1,"{""controller"": ""VIRTUAL_REFRIGERATION_MACHINE"", ""scenario_id"": ""CEN-898FD1F4"", ""execution_id"": ""EXE-A8A8B81C561A"", ""session_id"": ""DIA-9C29BDB7306B"", ""seed"": 1, ""instrument"": ""EM210 #1 - TOTAL""}"
7008,2026-01-01T00:01:10+00:00,current_l3,Corrente L3,MEDIÇÃO ELÉTRICA,6.346,A,VÁLIDA,SIMULADOR,1,"{""controller"": ""VIRTUAL_REFRIGERATION_MACHINE"", ""scenario_id"": ""CEN-898FD1F4"", ""execution_id"": ""EXE-A8A8B81C561A"", ""session_id"": ""DIA-9C29BDB7306B"", ""seed"": 1, ""instrument"": ""EM210 #1 - TOTAL""}"
7009,2026-01-01T00:01:15+00:00,temperature_chamber,Temperatura da câmara,SENSORES,7.3938943060046505,°C,VÁLIDA,SIMULADOR,1,"{""controller"": ""VIRTUAL_REFRIGERATION_MACHINE"", ""scenario_id"": ""CEN-898FD1F4"", ""execution_id"": ""EXE-A8A8B81C561A"", ""session_id"": ""DIA-9C29BDB7306B"", ""seed"": 1, ""machine_state"": ""RESFRIAMENTO""}"
7010,2026-01-01T00:01:15+00:00,temperature_evaporator,Temperatura do evaporador,SENSORES,4.4642276393379845,°C,VÁLIDA,SIMULADOR,1,"{""controller"": ""VIRTUAL_REFRIGERATION_MACHINE"", ""scenario_id"": ""CEN-898FD1F4"", ""execution_id"": ""EXE-A8A8B81C561A"", ""session_id"": ""DIA-9C29BDB7306B"", ""seed"": 1, ""machine_state"": ""RESFRIAMENTO""}"
7011,2026-01-01T00:01:15+00:00,pressure_suction,Pressão de sucção,SENSORES,23.078632557772803,psi,VÁLIDA,SIMULADOR,1,"{""controller"": ""VIRTUAL_REFRIGERATION_MACHINE"", ""scenario_id"": ""CEN-898FD1F4"", ""execution_id"": ""EXE-A8A8B81C561A"", ""session_id"": ""DIA-9C29BDB7306B"", ""seed"": 1, ""machine_state"": ""RESFRIAMENTO""}"
7012,2026-01-01T00:01:15+00:00,pressure_discharge,Pressão de descarga,SENSORES,238.1830279077888,psi,VÁLIDA,SIMULADOR,1,"{""controller"": ""VIRTUAL_REFRIGERATION_MACHINE"", ""scenario_id"": ""CEN-898FD1F4"", ""execution_id"": ""EXE-A8A8B81C561A"", ""session_id"": ""DIA-9C29BDB7306B"", ""seed"": 1, ""machine_state"": ""RESFRIAMENTO""}"
7013,2026-01-01T00:01:15+00:00,compressor_command,Comando do compressor,I/O,1.0,bool,VÁLIDA,SIMULADOR,1,"{""controller"": ""VIRTUAL_REFRIGERATION_MACHINE"", ""scenario_id"": ""CEN-898FD1F4"", ""execution_id"": ""EXE-A8A8B81C561A"", ""session_id"": ""DIA-9C29BDB7306B"", ""seed"": 1, ""machine_state"": ""RESFRIAMENTO""}"
7014,2026-01-01T00:01:15+00:00,compressor,Estado do compressor,I/O,1.0,bool,VÁLIDA,SIMULADOR,1,"{""controller"": ""VIRTUAL_REFRIGERATION_MACHINE"", ""scenario_id"": ""CEN-898FD1F4"", ""execution_id"": ""EXE-A8A8B81C561A"", ""session_id"": ""DIA-9C29BDB7306B"", ""seed"": 1, ""machine_state"": ""RESFRIAMENTO""}"
7015,2026-01-01T00:01:15+00:00,evaporator_fan,Ventilador evaporador,I/O,1.0,bool,VÁLIDA,SIMULADOR,1,"{""controller"": ""VIRTUAL_REFRIGERATION_MACHINE"", ""scenario_id"": ""CEN-898FD1F4"", ""execution_id"": ""EXE-A8A8B81C561A"", ""session_id"": ""DIA-9C29BDB7306B"", ""seed"": 1, ""machine_state"": ""RESFRIAMENTO""}"
7016,2026-01-01T00:01:15+00:00,condenser_fan,Ventilador condensador,I/O,1.0,bool,VÁLIDA,SIMULADOR,1,"{""controller"": ""VIRTUAL_REFRIGERATION_MACHINE"", ""scenario_id"": ""CEN-898FD1F4"", ""execution_id"": ""EXE-A8A8B81C561A"", ""session_id"": ""DIA-9C29BDB7306B"", ""seed"": 1, ""machine_state"": ""RESFRIAMENTO""}"
7017,2026-01-01T00:01:15+00:00,defrost,Degelo,I/O,0.0,bool,VÁLIDA,SIMULADOR,1,"{""controller"": ""VIRTUAL_REFRIGERATION_MACHINE"", ""scenario_id"": ""CEN-898FD1F4"", ""execution_id"": ""EXE-A8A8B81C561A"", ""session_id"": ""DIA-9C29BDB7306B"", ""seed"": 1, ""machine_state"": ""RESFRIAMENTO""}"
7018,2026-01-01T00:01:15+00:00,dripping,Gotejamento,I/O,0.0,bool,VÁLIDA,SIMULADOR,1,"{""controller"": ""VIRTUAL_REFRIGERATION_MACHINE"", ""scenario_id"": ""CEN-898FD1F4"", ""execution_id"": ""EXE-A8A8B81C561A"", ""session_id"": ""DIA-9C29BDB7306B"", ""seed"": 1, ""machine_state"": ""RESFRIAMENTO""}"
7019,2026-01-01T00:01:15+00:00,communication,Comunicação simulada,COMUNICAÇÃO,1.0,bool,VÁLIDA,SIMULADOR,1,"{""controller"": ""VIRTUAL_REFRIGERATION_MACHINE"", ""scenario_id"": ""CEN-898FD1F4"", ""execution_id"": ""EXE-A8A8B81C561A"", ""session_id"": ""DIA-9C29BDB7306B"", ""seed"": 1, ""machine_state"": ""RESFRIAMENTO""}"
7020,2026-01-01T00:01:15+00:00,current_total,Corrente total da máquina,MEDIÇÃO ELÉTRICA,18.984,A,VÁLIDA,SIMULADOR,1,"{""controller"": ""VIRTUAL_REFRIGERATION_MACHINE"", ""scenario_id"": ""CEN-898FD1F4"", ""execution_id"": ""EXE-A8A8B81C561A"", ""session_id"": ""DIA-9C29BDB7306B"", ""seed"": 1, ""instrument"": ""EM210 #1 - TOTAL""}"
7021,2026-01-01T00:01:15+00:00,current_compressor,Corrente do compressor,MEDIÇÃO ELÉTRICA,12.016,A,VÁLIDA,SIMULADOR,1,"{""controller"": ""VIRTUAL_REFRIGERATION_MACHINE"", ""scenario_id"": ""CEN-898FD1F4"", ""execution_id"": ""EXE-A8A8B81C561A"", ""session_id"": ""DIA-9C29BDB7306B"", ""seed"": 1, ""instrument"": ""EM210 #2 - COMPRESSOR""}"
7022,2026-01-01T00:01:15+00:00,current_l1,Corrente L1,MEDIÇÃO ELÉTRICA,6.322,A,VÁLIDA,SIMULADOR,1,"{""controller"": ""VIRTUAL_REFRIGERATION_MACHINE"", ""scenario_id"": ""CEN-898FD1F4"", ""execution_id"": ""EXE-A8A8B81C561A"", ""session_id"": ""DIA-9C29BDB7306B"", ""seed"": 1, ""instrument"": ""EM210 #1 - TOTAL""}"
7023,2026-01-01T00:01:15+00:00,current_l2,Corrente L2,MEDIÇÃO ELÉTRICA,6.318,A,VÁLIDA,SIMULADOR,1,"{""controller"": ""VIRTUAL_REFRIGERATION_MACHINE"", ""scenario_id"": ""CEN-898FD1F4"", ""execution_id"": ""EXE-A8A8B81C561A"", ""session_id"": ""DIA-9C29BDB7306B"", ""seed"": 1, ""instrument"": ""EM210 #1 - TOTAL""}"
7024,2026-01-01T00:01:15+00:00,current_l3,Corrente L3,MEDIÇÃO ELÉTRICA,6.321,A,VÁLIDA,SIMULADOR,1,"{""controller"": ""VIRTUAL_REFRIGERATION_MACHINE"", ""scenario_id"": ""CEN-898FD1F4"", ""execution_id"": ""EXE-A8A8B81C561A"", ""session_id"": ""DIA-9C29BDB7306B"", ""seed"": 1, ""instrument"": ""EM210 #1 - TOTAL""}"
7025,2026-01-01T00:01:20+00:00,temperature_chamber,Temperatura da câmara,SENSORES,7.354707173641541,°C,VÁLIDA,SIMULADOR,1,"{""controller"": ""VIRTUAL_REFRIGERATION_MACHINE"", ""scenario_id"": ""CEN-898FD1F4"", ""execution_id"": ""EXE-A8A8B81C561A"", ""session_id"": ""DIA-9C29BDB7306B"", ""seed"": 1, ""machine_state"": ""RESFRIAMENTO""}"
7026,2026-01-01T00:01:20+00:00,temperature_evaporator,Temperatura do evaporador,SENSORES,4.354207173641542,°C,VÁLIDA,SIMULADOR,1,"{""controller"": ""VIRTUAL_REFRIGERATION_MACHINE"", ""scenario_id"": ""CEN-898FD1F4"", ""execution_id"": ""EXE-A8A8B81C561A"", ""session_id"": ""DIA-9C29BDB7306B"", ""seed"": 1, ""machine_state"": ""RESFRIAMENTO""}"
7027,2026-01-01T00:01:20+00:00,pressure_suction,Pressão de sucção,SENSORES,22.462906046218244,psi,VÁLIDA,SIMULADOR,1,"{""controller"": ""VIRTUAL_REFRIGERATION_MACHINE"", ""scenario_id"": ""CEN-898FD1F4"", ""execution_id"": ""EXE-A8A8B81C561A"", ""session_id"": ""DIA-9C29BDB7306B"", ""seed"": 1, ""machine_state"": ""RESFRIAMENTO""}"
7028,2026-01-01T00:01:20+00:00,pressure_discharge,Pressão de descarga,SENSORES,239.54642232623104,psi,VÁLIDA,SIMULADOR,1,"{""controller"": ""VIRTUAL_REFRIGERATION_MACHINE"", ""scenario_id"": ""CEN-898FD1F4"", ""execution_id"": ""EXE-A8A8B81C561A"", ""session_id"": ""DIA-9C29BDB7306B"", ""seed"": 1, ""machine_state"": ""RESFRIAMENTO""}"
7029,2026-01-01T00:01:20+00:00,compressor_command,Comando do compressor,I/O,1.0,bool,VÁLIDA,SIMULADOR,1,"{""controller"": ""VIRTUAL_REFRIGERATION_MACHINE"", ""scenario_id"": ""CEN-898FD1F4"", ""execution_id"": ""EXE-A8A8B81C561A"", ""session_id"": ""DIA-9C29BDB7306B"", ""seed"": 1, ""machine_state"": ""RESFRIAMENTO""}"
7030,2026-01-01T00:01:20+00:00,compressor,Estado do compressor,I/O,1.0,bool,VÁLIDA,SIMULADOR,1,"{""controller"": ""VIRTUAL_REFRIGERATION_MACHINE"", ""scenario_id"": ""CEN-898FD1F4"", ""execution_id"": ""EXE-A8A8B81C561A"", ""session_id"": ""DIA-9C29BDB7306B"", ""seed"": 1, ""machine_state"": ""RESFRIAMENTO""}"
7031,2026-01-01T00:01:20+00:00,evaporator_fan,Ventilador evaporador,I/O,1.0,bool,VÁLIDA,SIMULADOR,1,"{""controller"": ""VIRTUAL_REFRIGERATION_MACHINE"", ""scenario_id"": ""CEN-898FD1F4"", ""execution_id"": ""EXE-A8A8B81C561A"", ""session_id"": ""DIA-9C29BDB7306B"", ""seed"": 1, ""machine_state"": ""RESFRIAMENTO""}"
7032,2026-01-01T00:01:20+00:00,condenser_fan,Ventilador condensador,I/O,1.0,bool,VÁLIDA,SIMULADOR,1,"{""controller"": ""VIRTUAL_REFRIGERATION_MACHINE"", ""scenario_id"": ""CEN-898FD1F4"", ""execution_id"": ""EXE-A8A8B81C561A"", ""session_id"": ""DIA-9C29BDB7306B"", ""seed"": 1, ""machine_state"": ""RESFRIAMENTO""}"
7033,2026-01-01T00:01:20+00:00,defrost,Degelo,I/O,0.0,bool,VÁLIDA,SIMULADOR,1,"{""controller"": ""VIRTUAL_REFRIGERATION_MACHINE"", ""scenario_id"": ""CEN-898FD1F4"", ""execution_id"": ""EXE-A8A8B81C561A"", ""session_id"": ""DIA-9C29BDB7306B"", ""seed"": 1, ""machine_state"": ""RESFRIAMENTO""}"
7034,2026-01-01T00:01:20+00:00,dripping,Gotejamento,I/O,0.0,bool,VÁLIDA,SIMULADOR,1,"{""controller"": ""VIRTUAL_REFRIGERATION_MACHINE"", ""scenario_id"": ""CEN-898FD1F4"", ""execution_id"": ""EXE-A8A8B81C561A"", ""session_id"": ""DIA-9C29BDB7306B"", ""seed"": 1, ""machine_state"": ""RESFRIAMENTO""}"
7035,2026-01-01T00:01:20+00:00,communication,Comunicação simulada,COMUNICAÇÃO,1.0,bool,VÁLIDA,SIMULADOR,1,"{""controller"": ""VIRTUAL_REFRIGERATION_MACHINE"", ""scenario_id"": ""CEN-898FD1F4"", ""execution_id"": ""EXE-A8A8B81C561A"", ""session_id"": ""DIA-9C29BDB7306B"", ""seed"": 1, ""machine_state"": ""RESFRIAMENTO""}"
7036,2026-01-01T00:01:20+00:00,current_total,Corrente total da máquina,MEDIÇÃO ELÉTRICA,19.002,A,VÁLIDA,SIMULADOR,1,"{""controller"": ""VIRTUAL_REFRIGERATION_MACHINE"", ""scenario_id"": ""CEN-898FD1F4"", ""execution_id"": ""EXE-A8A8B81C561A"", ""session_id"": ""DIA-9C29BDB7306B"", ""seed"": 1, ""instrument"": ""EM210 #1 - TOTAL""}"
7037,2026-01-01T00:01:20+00:00,current_compressor,Corrente do compressor,MEDIÇÃO ELÉTRICA,12.016,A,VÁLIDA,SIMULADOR,1,"{""controller"": ""VIRTUAL_REFRIGERATION_MACHINE"", ""scenario_id"": ""CEN-898FD1F4"", ""execution_id"": ""EXE-A8A8B81C561A"", ""session_id"": ""DIA-9C29BDB7306B"", ""seed"": 1, ""instrument"": ""EM210 #2 - COMPRESSOR""}"
7038,2026-01-01T00:01:20+00:00,current_l1,Corrente L1,MEDIÇÃO ELÉTRICA,6.318,A,VÁLIDA,SIMULADOR,1,"{""controller"": ""VIRTUAL_REFRIGERATION_MACHINE"", ""scenario_id"": ""CEN-898FD1F4"", ""execution_id"": ""EXE-A8A8B81C561A"", ""session_id"": ""DIA-9C29BDB7306B"", ""seed"": 1, ""instrument"": ""EM210 #1 - TOTAL""}"
7039,2026-01-01T00:01:20+00:00,current_l2,Corrente L2,MEDIÇÃO ELÉTRICA,6.338,A,VÁLIDA,SIMULADOR,1,"{""controller"": ""VIRTUAL_REFRIGERATION_MACHINE"", ""scenario_id"": ""CEN-898FD1F4"", ""execution_id"": ""EXE-A8A8B81C561A"", ""session_id"": ""DIA-9C29BDB7306B"", ""seed"": 1, ""instrument"": ""EM210 #1 - TOTAL""}"
7040,2026-01-01T00:01:20+00:00,current_l3,Corrente L3,MEDIÇÃO ELÉTRICA,6.334,A,VÁLIDA,SIMULADOR,1,"{""controller"": ""VIRTUAL_REFRIGERATION_MACHINE"", ""scenario_id"": ""CEN-898FD1F4"", ""execution_id"": ""EXE-A8A8B81C561A"", ""session_id"": ""DIA-9C29BDB7306B"", ""seed"": 1, ""instrument"": ""EM210 #1 - TOTAL""}"
7041,2026-01-01T00:01:25+00:00,temperature_chamber,Temperatura da câmara,SENSORES,7.300736706946321,°C,VÁLIDA,SIMULADOR,1,"{""controller"": ""VIRTUAL_REFRIGERATION_MACHINE"", ""scenario_id"": ""CEN-898FD1F4"", ""execution_id"": ""EXE-A8A8B81C561A"", ""session_id"": ""DIA-9C29BDB7306B"", ""seed"": 1, ""machine_state"": ""RESFRIAMENTO""}"
7042,2026-01-01T00:01:25+00:00,temperature_evaporator,Temperatura do evaporador,SENSORES,4.229403373612989,°C,VÁLIDA,SIMULADOR,1,"{""controller"": ""VIRTUAL_REFRIGERATION_MACHINE"", ""scenario_id"": ""CEN-898FD1F4"", ""execution_id"": ""EXE-A8A8B81C561A"", ""session_id"": ""DIA-9C29BDB7306B"", ""seed"": 1, ""machine_state"": ""RESFRIAMENTO""}"
7043,2026-01-01T00:01:25+00:00,pressure_suction,Pressão de sucção,SENSORES,21.970324836974594,psi,VÁLIDA,SIMULADOR,1,"{""controller"": ""VIRTUAL_REFRIGERATION_MACHINE"", ""scenario_id"": ""CEN-898FD1F4"", ""execution_id"": ""EXE-A8A8B81C561A"", ""session_id"": ""DIA-9C29BDB7306B"", ""seed"": 1, ""machine_state"": ""RESFRIAMENTO""}"
7044,2026-01-01T00:01:25+00:00,pressure_discharge,Pressão de descarga,SENSORES,240.63713786098484,psi,VÁLIDA,SIMULADOR,1,"{""controller"": ""VIRTUAL_REFRIGERATION_MACHINE"", ""scenario_id"": ""CEN-898FD1F4"", ""execution_id"": ""EXE-A8A8B81C561A"", ""session_id"": ""DIA-9C29BDB7306B"", ""seed"": 1, ""machine_state"": ""RESFRIAMENTO""}"
7045,2026-01-01T00:01:25+00:00,compressor_command,Comando do compressor,I/O,1.0,bool,VÁLIDA,SIMULADOR,1,"{""controller"": ""VIRTUAL_REFRIGERATION_MACHINE"", ""scenario_id"": ""CEN-898FD1F4"", ""execution_id"": ""EXE-A8A8B81C561A"", ""session_id"": ""DIA-9C29BDB7306B"", ""seed"": 1, ""machine_state"": ""RESFRIAMENTO""}"
7046,2026-01-01T00:01:25+00:00,compressor,Estado do compressor,I/O,1.0,bool,VÁLIDA,SIMULADOR,1,"{""controller"": ""VIRTUAL_REFRIGERATION_MACHINE"", ""scenario_id"": ""CEN-898FD1F4"", ""execution_id"": ""EXE-A8A8B81C561A"", ""session_id"": ""DIA-9C29BDB7306B"", ""seed"": 1, ""machine_state"": ""RESFRIAMENTO""}"
7047,2026-01-01T00:01:25+00:00,evaporator_fan,Ventilador evaporador,I/O,1.0,bool,VÁLIDA,SIMULADOR,1,"{""controller"": ""VIRTUAL_REFRIGERATION_MACHINE"", ""scenario_id"": ""CEN-898FD1F4"", ""execution_id"": ""EXE-A8A8B81C561A"", ""session_id"": ""DIA-9C29BDB7306B"", ""seed"": 1, ""machine_state"": ""RESFRIAMENTO""}"
7048,2026-01-01T00:01:25+00:00,condenser_fan,Ventilador condensador,I/O,1.0,bool,VÁLIDA,SIMULADOR,1,"{""controller"": ""VIRTUAL_REFRIGERATION_MACHINE"", ""scenario_id"": ""CEN-898FD1F4"", ""execution_id"": ""EXE-A8A8B81C561A"", ""session_id"": ""DIA-9C29BDB7306B"", ""seed"": 1, ""machine_state"": ""RESFRIAMENTO""}"
7049,2026-01-01T00:01:25+00:00,defrost,Degelo,I/O,0.0,bool,VÁLIDA,SIMULADOR,1,"{""controller"": ""VIRTUAL_REFRIGERATION_MACHINE"", ""scenario_id"": ""CEN-898FD1F4"", ""execution_id"": ""EXE-A8A8B81C561A"", ""session_id"": ""DIA-9C29BDB7306B"", ""seed"": 1, ""machine_state"": ""RESFRIAMENTO""}"
7050,2026-01-01T00:01:25+00:00,dripping,Gotejamento,I/O,0.0,bool,VÁLIDA,SIMULADOR,1,"{""controller"": ""VIRTUAL_REFRIGERATION_MACHINE"", ""scenario_id"": ""CEN-898FD1F4"", ""execution_id"": ""EXE-A8A8B81C561A"", ""session_id"": ""DIA-9C29BDB7306B"", ""seed"": 1, ""machine_state"": ""RESFRIAMENTO""}"
7051,2026-01-01T00:01:25+00:00,communication,Comunicação simulada,COMUNICAÇÃO,1.0,bool,VÁLIDA,SIMULADOR,1,"{""controller"": ""VIRTUAL_REFRIGERATION_MACHINE"", ""scenario_id"": ""CEN-898FD1F4"", ""execution_id"": ""EXE-A8A8B81C561A"", ""session_id"": ""DIA-9C29BDB7306B"", ""seed"": 1, ""machine_state"": ""RESFRIAMENTO""}"
7052,2026-01-01T00:01:25+00:00,current_total,Corrente total da máquina,MEDIÇÃO ELÉTRICA,18.999,A,VÁLIDA,SIMULADOR,1,"{""controller"": ""VIRTUAL_REFRIGERATION_MACHINE"", ""scenario_id"": ""CEN-898FD1F4"", ""execution_id"": ""EXE-A8A8B81C561A"", ""session_id"": ""DIA-9C29BDB7306B"", ""seed"": 1, ""instrument"": ""EM210 #1 - TOTAL""}"
7053,2026-01-01T00:01:25+00:00,current_compressor,Corrente do compressor,MEDIÇÃO ELÉTRICA,12.011,A,VÁLIDA,SIMULADOR,1,"{""controller"": ""VIRTUAL_REFRIGERATION_MACHINE"", ""scenario_id"": ""CEN-898FD1F4"", ""execution_id"": ""EXE-A8A8B81C561A"", ""session_id"": ""DIA-9C29BDB7306B"", ""seed"": 1, ""instrument"": ""EM210 #2 - COMPRESSOR""}"
7054,2026-01-01T00:01:25+00:00,current_l1,Corrente L1,MEDIÇÃO ELÉTRICA,6.323,A,VÁLIDA,SIMULADOR,1,"{""controller"": ""VIRTUAL_REFRIGERATION_MACHINE"", ""scenario_id"": ""CEN-898FD1F4"", ""execution_id"": ""EXE-A8A8B81C561A"", ""session_id"": ""DIA-9C29BDB7306B"", ""seed"": 1, ""instrument"": ""EM210 #1 - TOTAL""}"
7055,2026-01-01T00:01:25+00:00,current_l2,Corrente L2,MEDIÇÃO ELÉTRICA,6.349,A,VÁLIDA,SIMULADOR,1,"{""controller"": ""VIRTUAL_REFRIGERATION_MACHINE"", ""scenario_id"": ""CEN-898FD1F4"", ""execution_id"": ""EXE-A8A8B81C561A"", ""session_id"": ""DIA-9C29BDB7306B"", ""seed"": 1, ""instrument"": ""EM210 #1 - TOTAL""}"
7056,2026-01-01T00:01:25+00:00,current_l3,Corrente L3,MEDIÇÃO ELÉTRICA,6.327,A,VÁLIDA,SIMULADOR,1,"{""controller"": ""VIRTUAL_REFRIGERATION_MACHINE"", ""scenario_id"": ""CEN-898FD1F4"", ""execution_id"": ""EXE-A8A8B81C561A"", ""session_id"": ""DIA-9C29BDB7306B"", ""seed"": 1, ""instrument"": ""EM210 #1 - TOTAL""}"
7057,2026-01-01T00:01:30+00:00,temperature_chamber,Temperatura da câmara,SENSORES,7.268261494479605,°C,VÁLIDA,SIMULADOR,1,"{""controller"": ""VIRTUAL_REFRIGERATION_MACHINE"", ""scenario_id"": ""CEN-898FD1F4"", ""execution_id"": ""EXE-A8A8B81C561A"", ""session_id"": ""DIA-9C29BDB7306B"", ""seed"": 1, ""machine_state"": ""RESFRIAMENTO""}"
7058,2026-01-01T00:01:30+00:00,temperature_evaporator,Temperatura do evaporador,SENSORES,4.12609482781294,°C,VÁLIDA,SIMULADOR,1,"{""controller"": ""VIRTUAL_REFRIGERATION_MACHINE"", ""scenario_id"": ""CEN-898FD1F4"", ""execution_id"": ""EXE-A8A8B81C561A"", ""session_id"": ""DIA-9C29BDB7306B"", ""seed"": 1, ""machine_state"": ""RESFRIAMENTO""}"
7059,2026-01-01T00:01:30+00:00,pressure_suction,Pressão de sucção,SENSORES,21.576259869579676,psi,VÁLIDA,SIMULADOR,1,"{""controller"": ""VIRTUAL_REFRIGERATION_MACHINE"", ""scenario_id"": ""CEN-898FD1F4"", ""execution_id"": ""EXE-A8A8B81C561A"", ""session_id"": ""DIA-9C29BDB7306B"", ""seed"": 1, ""machine_state"": ""RESFRIAMENTO""}"
7060,2026-01-01T00:01:30+00:00,pressure_discharge,Pressão de descarga,SENSORES,241.50971028878786,psi,VÁLIDA,SIMULADOR,1,"{""controller"": ""VIRTUAL_REFRIGERATION_MACHINE"", ""scenario_id"": ""CEN-898FD1F4"", ""execution_id"": ""EXE-A8A8B81C561A"", ""session_id"": ""DIA-9C29BDB7306B"", ""seed"": 1, ""machine_state"": ""RESFRIAMENTO""}"
7061,2026-01-01T00:01:30+00:00,compressor_command,Comando do compressor,I/O,1.0,bool,VÁLIDA,SIMULADOR,1,"{""controller"": ""VIRTUAL_REFRIGERATION_MACHINE"", ""scenario_id"": ""CEN-898FD1F4"", ""execution_id"": ""EXE-A8A8B81C561A"", ""session_id"": ""DIA-9C29BDB7306B"", ""seed"": 1, ""machine_state"": ""RESFRIAMENTO""}"
7062,2026-01-01T00:01:30+00:00,compressor,Estado do compressor,I/O,1.0,bool,VÁLIDA,SIMULADOR,1,"{""controller"": ""VIRTUAL_REFRIGERATION_MACHINE"", ""scenario_id"": ""CEN-898FD1F4"", ""execution_id"": ""EXE-A8A8B81C561A"", ""session_id"": ""DIA-9C29BDB7306B"", ""seed"": 1, ""machine_state"": ""RESFRIAMENTO""}"
7063,2026-01-01T00:01:30+00:00,evaporator_fan,Ventilador evaporador,I/O,1.0,bool,VÁLIDA,SIMULADOR,1,"{""controller"": ""VIRTUAL_REFRIGERATION_MACHINE"", ""scenario_id"": ""CEN-898FD1F4"", ""execution_id"": ""EXE-A8A8B81C561A"", ""session_id"": ""DIA-9C29BDB7306B"", ""seed"": 1, ""machine_state"": ""RESFRIAMENTO""}"
7064,2026-01-01T00:01:30+00:00,condenser_fan,Ventilador condensador,I/O,1.0,bool,VÁLIDA,SIMULADOR,1,"{""controller"": ""VIRTUAL_REFRIGERATION_MACHINE"", ""scenario_id"": ""CEN-898FD1F4"", ""execution_id"": ""EXE-A8A8B81C561A"", ""session_id"": ""DIA-9C29BDB7306B"", ""seed"": 1, ""machine_state"": ""RESFRIAMENTO""}"
7065,2026-01-01T00:01:30+00:00,defrost,Degelo,I/O,0.0,bool,VÁLIDA,SIMULADOR,1,"{""controller"": ""VIRTUAL_REFRIGERATION_MACHINE"", ""scenario_id"": ""CEN-898FD1F4"", ""execution_id"": ""EXE-A8A8B81C561A"", ""session_id"": ""DIA-9C29BDB7306B"", ""seed"": 1, ""machine_state"": ""RESFRIAMENTO""}"
7066,2026-01-01T00:01:30+00:00,dripping,Gotejamento,I/O,0.0,bool,VÁLIDA,SIMULADOR,1,"{""controller"": ""VIRTUAL_REFRIGERATION_MACHINE"", ""scenario_id"": ""CEN-898FD1F4"", ""execution_id"": ""EXE-A8A8B81C561A"", ""session_id"": ""DIA-9C29BDB7306B"", ""seed"": 1, ""machine_state"": ""RESFRIAMENTO""}"
7067,2026-01-01T00:01:30+00:00,communication,Comunicação simulada,COMUNICAÇÃO,1.0,bool,VÁLIDA,SIMULADOR,1,"{""controller"": ""VIRTUAL_REFRIGERATION_MACHINE"", ""scenario_id"": ""CEN-898FD1F4"", ""execution_id"": ""EXE-A8A8B81C561A"", ""session_id"": ""DIA-9C29BDB7306B"", ""seed"": 1, ""machine_state"": ""RESFRIAMENTO""}"
7068,2026-01-01T00:01:30+00:00,current_total,Corrente total da máquina,MEDIÇÃO ELÉTRICA,18.996,A,VÁLIDA,SIMULADOR,1,"{""controller"": ""VIRTUAL_REFRIGERATION_MACHINE"", ""scenario_id"": ""CEN-898FD1F4"", ""execution_id"": ""EXE-A8A8B81C561A"", ""session_id"": ""DIA-9C29BDB7306B"", ""seed"": 1, ""instrument"": ""EM210 #1 - TOTAL""}"
7069,2026-01-01T00:01:30+00:00,current_compressor,Corrente do compressor,MEDIÇÃO ELÉTRICA,12.0,A,VÁLIDA,SIMULADOR,1,"{""controller"": ""VIRTUAL_REFRIGERATION_MACHINE"", ""scenario_id"": ""CEN-898FD1F4"", ""execution_id"": ""EXE-A8A8B81C561A"", ""session_id"": ""DIA-9C29BDB7306B"", ""seed"": 1, ""instrument"": ""EM210 #2 - COMPRESSOR""}"
7070,2026-01-01T00:01:30+00:00,current_l1,Corrente L1,MEDIÇÃO ELÉTRICA,6.335,A,VÁLIDA,SIMULADOR,1,"{""controller"": ""VIRTUAL_REFRIGERATION_MACHINE"", ""scenario_id"": ""CEN-898FD1F4"", ""execution_id"": ""EXE-A8A8B81C561A"", ""session_id"": ""DIA-9C29BDB7306B"", ""seed"": 1, ""instrument"": ""EM210 #1 - TOTAL""}"
7071,2026-01-01T00:01:30+00:00,current_l2,Corrente L2,MEDIÇÃO ELÉTRICA,6.342,A,VÁLIDA,SIMULADOR,1,"{""controller"": ""VIRTUAL_REFRIGERATION_MACHINE"", ""scenario_id"": ""CEN-898FD1F4"", ""execution_id"": ""EXE-A8A8B81C561A"", ""session_id"": ""DIA-9C29BDB7306B"", ""seed"": 1, ""instrument"": ""EM210 #1 - TOTAL""}"
7072,2026-01-01T00:01:30+00:00,current_l3,Corrente L3,MEDIÇÃO ELÉTRICA,6.346,A,VÁLIDA,SIMULADOR,1,"{""controller"": ""VIRTUAL_REFRIGERATION_MACHINE"", ""scenario_id"": ""CEN-898FD1F4"", ""execution_id"": ""EXE-A8A8B81C561A"", ""session_id"": ""DIA-9C29BDB7306B"", ""seed"": 1, ""instrument"": ""EM210 #1 - TOTAL""}"
7073,2026-01-01T00:01:35+00:00,temperature_chamber,Temperatura da câmara,SENSORES,7.234470984874616,°C,VÁLIDA,SIMULADOR,1,"{""controller"": ""VIRTUAL_REFRIGERATION_MACHINE"", ""scenario_id"": ""CEN-898FD1F4"", ""execution_id"": ""EXE-A8A8B81C561A"", ""session_id"": ""DIA-9C29BDB7306B"", ""seed"": 1, ""machine_state"": ""RESFRIAMENTO""}"
7074,2026-01-01T00:01:35+00:00,temperature_evaporator,Temperatura do evaporador,SENSORES,4.021470984874618,°C,VÁLIDA,SIMULADOR,1,"{""controller"": ""VIRTUAL_REFRIGERATION_MACHINE"", ""scenario_id"": ""CEN-898FD1F4"", ""execution_id"": ""EXE-A8A8B81C561A"", ""session_id"": ""DIA-9C29BDB7306B"", ""seed"": 1, ""machine_state"": ""RESFRIAMENTO""}"
7075,2026-01-01T00:01:35+00:00,pressure_suction,Pressão de sucção,SENSORES,21.26100789566374,psi,VÁLIDA,SIMULADOR,1,"{""controller"": ""VIRTUAL_REFRIGERATION_MACHINE"", ""scenario_id"": ""CEN-898FD1F4"", ""execution_id"": ""EXE-A8A8B81C561A"", ""session_id"": ""DIA-9C29BDB7306B"", ""seed"": 1, ""machine_state"": ""RESFRIAMENTO""}"
7076,2026-01-01T00:01:35+00:00,pressure_discharge,Pressão de descarga,SENSORES,242.2077682310303,psi,VÁLIDA,SIMULADOR,1,"{""controller"": ""VIRTUAL_REFRIGERATION_MACHINE"", ""scenario_id"": ""CEN-898FD1F4"", ""execution_id"": ""EXE-A8A8B81C561A"", ""session_id"": ""DIA-9C29BDB7306B"", ""seed"": 1, ""machine_state"": ""RESFRIAMENTO""}"
7077,2026-01-01T00:01:35+00:00,compressor_command,Comando do compressor,I/O,1.0,bool,VÁLIDA,SIMULADOR,1,"{""controller"": ""VIRTUAL_REFRIGERATION_MACHINE"", ""scenario_id"": ""CEN-898FD1F4"", ""execution_id"": ""EXE-A8A8B81C561A"", ""session_id"": ""DIA-9C29BDB7306B"", ""seed"": 1, ""machine_state"": ""RESFRIAMENTO""}"
7078,2026-01-01T00:01:35+00:00,compressor,Estado do compressor,I/O,1.0,bool,VÁLIDA,SIMULADOR,1,"{""controller"": ""VIRTUAL_REFRIGERATION_MACHINE"", ""scenario_id"": ""CEN-898FD1F4"", ""execution_id"": ""EXE-A8A8B81C561A"", ""session_id"": ""DIA-9C29BDB7306B"", ""seed"": 1, ""machine_state"": ""RESFRIAMENTO""}"
7079,2026-01-01T00:01:35+00:00,evaporator_fan,Ventilador evaporador,I/O,1.0,bool,VÁLIDA,SIMULADOR,1,"{""controller"": ""VIRTUAL_REFRIGERATION_MACHINE"", ""scenario_id"": ""CEN-898FD1F4"", ""execution_id"": ""EXE-A8A8B81C561A"", ""session_id"": ""DIA-9C29BDB7306B"", ""seed"": 1, ""machine_state"": ""RESFRIAMENTO""}"
7080,2026-01-01T00:01:35+00:00,condenser_fan,Ventilador condensador,I/O,1.0,bool,VÁLIDA,SIMULADOR,1,"{""controller"": ""VIRTUAL_REFRIGERATION_MACHINE"", ""scenario_id"": ""CEN-898FD1F4"", ""execution_id"": ""EXE-A8A8B81C561A"", ""session_id"": ""DIA-9C29BDB7306B"", ""seed"": 1, ""machine_state"": ""RESFRIAMENTO""}"
7081,2026-01-01T00:01:35+00:00,defrost,Degelo,I/O,0.0,bool,VÁLIDA,SIMULADOR,1,"{""controller"": ""VIRTUAL_REFRIGERATION_MACHINE"", ""scenario_id"": ""CEN-898FD1F4"", ""execution_id"": ""EXE-A8A8B81C561A"", ""session_id"": ""DIA-9C29BDB7306B"", ""seed"": 1, ""machine_state"": ""RESFRIAMENTO""}"
7082,2026-01-01T00:01:35+00:00,dripping,Gotejamento,I/O,0.0,bool,VÁLIDA,SIMULADOR,1,"{""controller"": ""VIRTUAL_REFRIGERATION_MACHINE"", ""scenario_id"": ""CEN-898FD1F4"", ""execution_id"": ""EXE-A8A8B81C561A"", ""session_id"": ""DIA-9C29BDB7306B"", ""seed"": 1, ""machine_state"": ""RESFRIAMENTO""}"
7083,2026-01-01T00:01:35+00:00,communication,Comunicação simulada,COMUNICAÇÃO,1.0,bool,VÁLIDA,SIMULADOR,1,"{""controller"": ""VIRTUAL_REFRIGERATION_MACHINE"", ""scenario_id"": ""CEN-898FD1F4"", ""execution_id"": ""EXE-A8A8B81C561A"", ""session_id"": ""DIA-9C29BDB7306B"", ""seed"": 1, ""machine_state"": ""RESFRIAMENTO""}"
7084,2026-01-01T00:01:35+00:00,current_total,Corrente total da máquina,MEDIÇÃO ELÉTRICA,19.016,A,VÁLIDA,SIMULADOR,1,"{""controller"": ""VIRTUAL_REFRIGERATION_MACHINE"", ""scenario_id"": ""CEN-898FD1F4"", ""execution_id"": ""EXE-A8A8B81C561A"", ""session_id"": ""DIA-9C29BDB7306B"", ""seed"": 1, ""instrument"": ""EM210 #1 - TOTAL""}"
7085,2026-01-01T00:01:35+00:00,current_compressor,Corrente do compressor,MEDIÇÃO ELÉTRICA,11.985,A,VÁLIDA,SIMULADOR,1,"{""controller"": ""VIRTUAL_REFRIGERATION_MACHINE"", ""scenario_id"": ""CEN-898FD1F4"", ""execution_id"": ""EXE-A8A8B81C561A"", ""session_id"": ""DIA-9C29BDB7306B"", ""seed"": 1, ""instrument"": ""EM210 #2 - COMPRESSOR""}"
7086,2026-01-01T00:01:35+00:00,current_l1,Corrente L1,MEDIÇÃO ELÉTRICA,6.321,A,VÁLIDA,SIMULADOR,1,"{""controller"": ""VIRTUAL_REFRIGERATION_MACHINE"", ""scenario_id"": ""CEN-898FD1F4"", ""execution_id"": ""EXE-A8A8B81C561A"", ""session_id"": ""DIA-9C29BDB7306B"", ""seed"": 1, ""instrument"": ""EM210 #1 - TOTAL""}"
7087,2026-01-01T00:01:35+00:00,current_l2,Corrente L2,MEDIÇÃO ELÉTRICA,6.344,A,VÁLIDA,SIMULADOR,1,"{""controller"": ""VIRTUAL_REFRIGERATION_MACHINE"", ""scenario_id"": ""CEN-898FD1F4"", ""execution_id"": ""EXE-A8A8B81C561A"", ""session_id"": ""DIA-9C29BDB7306B"", ""seed"": 1, ""instrument"": ""EM210 #1 - TOTAL""}"
7088,2026-01-01T00:01:35+00:00,current_l3,Corrente L3,MEDIÇÃO ELÉTRICA,6.345,A,VÁLIDA,SIMULADOR,1,"{""controller"": ""VIRTUAL_REFRIGERATION_MACHINE"", ""scenario_id"": ""CEN-898FD1F4"", ""execution_id"": ""EXE-A8A8B81C561A"", ""session_id"": ""DIA-9C29BDB7306B"", ""seed"": 1, ""instrument"": ""EM210 #1 - TOTAL""}"
7089,2026-01-01T00:01:40+00:00,temperature_chamber,Temperatura da câmara,SENSORES,7.174555351032289,°C,VÁLIDA,SIMULADOR,1,"{""controller"": ""VIRTUAL_REFRIGERATION_MACHINE"", ""scenario_id"": ""CEN-898FD1F4"", ""execution_id"": ""EXE-A8A8B81C561A"", ""session_id"": ""DIA-9C29BDB7306B"", ""seed"": 1, ""machine_state"": ""RESFRIAMENTO""}"
7090,2026-01-01T00:01:40+00:00,temperature_evaporator,Temperatura do evaporador,SENSORES,3.890722017698958,°C,VÁLIDA,SIMULADOR,1,"{""controller"": ""VIRTUAL_REFRIGERATION_MACHINE"", ""scenario_id"": ""CEN-898FD1F4"", ""execution_id"": ""EXE-A8A8B81C561A"", ""session_id"": ""DIA-9C29BDB7306B"", ""seed"": 1, ""machine_state"": ""RESFRIAMENTO""}"
7091,2026-01-01T00:01:40+00:00,pressure_suction,Pressão de sucção,SENSORES,21.008806316530993,psi,VÁLIDA,SIMULADOR,1,"{""controller"": ""VIRTUAL_REFRIGERATION_MACHINE"", ""scenario_id"": ""CEN-898FD1F4"", ""execution_id"": ""EXE-A8A8B81C561A"", ""session_id"": ""DIA-9C29BDB7306B"", ""seed"": 1, ""machine_state"": ""RESFRIAMENTO""}"
7092,2026-01-01T00:01:40+00:00,pressure_discharge,Pressão de descarga,SENSORES,242.76621458482424,psi,VÁLIDA,SIMULADOR,1,"{""controller"": ""VIRTUAL_REFRIGERATION_MACHINE"", ""scenario_id"": ""CEN-898FD1F4"", ""execution_id"": ""EXE-A8A8B81C561A"", ""session_id"": ""DIA-9C29BDB7306B"", ""seed"": 1, ""machine_state"": ""RESFRIAMENTO""}"
7093,2026-01-01T00:01:40+00:00,compressor_command,Comando do compressor,I/O,1.0,bool,VÁLIDA,SIMULADOR,1,"{""controller"": ""VIRTUAL_REFRIGERATION_MACHINE"", ""scenario_id"": ""CEN-898FD1F4"", ""execution_id"": ""EXE-A8A8B81C561A"", ""session_id"": ""DIA-9C29BDB7306B"", ""seed"": 1, ""machine_state"": ""RESFRIAMENTO""}"
7094,2026-01-01T00:01:40+00:00,compressor,Estado do compressor,I/O,1.0,bool,VÁLIDA,SIMULADOR,1,"{""controller"": ""VIRTUAL_REFRIGERATION_MACHINE"", ""scenario_id"": ""CEN-898FD1F4"", ""execution_id"": ""EXE-A8A8B81C561A"", ""session_id"": ""DIA-9C29BDB7306B"", ""seed"": 1, ""machine_state"": ""RESFRIAMENTO""}"
7095,2026-01-01T00:01:40+00:00,evaporator_fan,Ventilador evaporador,I/O,1.0,bool,VÁLIDA,SIMULADOR,1,"{""controller"": ""VIRTUAL_REFRIGERATION_MACHINE"", ""scenario_id"": ""CEN-898FD1F4"", ""execution_id"": ""EXE-A8A8B81C561A"", ""session_id"": ""DIA-9C29BDB7306B"", ""seed"": 1, ""machine_state"": ""RESFRIAMENTO""}"
7096,2026-01-01T00:01:40+00:00,condenser_fan,Ventilador condensador,I/O,1.0,bool,VÁLIDA,SIMULADOR,1,"{""controller"": ""VIRTUAL_REFRIGERATION_MACHINE"", ""scenario_id"": ""CEN-898FD1F4"", ""execution_id"": ""EXE-A8A8B81C561A"", ""session_id"": ""DIA-9C29BDB7306B"", ""seed"": 1, ""machine_state"": ""RESFRIAMENTO""}"
7097,2026-01-01T00:01:40+00:00,defrost,Degelo,I/O,0.0,bool,VÁLIDA,SIMULADOR,1,"{""controller"": ""VIRTUAL_REFRIGERATION_MACHINE"", ""scenario_id"": ""CEN-898FD1F4"", ""execution_id"": ""EXE-A8A8B81C561A"", ""session_id"": ""DIA-9C29BDB7306B"", ""seed"": 1, ""machine_state"": ""RESFRIAMENTO""}"
7098,2026-01-01T00:01:40+00:00,dripping,Gotejamento,I/O,0.0,bool,VÁLIDA,SIMULADOR,1,"{""controller"": ""VIRTUAL_REFRIGERATION_MACHINE"", ""scenario_id"": ""CEN-898FD1F4"", ""execution_id"": ""EXE-A8A8B81C561A"", ""session_id"": ""DIA-9C29BDB7306B"", ""seed"": 1, ""machine_state"": ""RESFRIAMENTO""}"
7099,2026-01-01T00:01:40+00:00,communication,Comunicação simulada,COMUNICAÇÃO,1.0,bool,VÁLIDA,SIMULADOR,1,"{""controller"": ""VIRTUAL_REFRIGERATION_MACHINE"", ""scenario_id"": ""CEN-898FD1F4"", ""execution_id"": ""EXE-A8A8B81C561A"", ""session_id"": ""DIA-9C29BDB7306B"", ""seed"": 1, ""machine_state"": ""RESFRIAMENTO""}"
7100,2026-01-01T00:01:40+00:00,current_total,Corrente total da máquina,MEDIÇÃO ELÉTRICA,18.99,A,VÁLIDA,SIMULADOR,1,"{""controller"": ""VIRTUAL_REFRIGERATION_MACHINE"", ""scenario_id"": ""CEN-898FD1F4"", ""execution_id"": ""EXE-A8A8B81C561A"", ""session_id"": ""DIA-9C29BDB7306B"", ""seed"": 1, ""instrument"": ""EM210 #1 - TOTAL""}"
7101,2026-01-01T00:01:40+00:00,current_compressor,Corrente do compressor,MEDIÇÃO ELÉTRICA,12.015,A,VÁLIDA,SIMULADOR,1,"{""controller"": ""VIRTUAL_REFRIGERATION_MACHINE"", ""scenario_id"": ""CEN-898FD1F4"", ""execution_id"": ""EXE-A8A8B81C561A"", ""session_id"": ""DIA-9C29BDB7306B"", ""seed"": 1, ""instrument"": ""EM210 #2 - COMPRESSOR""}"
7102,2026-01-01T00:01:40+00:00,current_l1,Corrente L1,MEDIÇÃO ELÉTRICA,6.348,A,VÁLIDA,SIMULADOR,1,"{""controller"": ""VIRTUAL_REFRIGERATION_MACHINE"", ""scenario_id"": ""CEN-898FD1F4"", ""execution_id"": ""EXE-A8A8B81C561A"", ""session_id"": ""DIA-9C29BDB7306B"", ""seed"": 1, ""instrument"": ""EM210 #1 - TOTAL""}"
7103,2026-01-01T00:01:40+00:00,current_l2,Corrente L2,MEDIÇÃO ELÉTRICA,6.316,A,VÁLIDA,SIMULADOR,1,"{""controller"": ""VIRTUAL_REFRIGERATION_MACHINE"", ""scenario_id"": ""CEN-898FD1F4"", ""execution_id"": ""EXE-A8A8B81C561A"", ""session_id"": ""DIA-9C29BDB7306B"", ""seed"": 1, ""instrument"": ""EM210 #1 - TOTAL""}"
7104,2026-01-01T00:01:40+00:00,current_l3,Corrente L3,MEDIÇÃO ELÉTRICA,6.318,A,VÁLIDA,SIMULADOR,1,"{""controller"": ""VIRTUAL_REFRIGERATION_MACHINE"", ""scenario_id"": ""CEN-898FD1F4"", ""execution_id"": ""EXE-A8A8B81C561A"", ""session_id"": ""DIA-9C29BDB7306B"", ""seed"": 1, ""instrument"": ""EM210 #1 - TOTAL""}"
7105,2026-01-01T00:01:45+00:00,temperature_chamber,Temperatura da câmara,SENSORES,7.11448539352876,°C,VÁLIDA,SIMULADOR,1,"{""controller"": ""VIRTUAL_REFRIGERATION_MACHINE"", ""scenario_id"": ""CEN-898FD1F4"", ""execution_id"": ""EXE-A8A8B81C561A"", ""session_id"": ""DIA-9C29BDB7306B"", ""seed"": 1, ""machine_state"": ""RESFRIAMENTO""}"
7106,2026-01-01T00:01:45+00:00,temperature_evaporator,Temperatura do evaporador,SENSORES,3.759818726862095,°C,VÁLIDA,SIMULADOR,1,"{""controller"": ""VIRTUAL_REFRIGERATION_MACHINE"", ""scenario_id"": ""CEN-898FD1F4"", ""execution_id"": ""EXE-A8A8B81C561A"", ""session_id"": ""DIA-9C29BDB7306B"", ""seed"": 1, ""machine_state"": ""RESFRIAMENTO""}"
7107,2026-01-01T00:01:45+00:00,pressure_suction,Pressão de sucção,SENSORES,20.807045053224794,psi,VÁLIDA,SIMULADOR,1,"{""controller"": ""VIRTUAL_REFRIGERATION_MACHINE"", ""scenario_id"": ""CEN-898FD1F4"", ""execution_id"": ""EXE-A8A8B81C561A"", ""session_id"": ""DIA-9C29BDB7306B"", ""seed"": 1, ""machine_state"": ""RESFRIAMENTO""}"
7108,2026-01-01T00:01:45+00:00,pressure_discharge,Pressão de descarga,SENSORES,243.2129716678594,psi,VÁLIDA,SIMULADOR,1,"{""controller"": ""VIRTUAL_REFRIGERATION_MACHINE"", ""scenario_id"": ""CEN-898FD1F4"", ""execution_id"": ""EXE-A8A8B81C561A"", ""session_id"": ""DIA-9C29BDB7306B"", ""seed"": 1, ""machine_state"": ""RESFRIAMENTO""}"
7109,2026-01-01T00:01:45+00:00,compressor_command,Comando do compressor,I/O,1.0,bool,VÁLIDA,SIMULADOR,1,"{""controller"": ""VIRTUAL_REFRIGERATION_MACHINE"", ""scenario_id"": ""CEN-898FD1F4"", ""execution_id"": ""EXE-A8A8B81C561A"", ""session_id"": ""DIA-9C29BDB7306B"", ""seed"": 1, ""machine_state"": ""RESFRIAMENTO""}"
7110,2026-01-01T00:01:45+00:00,compressor,Estado do compressor,I/O,1.0,bool,VÁLIDA,SIMULADOR,1,"{""controller"": ""VIRTUAL_REFRIGERATION_MACHINE"", ""scenario_id"": ""CEN-898FD1F4"", ""execution_id"": ""EXE-A8A8B81C561A"", ""session_id"": ""DIA-9C29BDB7306B"", ""seed"": 1, ""machine_state"": ""RESFRIAMENTO""}"
7111,2026-01-01T00:01:45+00:00,evaporator_fan,Ventilador evaporador,I/O,1.0,bool,VÁLIDA,SIMULADOR,1,"{""controller"": ""VIRTUAL_REFRIGERATION_MACHINE"", ""scenario_id"": ""CEN-898FD1F4"", ""execution_id"": ""EXE-A8A8B81C561A"", ""session_id"": ""DIA-9C29BDB7306B"", ""seed"": 1, ""machine_state"": ""RESFRIAMENTO""}"
7112,2026-01-01T00:01:45+00:00,condenser_fan,Ventilador condensador,I/O,1.0,bool,VÁLIDA,SIMULADOR,1,"{""controller"": ""VIRTUAL_REFRIGERATION_MACHINE"", ""scenario_id"": ""CEN-898FD1F4"", ""execution_id"": ""EXE-A8A8B81C561A"", ""session_id"": ""DIA-9C29BDB7306B"", ""seed"": 1, ""machine_state"": ""RESFRIAMENTO""}"
7113,2026-01-01T00:01:45+00:00,defrost,Degelo,I/O,0.0,bool,VÁLIDA,SIMULADOR,1,"{""controller"": ""VIRTUAL_REFRIGERATION_MACHINE"", ""scenario_id"": ""CEN-898FD1F4"", ""execution_id"": ""EXE-A8A8B81C561A"", ""session_id"": ""DIA-9C29BDB7306B"", ""seed"": 1, ""machine_state"": ""RESFRIAMENTO""}"
7114,2026-01-01T00:01:45+00:00,dripping,Gotejamento,I/O,0.0,bool,VÁLIDA,SIMULADOR,1,"{""controller"": ""VIRTUAL_REFRIGERATION_MACHINE"", ""scenario_id"": ""CEN-898FD1F4"", ""execution_id"": ""EXE-A8A8B81C561A"", ""session_id"": ""DIA-9C29BDB7306B"", ""seed"": 1, ""machine_state"": ""RESFRIAMENTO""}"
7115,2026-01-01T00:01:45+00:00,communication,Comunicação simulada,COMUNICAÇÃO,1.0,bool,VÁLIDA,SIMULADOR,1,"{""controller"": ""VIRTUAL_REFRIGERATION_MACHINE"", ""scenario_id"": ""CEN-898FD1F4"", ""execution_id"": ""EXE-A8A8B81C561A"", ""session_id"": ""DIA-9C29BDB7306B"", ""seed"": 1, ""machine_state"": ""RESFRIAMENTO""}"
7116,2026-01-01T00:01:45+00:00,current_total,Corrente total da máquina,MEDIÇÃO ELÉTRICA,18.984,A,VÁLIDA,SIMULADOR,1,"{""controller"": ""VIRTUAL_REFRIGERATION_MACHINE"", ""scenario_id"": ""CEN-898FD1F4"", ""execution_id"": ""EXE-A8A8B81C561A"", ""session_id"": ""DIA-9C29BDB7306B"", ""seed"": 1, ""instrument"": ""EM210 #1 - TOTAL""}"
7117,2026-01-01T00:01:45+00:00,current_compressor,Corrente do compressor,MEDIÇÃO ELÉTRICA,12.015,A,VÁLIDA,SIMULADOR,1,"{""controller"": ""VIRTUAL_REFRIGERATION_MACHINE"", ""scenario_id"": ""CEN-898FD1F4"", ""execution_id"": ""EXE-A8A8B81C561A"", ""session_id"": ""DIA-9C29BDB7306B"", ""seed"": 1, ""instrument"": ""EM210 #2 - COMPRESSOR""}"
7118,2026-01-01T00:01:45+00:00,current_l1,Corrente L1,MEDIÇÃO ELÉTRICA,6.348,A,VÁLIDA,SIMULADOR,1,"{""controller"": ""VIRTUAL_REFRIGERATION_MACHINE"", ""scenario_id"": ""CEN-898FD1F4"", ""execution_id"": ""EXE-A8A8B81C561A"", ""session_id"": ""DIA-9C29BDB7306B"", ""seed"": 1, ""instrument"": ""EM210 #1 - TOTAL""}"
7119,2026-01-01T00:01:45+00:00,current_l2,Corrente L2,MEDIÇÃO ELÉTRICA,6.323,A,VÁLIDA,SIMULADOR,1,"{""controller"": ""VIRTUAL_REFRIGERATION_MACHINE"", ""scenario_id"": ""CEN-898FD1F4"", ""execution_id"": ""EXE-A8A8B81C561A"", ""session_id"": ""DIA-9C29BDB7306B"", ""seed"": 1, ""instrument"": ""EM210 #1 - TOTAL""}"
7120,2026-01-01T00:01:45+00:00,current_l3,Corrente L3,MEDIÇÃO ELÉTRICA,6.349,A,VÁLIDA,SIMULADOR,1,"{""controller"": ""VIRTUAL_REFRIGERATION_MACHINE"", ""scenario_id"": ""CEN-898FD1F4"", ""execution_id"": ""EXE-A8A8B81C561A"", ""session_id"": ""DIA-9C29BDB7306B"", ""seed"": 1, ""instrument"": ""EM210 #1 - TOTAL""}"
7121,2026-01-01T00:01:50+00:00,temperature_chamber,Temperatura da câmara,SENSORES,7.069894434379232,°C,VÁLIDA,SIMULADOR,1,"{""controller"": ""VIRTUAL_REFRIGERATION_MACHINE"", ""scenario_id"": ""CEN-898FD1F4"", ""execution_id"": ""EXE-A8A8B81C561A"", ""session_id"": ""DIA-9C29BDB7306B"", ""seed"": 1, ""machine_state"": ""RESFRIAMENTO""}"
7122,2026-01-01T00:01:50+00:00,temperature_evaporator,Temperatura do evaporador,SENSORES,3.644394434379233,°C,VÁLIDA,SIMULADOR,1,"{""controller"": ""VIRTUAL_REFRIGERATION_MACHINE"", ""scenario_id"": ""CEN-898FD1F4"", ""execution_id"": ""EXE-A8A8B81C561A"", ""session_id"": ""DIA-9C29BDB7306B"", ""seed"": 1, ""machine_state"": ""RESFRIAMENTO""}"
7123,2026-01-01T00:01:50+00:00,pressure_suction,Pressão de sucção,SENSORES,20.645636042579834,psi,VÁLIDA,SIMULADOR,1,"{""controller"": ""VIRTUAL_REFRIGERATION_MACHINE"", ""scenario_id"": ""CEN-898FD1F4"", ""execution_id"": ""EXE-A8A8B81C561A"", ""session_id"": ""DIA-9C29BDB7306B"", ""seed"": 1, ""machine_state"": ""RESFRIAMENTO""}"
7124,2026-01-01T00:01:50+00:00,pressure_discharge,Pressão de descarga,SENSORES,243.5703773342875,psi,VÁLIDA,SIMULADOR,1,"{""controller"": ""VIRTUAL_REFRIGERATION_MACHINE"", ""scenario_id"": ""CEN-898FD1F4"", ""execution_id"": ""EXE-A8A8B81C561A"", ""session_id"": ""DIA-9C29BDB7306B"", ""seed"": 1, ""machine_state"": ""RESFRIAMENTO""}"
7125,2026-01-01T00:01:50+00:00,compressor_command,Comando do compressor,I/O,1.0,bool,VÁLIDA,SIMULADOR,1,"{""controller"": ""VIRTUAL_REFRIGERATION_MACHINE"", ""scenario_id"": ""CEN-898FD1F4"", ""execution_id"": ""EXE-A8A8B81C561A"", ""session_id"": ""DIA-9C29BDB7306B"", ""seed"": 1, ""machine_state"": ""RESFRIAMENTO""}"
7126,2026-01-01T00:01:50+00:00,compressor,Estado do compressor,I/O,1.0,bool,VÁLIDA,SIMULADOR,1,"{""controller"": ""VIRTUAL_REFRIGERATION_MACHINE"", ""scenario_id"": ""CEN-898FD1F4"", ""execution_id"": ""EXE-A8A8B81C561A"", ""session_id"": ""DIA-9C29BDB7306B"", ""seed"": 1, ""machine_state"": ""RESFRIAMENTO""}"
7127,2026-01-01T00:01:50+00:00,evaporator_fan,Ventilador evaporador,I/O,1.0,bool,VÁLIDA,SIMULADOR,1,"{""controller"": ""VIRTUAL_REFRIGERATION_MACHINE"", ""scenario_id"": ""CEN-898FD1F4"", ""execution_id"": ""EXE-A8A8B81C561A"", ""session_id"": ""DIA-9C29BDB7306B"", ""seed"": 1, ""machine_state"": ""RESFRIAMENTO""}"
7128,2026-01-01T00:01:50+00:00,condenser_fan,Ventilador condensador,I/O,1.0,bool,VÁLIDA,SIMULADOR,1,"{""controller"": ""VIRTUAL_REFRIGERATION_MACHINE"", ""scenario_id"": ""CEN-898FD1F4"", ""execution_id"": ""EXE-A8A8B81C561A"", ""session_id"": ""DIA-9C29BDB7306B"", ""seed"": 1, ""machine_state"": ""RESFRIAMENTO""}"
7129,2026-01-01T00:01:50+00:00,defrost,Degelo,I/O,0.0,bool,VÁLIDA,SIMULADOR,1,"{""controller"": ""VIRTUAL_REFRIGERATION_MACHINE"", ""scenario_id"": ""CEN-898FD1F4"", ""execution_id"": ""EXE-A8A8B81C561A"", ""session_id"": ""DIA-9C29BDB7306B"", ""seed"": 1, ""machine_state"": ""RESFRIAMENTO""}"
7130,2026-01-01T00:01:50+00:00,dripping,Gotejamento,I/O,0.0,bool,VÁLIDA,SIMULADOR,1,"{""controller"": ""VIRTUAL_REFRIGERATION_MACHINE"", ""scenario_id"": ""CEN-898FD1F4"", ""execution_id"": ""EXE-A8A8B81C561A"", ""session_id"": ""DIA-9C29BDB7306B"", ""seed"": 1, ""machine_state"": ""RESFRIAMENTO""}"
7131,2026-01-01T00:01:50+00:00,communication,Comunicação simulada,COMUNICAÇÃO,1.0,bool,VÁLIDA,SIMULADOR,1,"{""controller"": ""VIRTUAL_REFRIGERATION_MACHINE"", ""scenario_id"": ""CEN-898FD1F4"", ""execution_id"": ""EXE-A8A8B81C561A"", ""session_id"": ""DIA-9C29BDB7306B"", ""seed"": 1, ""machine_state"": ""RESFRIAMENTO""}"
7132,2026-01-01T00:01:50+00:00,current_total,Corrente total da máquina,MEDIÇÃO ELÉTRICA,18.988,A,VÁLIDA,SIMULADOR,1,"{""controller"": ""VIRTUAL_REFRIGERATION_MACHINE"", ""scenario_id"": ""CEN-898FD1F4"", ""execution_id"": ""EXE-A8A8B81C561A"", ""session_id"": ""DIA-9C29BDB7306B"", ""seed"": 1, ""instrument"": ""EM210 #1 - TOTAL""}"
7133,2026-01-01T00:01:50+00:00,current_compressor,Corrente do compressor,MEDIÇÃO ELÉTRICA,11.999,A,VÁLIDA,SIMULADOR,1,"{""controller"": ""VIRTUAL_REFRIGERATION_MACHINE"", ""scenario_id"": ""CEN-898FD1F4"", ""execution_id"": ""EXE-A8A8B81C561A"", ""session_id"": ""DIA-9C29BDB7306B"", ""seed"": 1, ""instrument"": ""EM210 #2 - COMPRESSOR""}"
7134,2026-01-01T00:01:50+00:00,current_l1,Corrente L1,MEDIÇÃO ELÉTRICA,6.335,A,VÁLIDA,SIMULADOR,1,"{""controller"": ""VIRTUAL_REFRIGERATION_MACHINE"", ""scenario_id"": ""CEN-898FD1F4"", ""execution_id"": ""EXE-A8A8B81C561A"", ""session_id"": ""DIA-9C29BDB7306B"", ""seed"": 1, ""instrument"": ""EM210 #1 - TOTAL""}"
7135,2026-01-01T00:01:50+00:00,current_l2,Corrente L2,MEDIÇÃO ELÉTRICA,6.336,A,VÁLIDA,SIMULADOR,1,"{""controller"": ""VIRTUAL_REFRIGERATION_MACHINE"", ""scenario_id"": ""CEN-898FD1F4"", ""execution_id"": ""EXE-A8A8B81C561A"", ""session_id"": ""DIA-9C29BDB7306B"", ""seed"": 1, ""instrument"": ""EM210 #1 - TOTAL""}"
7136,2026-01-01T00:01:50+00:00,current_l3,Corrente L3,MEDIÇÃO ELÉTRICA,6.318,A,VÁLIDA,SIMULADOR,1,"{""controller"": ""VIRTUAL_REFRIGERATION_MACHINE"", ""scenario_id"": ""CEN-898FD1F4"", ""execution_id"": ""EXE-A8A8B81C561A"", ""session_id"": ""DIA-9C29BDB7306B"", ""seed"": 1, ""instrument"": ""EM210 #1 - TOTAL""}"
7137,2026-01-01T00:01:55+00:00,temperature_chamber,Temperatura da câmara,SENSORES,7.0372355759292535,°C,VÁLIDA,SIMULADOR,1,"{""controller"": ""VIRTUAL_REFRIGERATION_MACHINE"", ""scenario_id"": ""CEN-898FD1F4"", ""execution_id"": ""EXE-A8A8B81C561A"", ""session_id"": ""DIA-9C29BDB7306B"", ""seed"": 1, ""machine_state"": ""RESFRIAMENTO""}"
7138,2026-01-01T00:01:55+00:00,temperature_evaporator,Temperatura do evaporador,SENSORES,3.540902242595922,°C,VÁLIDA,SIMULADOR,1,"{""controller"": ""VIRTUAL_REFRIGERATION_MACHINE"", ""scenario_id"": ""CEN-898FD1F4"", ""execution_id"": ""EXE-A8A8B81C561A"", ""session_id"": ""DIA-9C29BDB7306B"", ""seed"": 1, ""machine_state"": ""RESFRIAMENTO""}"
7139,2026-01-01T00:01:55+00:00,pressure_suction,Pressão de sucção,SENSORES,20.516508834063867,psi,VÁLIDA,SIMULADOR,1,"{""controller"": ""VIRTUAL_REFRIGERATION_MACHINE"", ""scenario_id"": ""CEN-898FD1F4"", ""execution_id"": ""EXE-A8A8B81C561A"", ""session_id"": ""DIA-9C29BDB7306B"", ""seed"": 1, ""machine_state"": ""RESFRIAMENTO""}"
7140,2026-01-01T00:01:55+00:00,pressure_discharge,Pressão de descarga,SENSORES,243.85630186743,psi,VÁLIDA,SIMULADOR,1,"{""controller"": ""VIRTUAL_REFRIGERATION_MACHINE"", ""scenario_id"": ""CEN-898FD1F4"", ""execution_id"": ""EXE-A8A8B81C561A"", ""session_id"": ""DIA-9C29BDB7306B"", ""seed"": 1, ""machine_state"": ""RESFRIAMENTO""}"
7141,2026-01-01T00:01:55+00:00,compressor_command,Comando do compressor,I/O,1.0,bool,VÁLIDA,SIMULADOR,1,"{""controller"": ""VIRTUAL_REFRIGERATION_MACHINE"", ""scenario_id"": ""CEN-898FD1F4"", ""execution_id"": ""EXE-A8A8B81C561A"", ""session_id"": ""DIA-9C29BDB7306B"", ""seed"": 1, ""machine_state"": ""RESFRIAMENTO""}"
7142,2026-01-01T00:01:55+00:00,compressor,Estado do compressor,I/O,1.0,bool,VÁLIDA,SIMULADOR,1,"{""controller"": ""VIRTUAL_REFRIGERATION_MACHINE"", ""scenario_id"": ""CEN-898FD1F4"", ""execution_id"": ""EXE-A8A8B81C561A"", ""session_id"": ""DIA-9C29BDB7306B"", ""seed"": 1, ""machine_state"": ""RESFRIAMENTO""}"
7143,2026-01-01T00:01:55+00:00,evaporator_fan,Ventilador evaporador,I/O,1.0,bool,VÁLIDA,SIMULADOR,1,"{""controller"": ""VIRTUAL_REFRIGERATION_MACHINE"", ""scenario_id"": ""CEN-898FD1F4"", ""execution_id"": ""EXE-A8A8B81C561A"", ""session_id"": ""DIA-9C29BDB7306B"", ""seed"": 1, ""machine_state"": ""RESFRIAMENTO""}"
7144,2026-01-01T00:01:55+00:00,condenser_fan,Ventilador condensador,I/O,1.0,bool,VÁLIDA,SIMULADOR,1,"{""controller"": ""VIRTUAL_REFRIGERATION_MACHINE"", ""scenario_id"": ""CEN-898FD1F4"", ""execution_id"": ""EXE-A8A8B81C561A"", ""session_id"": ""DIA-9C29BDB7306B"", ""seed"": 1, ""machine_state"": ""RESFRIAMENTO""}"
7145,2026-01-01T00:01:55+00:00,defrost,Degelo,I/O,0.0,bool,VÁLIDA,SIMULADOR,1,"{""controller"": ""VIRTUAL_REFRIGERATION_MACHINE"", ""scenario_id"": ""CEN-898FD1F4"", ""execution_id"": ""EXE-A8A8B81C561A"", ""session_id"": ""DIA-9C29BDB7306B"", ""seed"": 1, ""machine_state"": ""RESFRIAMENTO""}"
7146,2026-01-01T00:01:55+00:00,dripping,Gotejamento,I/O,0.0,bool,VÁLIDA,SIMULADOR,1,"{""controller"": ""VIRTUAL_REFRIGERATION_MACHINE"", ""scenario_id"": ""CEN-898FD1F4"", ""execution_id"": ""EXE-A8A8B81C561A"", ""session_id"": ""DIA-9C29BDB7306B"", ""seed"": 1, ""machine_state"": ""RESFRIAMENTO""}"
7147,2026-01-01T00:01:55+00:00,communication,Comunicação simulada,COMUNICAÇÃO,1.0,bool,VÁLIDA,SIMULADOR,1,"{""controller"": ""VIRTUAL_REFRIGERATION_MACHINE"", ""scenario_id"": ""CEN-898FD1F4"", ""execution_id"": ""EXE-A8A8B81C561A"", ""session_id"": ""DIA-9C29BDB7306B"", ""seed"": 1, ""machine_state"": ""RESFRIAMENTO""}"
7148,2026-01-01T00:01:55+00:00,current_total,Corrente total da máquina,MEDIÇÃO ELÉTRICA,18.982,A,VÁLIDA,SIMULADOR,1,"{""controller"": ""VIRTUAL_REFRIGERATION_MACHINE"", ""scenario_id"": ""CEN-898FD1F4"", ""execution_id"": ""EXE-A8A8B81C561A"", ""session_id"": ""DIA-9C29BDB7306B"", ""seed"": 1, ""instrument"": ""EM210 #1 - TOTAL""}"
7149,2026-01-01T00:01:55+00:00,current_compressor,Corrente do compressor,MEDIÇÃO ELÉTRICA,12.016,A,VÁLIDA,SIMULADOR,1,"{""controller"": ""VIRTUAL_REFRIGERATION_MACHINE"", ""scenario_id"": ""CEN-898FD1F4"", ""execution_id"": ""EXE-A8A8B81C561A"", ""session_id"": ""DIA-9C29BDB7306B"", ""seed"": 1, ""instrument"": ""EM210 #2 - COMPRESSOR""}"
7150,2026-01-01T00:01:55+00:00,current_l1,Corrente L1,MEDIÇÃO ELÉTRICA,6.345,A,VÁLIDA,SIMULADOR,1,"{""controller"": ""VIRTUAL_REFRIGERATION_MACHINE"", ""scenario_id"": ""CEN-898FD1F4"", ""execution_id"": ""EXE-A8A8B81C561A"", ""session_id"": ""DIA-9C29BDB7306B"", ""seed"": 1, ""instrument"": ""EM210 #1 - TOTAL""}"
7151,2026-01-01T00:01:55+00:00,current_l2,Corrente L2,MEDIÇÃO ELÉTRICA,6.333,A,VÁLIDA,SIMULADOR,1,"{""controller"": ""VIRTUAL_REFRIGERATION_MACHINE"", ""scenario_id"": ""CEN-898FD1F4"", ""execution_id"": ""EXE-A8A8B81C561A"", ""session_id"": ""DIA-9C29BDB7306B"", ""seed"": 1, ""instrument"": ""EM210 #1 - TOTAL""}"
7152,2026-01-01T00:01:55+00:00,current_l3,Corrente L3,MEDIÇÃO ELÉTRICA,6.34,A,VÁLIDA,SIMULADOR,1,"{""controller"": ""VIRTUAL_REFRIGERATION_MACHINE"", ""scenario_id"": ""CEN-898FD1F4"", ""execution_id"": ""EXE-A8A8B81C561A"", ""session_id"": ""DIA-9C29BDB7306B"", ""seed"": 1, ""instrument"": ""EM210 #1 - TOTAL""}"
7153,2026-01-01T00:02:00+00:00,temperature_chamber,Temperatura da câmara,SENSORES,6.987838369726567,°C,VÁLIDA,SIMULADOR,1,"{""controller"": ""VIRTUAL_REFRIGERATION_MACHINE"", ""scenario_id"": ""CEN-898FD1F4"", ""execution_id"": ""EXE-A8A8B81C561A"", ""session_id"": ""DIA-9C29BDB7306B"", ""seed"": 1, ""machine_state"": ""ESTÁVEL""}"
7154,2026-01-01T00:02:00+00:00,temperature_evaporator,Temperatura do evaporador,SENSORES,3.420671703059902,°C,VÁLIDA,SIMULADOR,1,"{""controller"": ""VIRTUAL_REFRIGERATION_MACHINE"", ""scenario_id"": ""CEN-898FD1F4"", ""execution_id"": ""EXE-A8A8B81C561A"", ""session_id"": ""DIA-9C29BDB7306B"", ""seed"": 1, ""machine_state"": ""ESTÁVEL""}"
7155,2026-01-01T00:02:00+00:00,pressure_suction,Pressão de sucção,SENSORES,20.413207067251093,psi,VÁLIDA,SIMULADOR,1,"{""controller"": ""VIRTUAL_REFRIGERATION_MACHINE"", ""scenario_id"": ""CEN-898FD1F4"", ""execution_id"": ""EXE-A8A8B81C561A"", ""session_id"": ""DIA-9C29BDB7306B"", ""seed"": 1, ""machine_state"": ""ESTÁVEL""}"
7156,2026-01-01T00:02:00+00:00,pressure_discharge,Pressão de descarga,SENSORES,244.085041493944,psi,VÁLIDA,SIMULADOR,1,"{""controller"": ""VIRTUAL_REFRIGERATION_MACHINE"", ""scenario_id"": ""CEN-898FD1F4"", ""execution_id"": ""EXE-A8A8B81C561A"", ""session_id"": ""DIA-9C29BDB7306B"", ""seed"": 1, ""machine_state"": ""ESTÁVEL""}"
7157,2026-01-01T00:02:00+00:00,compressor_command,Comando do compressor,I/O,1.0,bool,VÁLIDA,SIMULADOR,1,"{""controller"": ""VIRTUAL_REFRIGERATION_MACHINE"", ""scenario_id"": ""CEN-898FD1F4"", ""execution_id"": ""EXE-A8A8B81C561A"", ""session_id"": ""DIA-9C29BDB7306B"", ""seed"": 1, ""machine_state"": ""ESTÁVEL""}"
7158,2026-01-01T00:02:00+00:00,compressor,Estado do compressor,I/O,1.0,bool,VÁLIDA,SIMULADOR,1,"{""controller"": ""VIRTUAL_REFRIGERATION_MACHINE"", ""scenario_id"": ""CEN-898FD1F4"", ""execution_id"": ""EXE-A8A8B81C561A"", ""session_id"": ""DIA-9C29BDB7306B"", ""seed"": 1, ""machine_state"": ""ESTÁVEL""}"
7159,2026-01-01T00:02:00+00:00,evaporator_fan,Ventilador evaporador,I/O,1.0,bool,VÁLIDA,SIMULADOR,1,"{""controller"": ""VIRTUAL_REFRIGERATION_MACHINE"", ""scenario_id"": ""CEN-898FD1F4"", ""execution_id"": ""EXE-A8A8B81C561A"", ""session_id"": ""DIA-9C29BDB7306B"", ""seed"": 1, ""machine_state"": ""ESTÁVEL""}"
7160,2026-01-01T00:02:00+00:00,condenser_fan,Ventilador condensador,I/O,1.0,bool,VÁLIDA,SIMULADOR,1,"{""controller"": ""VIRTUAL_REFRIGERATION_MACHINE"", ""scenario_id"": ""CEN-898FD1F4"", ""execution_id"": ""EXE-A8A8B81C561A"", ""session_id"": ""DIA-9C29BDB7306B"", ""seed"": 1, ""machine_state"": ""ESTÁVEL""}"
7161,2026-01-01T00:02:00+00:00,defrost,Degelo,I/O,0.0,bool,VÁLIDA,SIMULADOR,1,"{""controller"": ""VIRTUAL_REFRIGERATION_MACHINE"", ""scenario_id"": ""CEN-898FD1F4"", ""execution_id"": ""EXE-A8A8B81C561A"", ""session_id"": ""DIA-9C29BDB7306B"", ""seed"": 1, ""machine_state"": ""ESTÁVEL""}"
7162,2026-01-01T00:02:00+00:00,dripping,Gotejamento,I/O,0.0,bool,VÁLIDA,SIMULADOR,1,"{""controller"": ""VIRTUAL_REFRIGERATION_MACHINE"", ""scenario_id"": ""CEN-898FD1F4"", ""execution_id"": ""EXE-A8A8B81C561A"", ""session_id"": ""DIA-9C29BDB7306B"", ""seed"": 1, ""machine_state"": ""ESTÁVEL""}"
7163,2026-01-01T00:02:00+00:00,communication,Comunicação simulada,COMUNICAÇÃO,1.0,bool,VÁLIDA,SIMULADOR,1,"{""controller"": ""VIRTUAL_REFRIGERATION_MACHINE"", ""scenario_id"": ""CEN-898FD1F4"", ""execution_id"": ""EXE-A8A8B81C561A"", ""session_id"": ""DIA-9C29BDB7306B"", ""seed"": 1, ""machine_state"": ""ESTÁVEL""}"
7164,2026-01-01T00:02:00+00:00,current_total,Corrente total da máquina,MEDIÇÃO ELÉTRICA,19.012,A,VÁLIDA,SIMULADOR,1,"{""controller"": ""VIRTUAL_REFRIGERATION_MACHINE"", ""scenario_id"": ""CEN-898FD1F4"", ""execution_id"": ""EXE-A8A8B81C561A"", ""session_id"": ""DIA-9C29BDB7306B"", ""seed"": 1, ""instrument"": ""EM210 #1 - TOTAL""}"
7165,2026-01-01T00:02:00+00:00,current_compressor,Corrente do compressor,MEDIÇÃO ELÉTRICA,11.983,A,VÁLIDA,SIMULADOR,1,"{""controller"": ""VIRTUAL_REFRIGERATION_MACHINE"", ""scenario_id"": ""CEN-898FD1F4"", ""execution_id"": ""EXE-A8A8B81C561A"", ""session_id"": ""DIA-9C29BDB7306B"", ""seed"": 1, ""instrument"": ""EM210 #2 - COMPRESSOR""}"
7166,2026-01-01T00:02:00+00:00,current_l1,Corrente L1,MEDIÇÃO ELÉTRICA,6.323,A,VÁLIDA,SIMULADOR,1,"{""controller"": ""VIRTUAL_REFRIGERATION_MACHINE"", ""scenario_id"": ""CEN-898FD1F4"", ""execution_id"": ""EXE-A8A8B81C561A"", ""session_id"": ""DIA-9C29BDB7306B"", ""seed"": 1, ""instrument"": ""EM210 #1 - TOTAL""}"
7167,2026-01-01T00:02:00+00:00,current_l2,Corrente L2,MEDIÇÃO ELÉTRICA,6.342,A,VÁLIDA,SIMULADOR,1,"{""controller"": ""VIRTUAL_REFRIGERATION_MACHINE"", ""scenario_id"": ""CEN-898FD1F4"", ""execution_id"": ""EXE-A8A8B81C561A"", ""session_id"": ""DIA-9C29BDB7306B"", ""seed"": 1, ""instrument"": ""EM210 #1 - TOTAL""}"
7168,2026-01-01T00:02:00+00:00,current_l3,Corrente L3,MEDIÇÃO ELÉTRICA,6.339,A,VÁLIDA,SIMULADOR,1,"{""controller"": ""VIRTUAL_REFRIGERATION_MACHINE"", ""scenario_id"": ""CEN-898FD1F4"", ""execution_id"": ""EXE-A8A8B81C561A"", ""session_id"": ""DIA-9C29BDB7306B"", ""seed"": 1, ""instrument"": ""EM210 #1 - TOTAL""}"
7169,2026-01-01T00:02:05+00:00,temperature_chamber,Temperatura da câmara,SENSORES,6.933503018307151,°C,VÁLIDA,SIMULADOR,1,"{""controller"": ""VIRTUAL_REFRIGERATION_MACHINE"", ""scenario_id"": ""CEN-898FD1F4"", ""execution_id"": ""EXE-A8A8B81C561A"", ""session_id"": ""DIA-9C29BDB7306B"", ""seed"": 1, ""machine_state"": ""ESTÁVEL""}"
7170,2026-01-01T00:02:05+00:00,temperature_evaporator,Temperatura do evaporador,SENSORES,3.2955030183071536,°C,VÁLIDA,SIMULADOR,1,"{""controller"": ""VIRTUAL_REFRIGERATION_MACHINE"", ""scenario_id"": ""CEN-898FD1F4"", ""execution_id"": ""EXE-A8A8B81C561A"", ""session_id"": ""DIA-9C29BDB7306B"", ""seed"": 1, ""machine_state"": ""ESTÁVEL""}"
7171,2026-01-01T00:02:05+00:00,pressure_suction,Pressão de sucção,SENSORES,20.330565653800875,psi,VÁLIDA,SIMULADOR,1,"{""controller"": ""VIRTUAL_REFRIGERATION_MACHINE"", ""scenario_id"": ""CEN-898FD1F4"", ""execution_id"": ""EXE-A8A8B81C561A"", ""session_id"": ""DIA-9C29BDB7306B"", ""seed"": 1, ""machine_state"": ""ESTÁVEL""}"
7172,2026-01-01T00:02:05+00:00,pressure_discharge,Pressão de descarga,SENSORES,244.2680331951552,psi,VÁLIDA,SIMULADOR,1,"{""controller"": ""VIRTUAL_REFRIGERATION_MACHINE"", ""scenario_id"": ""CEN-898FD1F4"", ""execution_id"": ""EXE-A8A8B81C561A"", ""session_id"": ""DIA-9C29BDB7306B"", ""seed"": 1, ""machine_state"": ""ESTÁVEL""}"
7173,2026-01-01T00:02:05+00:00,compressor_command,Comando do compressor,I/O,1.0,bool,VÁLIDA,SIMULADOR,1,"{""controller"": ""VIRTUAL_REFRIGERATION_MACHINE"", ""scenario_id"": ""CEN-898FD1F4"", ""execution_id"": ""EXE-A8A8B81C561A"", ""session_id"": ""DIA-9C29BDB7306B"", ""seed"": 1, ""machine_state"": ""ESTÁVEL""}"
7174,2026-01-01T00:02:05+00:00,compressor,Estado do compressor,I/O,1.0,bool,VÁLIDA,SIMULADOR,1,"{""controller"": ""VIRTUAL_REFRIGERATION_MACHINE"", ""scenario_id"": ""CEN-898FD1F4"", ""execution_id"": ""EXE-A8A8B81C561A"", ""session_id"": ""DIA-9C29BDB7306B"", ""seed"": 1, ""machine_state"": ""ESTÁVEL""}"
7175,2026-01-01T00:02:05+00:00,evaporator_fan,Ventilador evaporador,I/O,1.0,bool,VÁLIDA,SIMULADOR,1,"{""controller"": ""VIRTUAL_REFRIGERATION_MACHINE"", ""scenario_id"": ""CEN-898FD1F4"", ""execution_id"": ""EXE-A8A8B81C561A"", ""session_id"": ""DIA-9C29BDB7306B"", ""seed"": 1, ""machine_state"": ""ESTÁVEL""}"
7176,2026-01-01T00:02:05+00:00,condenser_fan,Ventilador condensador,I/O,1.0,bool,VÁLIDA,SIMULADOR,1,"{""controller"": ""VIRTUAL_REFRIGERATION_MACHINE"", ""scenario_id"": ""CEN-898FD1F4"", ""execution_id"": ""EXE-A8A8B81C561A"", ""session_id"": ""DIA-9C29BDB7306B"", ""seed"": 1, ""machine_state"": ""ESTÁVEL""}"
7177,2026-01-01T00:02:05+00:00,defrost,Degelo,I/O,0.0,bool,VÁLIDA,SIMULADOR,1,"{""controller"": ""VIRTUAL_REFRIGERATION_MACHINE"", ""scenario_id"": ""CEN-898FD1F4"", ""execution_id"": ""EXE-A8A8B81C561A"", ""session_id"": ""DIA-9C29BDB7306B"", ""seed"": 1, ""machine_state"": ""ESTÁVEL""}"
7178,2026-01-01T00:02:05+00:00,dripping,Gotejamento,I/O,0.0,bool,VÁLIDA,SIMULADOR,1,"{""controller"": ""VIRTUAL_REFRIGERATION_MACHINE"", ""scenario_id"": ""CEN-898FD1F4"", ""execution_id"": ""EXE-A8A8B81C561A"", ""session_id"": ""DIA-9C29BDB7306B"", ""seed"": 1, ""machine_state"": ""ESTÁVEL""}"
7179,2026-01-01T00:02:05+00:00,communication,Comunicação simulada,COMUNICAÇÃO,1.0,bool,VÁLIDA,SIMULADOR,1,"{""controller"": ""VIRTUAL_REFRIGERATION_MACHINE"", ""scenario_id"": ""CEN-898FD1F4"", ""execution_id"": ""EXE-A8A8B81C561A"", ""session_id"": ""DIA-9C29BDB7306B"", ""seed"": 1, ""machine_state"": ""ESTÁVEL""}"
7180,2026-01-01T00:02:05+00:00,current_total,Corrente total da máquina,MEDIÇÃO ELÉTRICA,18.998,A,VÁLIDA,SIMULADOR,1,"{""controller"": ""VIRTUAL_REFRIGERATION_MACHINE"", ""scenario_id"": ""CEN-898FD1F4"", ""execution_id"": ""EXE-A8A8B81C561A"", ""session_id"": ""DIA-9C29BDB7306B"", ""seed"": 1, ""instrument"": ""EM210 #1 - TOTAL""}"
7181,2026-01-01T00:02:05+00:00,current_compressor,Corrente do compressor,MEDIÇÃO ELÉTRICA,11.986,A,VÁLIDA,SIMULADOR,1,"{""controller"": ""VIRTUAL_REFRIGERATION_MACHINE"", ""scenario_id"": ""CEN-898FD1F4"", ""execution_id"": ""EXE-A8A8B81C561A"", ""session_id"": ""DIA-9C29BDB7306B"", ""seed"": 1, ""instrument"": ""EM210 #2 - COMPRESSOR""}"
7182,2026-01-01T00:02:05+00:00,current_l1,Corrente L1,MEDIÇÃO ELÉTRICA,6.316,A,VÁLIDA,SIMULADOR,1,"{""controller"": ""VIRTUAL_REFRIGERATION_MACHINE"", ""scenario_id"": ""CEN-898FD1F4"", ""execution_id"": ""EXE-A8A8B81C561A"", ""session_id"": ""DIA-9C29BDB7306B"", ""seed"": 1, ""instrument"": ""EM210 #1 - TOTAL""}"
7183,2026-01-01T00:02:05+00:00,current_l2,Corrente L2,MEDIÇÃO ELÉTRICA,6.325,A,VÁLIDA,SIMULADOR,1,"{""controller"": ""VIRTUAL_REFRIGERATION_MACHINE"", ""scenario_id"": ""CEN-898FD1F4"", ""execution_id"": ""EXE-A8A8B81C561A"", ""session_id"": ""DIA-9C29BDB7306B"", ""seed"": 1, ""instrument"": ""EM210 #1 - TOTAL""}"
7184,2026-01-01T00:02:05+00:00,current_l3,Corrente L3,MEDIÇÃO ELÉTRICA,6.338,A,VÁLIDA,SIMULADOR,1,"{""controller"": ""VIRTUAL_REFRIGERATION_MACHINE"", ""scenario_id"": ""CEN-898FD1F4"", ""execution_id"": ""EXE-A8A8B81C561A"", ""session_id"": ""DIA-9C29BDB7306B"", ""seed"": 1, ""instrument"": ""EM210 #1 - TOTAL""}"
7185,2026-01-01T00:02:10+00:00,temperature_chamber,Temperatura da câmara,SENSORES,6.8853331822412995,°C,VÁLIDA,SIMULADOR,1,"{""controller"": ""VIRTUAL_REFRIGERATION_MACHINE"", ""scenario_id"": ""CEN-898FD1F4"", ""execution_id"": ""EXE-A8A8B81C561A"", ""session_id"": ""DIA-9C29BDB7306B"", ""seed"": 1, ""machine_state"": ""ESTÁVEL""}"
7186,2026-01-01T00:02:10+00:00,temperature_evaporator,Temperatura do evaporador,SENSORES,3.1764998489079685,°C,VÁLIDA,SIMULADOR,1,"{""controller"": ""VIRTUAL_REFRIGERATION_MACHINE"", ""scenario_id"": ""CEN-898FD1F4"", ""execution_id"": ""EXE-A8A8B81C561A"", ""session_id"": ""DIA-9C29BDB7306B"", ""seed"": 1, ""machine_state"": ""ESTÁVEL""}"
7187,2026-01-01T00:02:10+00:00,pressure_suction,Pressão de sucção,SENSORES,20.2644525230407,psi,VÁLIDA,SIMULADOR,1,"{""controller"": ""VIRTUAL_REFRIGERATION_MACHINE"", ""scenario_id"": ""CEN-898FD1F4"", ""execution_id"": ""EXE-A8A8B81C561A"", ""session_id"": ""DIA-9C29BDB7306B"", ""seed"": 1, ""machine_state"": ""ESTÁVEL""}"
7188,2026-01-01T00:02:10+00:00,pressure_discharge,Pressão de descarga,SENSORES,244.41442655612417,psi,VÁLIDA,SIMULADOR,1,"{""controller"": ""VIRTUAL_REFRIGERATION_MACHINE"", ""scenario_id"": ""CEN-898FD1F4"", ""execution_id"": ""EXE-A8A8B81C561A"", ""session_id"": ""DIA-9C29BDB7306B"", ""seed"": 1, ""machine_state"": ""ESTÁVEL""}"
7189,2026-01-01T00:02:10+00:00,compressor_command,Comando do compressor,I/O,1.0,bool,VÁLIDA,SIMULADOR,1,"{""controller"": ""VIRTUAL_REFRIGERATION_MACHINE"", ""scenario_id"": ""CEN-898FD1F4"", ""execution_id"": ""EXE-A8A8B81C561A"", ""session_id"": ""DIA-9C29BDB7306B"", ""seed"": 1, ""machine_state"": ""ESTÁVEL""}"
7190,2026-01-01T00:02:10+00:00,compressor,Estado do compressor,I/O,1.0,bool,VÁLIDA,SIMULADOR,1,"{""controller"": ""VIRTUAL_REFRIGERATION_MACHINE"", ""scenario_id"": ""CEN-898FD1F4"", ""execution_id"": ""EXE-A8A8B81C561A"", ""session_id"": ""DIA-9C29BDB7306B"", ""seed"": 1, ""machine_state"": ""ESTÁVEL""}"
7191,2026-01-01T00:02:10+00:00,evaporator_fan,Ventilador evaporador,I/O,1.0,bool,VÁLIDA,SIMULADOR,1,"{""controller"": ""VIRTUAL_REFRIGERATION_MACHINE"", ""scenario_id"": ""CEN-898FD1F4"", ""execution_id"": ""EXE-A8A8B81C561A"", ""session_id"": ""DIA-9C29BDB7306B"", ""seed"": 1, ""machine_state"": ""ESTÁVEL""}"
7192,2026-01-01T00:02:10+00:00,condenser_fan,Ventilador condensador,I/O,0.0,bool,VÁLIDA,SIMULADOR,1,"{""controller"": ""VIRTUAL_REFRIGERATION_MACHINE"", ""scenario_id"": ""CEN-898FD1F4"", ""execution_id"": ""EXE-A8A8B81C561A"", ""session_id"": ""DIA-9C29BDB7306B"", ""seed"": 1, ""machine_state"": ""ESTÁVEL""}"
7193,2026-01-01T00:02:10+00:00,defrost,Degelo,I/O,0.0,bool,VÁLIDA,SIMULADOR,1,"{""controller"": ""VIRTUAL_REFRIGERATION_MACHINE"", ""scenario_id"": ""CEN-898FD1F4"", ""execution_id"": ""EXE-A8A8B81C561A"", ""session_id"": ""DIA-9C29BDB7306B"", ""seed"": 1, ""machine_state"": ""ESTÁVEL""}"
7194,2026-01-01T00:02:10+00:00,dripping,Gotejamento,I/O,0.0,bool,VÁLIDA,SIMULADOR,1,"{""controller"": ""VIRTUAL_REFRIGERATION_MACHINE"", ""scenario_id"": ""CEN-898FD1F4"", ""execution_id"": ""EXE-A8A8B81C561A"", ""session_id"": ""DIA-9C29BDB7306B"", ""seed"": 1, ""machine_state"": ""ESTÁVEL""}"
7195,2026-01-01T00:02:10+00:00,communication,Comunicação simulada,COMUNICAÇÃO,1.0,bool,VÁLIDA,SIMULADOR,1,"{""controller"": ""VIRTUAL_REFRIGERATION_MACHINE"", ""scenario_id"": ""CEN-898FD1F4"", ""execution_id"": ""EXE-A8A8B81C561A"", ""session_id"": ""DIA-9C29BDB7306B"", ""seed"": 1, ""machine_state"": ""ESTÁVEL""}"
7196,2026-01-01T00:02:10+00:00,current_total,Corrente total da máquina,MEDIÇÃO ELÉTRICA,14.998,A,VÁLIDA,SIMULADOR,1,"{""controller"": ""VIRTUAL_REFRIGERATION_MACHINE"", ""scenario_id"": ""CEN-898FD1F4"", ""execution_id"": ""EXE-A8A8B81C561A"", ""session_id"": ""DIA-9C29BDB7306B"", ""seed"": 1, ""instrument"": ""EM210 #1 - TOTAL""}"
7197,2026-01-01T00:02:10+00:00,current_compressor,Corrente do compressor,MEDIÇÃO ELÉTRICA,12.005,A,VÁLIDA,SIMULADOR,1,"{""controller"": ""VIRTUAL_REFRIGERATION_MACHINE"", ""scenario_id"": ""CEN-898FD1F4"", ""execution_id"": ""EXE-A8A8B81C561A"", ""session_id"": ""DIA-9C29BDB7306B"", ""seed"": 1, ""instrument"": ""EM210 #2 - COMPRESSOR""}"
7198,2026-01-01T00:02:10+00:00,current_l1,Corrente L1,MEDIÇÃO ELÉTRICA,5.017,A,VÁLIDA,SIMULADOR,1,"{""controller"": ""VIRTUAL_REFRIGERATION_MACHINE"", ""scenario_id"": ""CEN-898FD1F4"", ""execution_id"": ""EXE-A8A8B81C561A"", ""session_id"": ""DIA-9C29BDB7306B"", ""seed"": 1, ""instrument"": ""EM210 #1 - TOTAL""}"
7199,2026-01-01T00:02:10+00:00,current_l2,Corrente L2,MEDIÇÃO ELÉTRICA,4.999,A,VÁLIDA,SIMULADOR,1,"{""controller"": ""VIRTUAL_REFRIGERATION_MACHINE"", ""scenario_id"": ""CEN-898FD1F4"", ""execution_id"": ""EXE-A8A8B81C561A"", ""session_id"": ""DIA-9C29BDB7306B"", ""seed"": 1, ""instrument"": ""EM210 #1 - TOTAL""}"
7200,2026-01-01T00:02:10+00:00,current_l3,Corrente L3,MEDIÇÃO ELÉTRICA,4.99,A,VÁLIDA,SIMULADOR,1,"{""controller"": ""VIRTUAL_REFRIGERATION_MACHINE"", ""scenario_id"": ""CEN-898FD1F4"", ""execution_id"": ""EXE-A8A8B81C561A"", ""session_id"": ""DIA-9C29BDB7306B"", ""seed"": 1, ""instrument"": ""EM210 #1 - TOTAL""}"
7201,2026-01-01T00:02:15+00:00,temperature_chamber,Temperatura da câmara,SENSORES,6.825371072535212,°C,VÁLIDA,SIMULADOR,1,"{""controller"": ""VIRTUAL_REFRIGERATION_MACHINE"", ""scenario_id"": ""CEN-898FD1F4"", ""execution_id"": ""EXE-A8A8B81C561A"", ""session_id"": ""DIA-9C29BDB7306B"", ""seed"": 1, ""machine_state"": ""ESTÁVEL""}"
7202,2026-01-01T00:02:15+00:00,temperature_evaporator,Temperatura do evaporador,SENSORES,3.045704405868548,°C,VÁLIDA,SIMULADOR,1,"{""controller"": ""VIRTUAL_REFRIGERATION_MACHINE"", ""scenario_id"": ""CEN-898FD1F4"", ""execution_id"": ""EXE-A8A8B81C561A"", ""session_id"": ""DIA-9C29BDB7306B"", ""seed"": 1, ""machine_state"": ""ESTÁVEL""}"
7203,2026-01-01T00:02:15+00:00,pressure_suction,Pressão de sucção,SENSORES,20.21156201843256,psi,VÁLIDA,SIMULADOR,1,"{""controller"": ""VIRTUAL_REFRIGERATION_MACHINE"", ""scenario_id"": ""CEN-898FD1F4"", ""execution_id"": ""EXE-A8A8B81C561A"", ""session_id"": ""DIA-9C29BDB7306B"", ""seed"": 1, ""machine_state"": ""ESTÁVEL""}"
7204,2026-01-01T00:02:15+00:00,pressure_discharge,Pressão de descarga,SENSORES,244.53154124489933,psi,VÁLIDA,SIMULADOR,1,"{""controller"": ""VIRTUAL_REFRIGERATION_MACHINE"", ""scenario_id"": ""CEN-898FD1F4"", ""execution_id"": ""EXE-A8A8B81C561A"", ""session_id"": ""DIA-9C29BDB7306B"", ""seed"": 1, ""machine_state"": ""ESTÁVEL""}"
7205,2026-01-01T00:02:15+00:00,compressor_command,Comando do compressor,I/O,1.0,bool,VÁLIDA,SIMULADOR,1,"{""controller"": ""VIRTUAL_REFRIGERATION_MACHINE"", ""scenario_id"": ""CEN-898FD1F4"", ""execution_id"": ""EXE-A8A8B81C561A"", ""session_id"": ""DIA-9C29BDB7306B"", ""seed"": 1, ""machine_state"": ""ESTÁVEL""}"
7206,2026-01-01T00:02:15+00:00,compressor,Estado do compressor,I/O,1.0,bool,VÁLIDA,SIMULADOR,1,"{""controller"": ""VIRTUAL_REFRIGERATION_MACHINE"", ""scenario_id"": ""CEN-898FD1F4"", ""execution_id"": ""EXE-A8A8B81C561A"", ""session_id"": ""DIA-9C29BDB7306B"", ""seed"": 1, ""machine_state"": ""ESTÁVEL""}"
7207,2026-01-01T00:02:15+00:00,evaporator_fan,Ventilador evaporador,I/O,1.0,bool,VÁLIDA,SIMULADOR,1,"{""controller"": ""VIRTUAL_REFRIGERATION_MACHINE"", ""scenario_id"": ""CEN-898FD1F4"", ""execution_id"": ""EXE-A8A8B81C561A"", ""session_id"": ""DIA-9C29BDB7306B"", ""seed"": 1, ""machine_state"": ""ESTÁVEL""}"
7208,2026-01-01T00:02:15+00:00,condenser_fan,Ventilador condensador,I/O,0.0,bool,VÁLIDA,SIMULADOR,1,"{""controller"": ""VIRTUAL_REFRIGERATION_MACHINE"", ""scenario_id"": ""CEN-898FD1F4"", ""execution_id"": ""EXE-A8A8B81C561A"", ""session_id"": ""DIA-9C29BDB7306B"", ""seed"": 1, ""machine_state"": ""ESTÁVEL""}"
7209,2026-01-01T00:02:15+00:00,defrost,Degelo,I/O,0.0,bool,VÁLIDA,SIMULADOR,1,"{""controller"": ""VIRTUAL_REFRIGERATION_MACHINE"", ""scenario_id"": ""CEN-898FD1F4"", ""execution_id"": ""EXE-A8A8B81C561A"", ""session_id"": ""DIA-9C29BDB7306B"", ""seed"": 1, ""machine_state"": ""ESTÁVEL""}"
7210,2026-01-01T00:02:15+00:00,dripping,Gotejamento,I/O,0.0,bool,VÁLIDA,SIMULADOR,1,"{""controller"": ""VIRTUAL_REFRIGERATION_MACHINE"", ""scenario_id"": ""CEN-898FD1F4"", ""execution_id"": ""EXE-A8A8B81C561A"", ""session_id"": ""DIA-9C29BDB7306B"", ""seed"": 1, ""machine_state"": ""ESTÁVEL""}"
7211,2026-01-01T00:02:15+00:00,communication,Comunicação simulada,COMUNICAÇÃO,1.0,bool,VÁLIDA,SIMULADOR,1,"{""controller"": ""VIRTUAL_REFRIGERATION_MACHINE"", ""scenario_id"": ""CEN-898FD1F4"", ""execution_id"": ""EXE-A8A8B81C561A"", ""session_id"": ""DIA-9C29BDB7306B"", ""seed"": 1, ""machine_state"": ""ESTÁVEL""}"
7212,2026-01-01T00:02:15+00:00,current_total,Corrente total da máquina,MEDIÇÃO ELÉTRICA,15.016,A,VÁLIDA,SIMULADOR,1,"{""controller"": ""VIRTUAL_REFRIGERATION_MACHINE"", ""scenario_id"": ""CEN-898FD1F4"", ""execution_id"": ""EXE-A8A8B81C561A"", ""session_id"": ""DIA-9C29BDB7306B"", ""seed"": 1, ""instrument"": ""EM210 #1 - TOTAL""}"
7213,2026-01-01T00:02:15+00:00,current_compressor,Corrente do compressor,MEDIÇÃO ELÉTRICA,12.019,A,VÁLIDA,SIMULADOR,1,"{""controller"": ""VIRTUAL_REFRIGERATION_MACHINE"", ""scenario_id"": ""CEN-898FD1F4"", ""execution_id"": ""EXE-A8A8B81C561A"", ""session_id"": ""DIA-9C29BDB7306B"", ""seed"": 1, ""instrument"": ""EM210 #2 - COMPRESSOR""}"
7214,2026-01-01T00:02:15+00:00,current_l1,Corrente L1,MEDIÇÃO ELÉTRICA,4.999,A,VÁLIDA,SIMULADOR,1,"{""controller"": ""VIRTUAL_REFRIGERATION_MACHINE"", ""scenario_id"": ""CEN-898FD1F4"", ""execution_id"": ""EXE-A8A8B81C561A"", ""session_id"": ""DIA-9C29BDB7306B"", ""seed"": 1, ""instrument"": ""EM210 #1 - TOTAL""}"
7215,2026-01-01T00:02:15+00:00,current_l2,Corrente L2,MEDIÇÃO ELÉTRICA,5.016,A,VÁLIDA,SIMULADOR,1,"{""controller"": ""VIRTUAL_REFRIGERATION_MACHINE"", ""scenario_id"": ""CEN-898FD1F4"", ""execution_id"": ""EXE-A8A8B81C561A"", ""session_id"": ""DIA-9C29BDB7306B"", ""seed"": 1, ""instrument"": ""EM210 #1 - TOTAL""}"
7216,2026-01-01T00:02:15+00:00,current_l3,Corrente L3,MEDIÇÃO ELÉTRICA,4.997,A,VÁLIDA,SIMULADOR,1,"{""controller"": ""VIRTUAL_REFRIGERATION_MACHINE"", ""scenario_id"": ""CEN-898FD1F4"", ""execution_id"": ""EXE-A8A8B81C561A"", ""session_id"": ""DIA-9C29BDB7306B"", ""seed"": 1, ""instrument"": ""EM210 #1 - TOTAL""}"
7217,2026-01-01T00:02:20+00:00,temperature_chamber,Temperatura da câmara,SENSORES,6.77118848919007,°C,VÁLIDA,SIMULADOR,1,"{""controller"": ""VIRTUAL_REFRIGERATION_MACHINE"", ""scenario_id"": ""CEN-898FD1F4"", ""execution_id"": ""EXE-A8A8B81C561A"", ""session_id"": ""DIA-9C29BDB7306B"", ""seed"": 1, ""machine_state"": ""ESTÁVEL""}"
7218,2026-01-01T00:02:20+00:00,temperature_evaporator,Temperatura do evaporador,SENSORES,2.920688489190072,°C,VÁLIDA,SIMULADOR,1,"{""controller"": ""VIRTUAL_REFRIGERATION_MACHINE"", ""scenario_id"": ""CEN-898FD1F4"", ""execution_id"": ""EXE-A8A8B81C561A"", ""session_id"": ""DIA-9C29BDB7306B"", ""seed"": 1, ""machine_state"": ""ESTÁVEL""}"
7219,2026-01-01T00:02:20+00:00,pressure_suction,Pressão de sucção,SENSORES,20.169249614746047,psi,VÁLIDA,SIMULADOR,1,"{""controller"": ""VIRTUAL_REFRIGERATION_MACHINE"", ""scenario_id"": ""CEN-898FD1F4"", ""execution_id"": ""EXE-A8A8B81C561A"", ""session_id"": ""DIA-9C29BDB7306B"", ""seed"": 1, ""machine_state"": ""ESTÁVEL""}"
7220,2026-01-01T00:02:20+00:00,pressure_discharge,Pressão de descarga,SENSORES,244.62523299591948,psi,VÁLIDA,SIMULADOR,1,"{""controller"": ""VIRTUAL_REFRIGERATION_MACHINE"", ""scenario_id"": ""CEN-898FD1F4"", ""execution_id"": ""EXE-A8A8B81C561A"", ""session_id"": ""DIA-9C29BDB7306B"", ""seed"": 1, ""machine_state"": ""ESTÁVEL""}"
7221,2026-01-01T00:02:20+00:00,compressor_command,Comando do compressor,I/O,1.0,bool,VÁLIDA,SIMULADOR,1,"{""controller"": ""VIRTUAL_REFRIGERATION_MACHINE"", ""scenario_id"": ""CEN-898FD1F4"", ""execution_id"": ""EXE-A8A8B81C561A"", ""session_id"": ""DIA-9C29BDB7306B"", ""seed"": 1, ""machine_state"": ""ESTÁVEL""}"
7222,2026-01-01T00:02:20+00:00,compressor,Estado do compressor,I/O,1.0,bool,VÁLIDA,SIMULADOR,1,"{""controller"": ""VIRTUAL_REFRIGERATION_MACHINE"", ""scenario_id"": ""CEN-898FD1F4"", ""execution_id"": ""EXE-A8A8B81C561A"", ""session_id"": ""DIA-9C29BDB7306B"", ""seed"": 1, ""machine_state"": ""ESTÁVEL""}"
7223,2026-01-01T00:02:20+00:00,evaporator_fan,Ventilador evaporador,I/O,1.0,bool,VÁLIDA,SIMULADOR,1,"{""controller"": ""VIRTUAL_REFRIGERATION_MACHINE"", ""scenario_id"": ""CEN-898FD1F4"", ""execution_id"": ""EXE-A8A8B81C561A"", ""session_id"": ""DIA-9C29BDB7306B"", ""seed"": 1, ""machine_state"": ""ESTÁVEL""}"
7224,2026-01-01T00:02:20+00:00,condenser_fan,Ventilador condensador,I/O,0.0,bool,VÁLIDA,SIMULADOR,1,"{""controller"": ""VIRTUAL_REFRIGERATION_MACHINE"", ""scenario_id"": ""CEN-898FD1F4"", ""execution_id"": ""EXE-A8A8B81C561A"", ""session_id"": ""DIA-9C29BDB7306B"", ""seed"": 1, ""machine_state"": ""ESTÁVEL""}"
7225,2026-01-01T00:02:20+00:00,defrost,Degelo,I/O,0.0,bool,VÁLIDA,SIMULADOR,1,"{""controller"": ""VIRTUAL_REFRIGERATION_MACHINE"", ""scenario_id"": ""CEN-898FD1F4"", ""execution_id"": ""EXE-A8A8B81C561A"", ""session_id"": ""DIA-9C29BDB7306B"", ""seed"": 1, ""machine_state"": ""ESTÁVEL""}"
7226,2026-01-01T00:02:20+00:00,dripping,Gotejamento,I/O,0.0,bool,VÁLIDA,SIMULADOR,1,"{""controller"": ""VIRTUAL_REFRIGERATION_MACHINE"", ""scenario_id"": ""CEN-898FD1F4"", ""execution_id"": ""EXE-A8A8B81C561A"", ""session_id"": ""DIA-9C29BDB7306B"", ""seed"": 1, ""machine_state"": ""ESTÁVEL""}"
7227,2026-01-01T00:02:20+00:00,communication,Comunicação simulada,COMUNICAÇÃO,1.0,bool,VÁLIDA,SIMULADOR,1,"{""controller"": ""VIRTUAL_REFRIGERATION_MACHINE"", ""scenario_id"": ""CEN-898FD1F4"", ""execution_id"": ""EXE-A8A8B81C561A"", ""session_id"": ""DIA-9C29BDB7306B"", ""seed"": 1, ""machine_state"": ""ESTÁVEL""}"
7228,2026-01-01T00:02:20+00:00,current_total,Corrente total da máquina,MEDIÇÃO ELÉTRICA,14.985,A,VÁLIDA,SIMULADOR,1,"{""controller"": ""VIRTUAL_REFRIGERATION_MACHINE"", ""scenario_id"": ""CEN-898FD1F4"", ""execution_id"": ""EXE-A8A8B81C561A"", ""session_id"": ""DIA-9C29BDB7306B"", ""seed"": 1, ""instrument"": ""EM210 #1 - TOTAL""}"
7229,2026-01-01T00:02:20+00:00,current_compressor,Corrente do compressor,MEDIÇÃO ELÉTRICA,12.001,A,VÁLIDA,SIMULADOR,1,"{""controller"": ""VIRTUAL_REFRIGERATION_MACHINE"", ""scenario_id"": ""CEN-898FD1F4"", ""execution_id"": ""EXE-A8A8B81C561A"", ""session_id"": ""DIA-9C29BDB7306B"", ""seed"": 1, ""instrument"": ""EM210 #2 - COMPRESSOR""}"
7230,2026-01-01T00:02:20+00:00,current_l1,Corrente L1,MEDIÇÃO ELÉTRICA,5.017,A,VÁLIDA,SIMULADOR,1,"{""controller"": ""VIRTUAL_REFRIGERATION_MACHINE"", ""scenario_id"": ""CEN-898FD1F4"", ""execution_id"": ""EXE-A8A8B81C561A"", ""session_id"": ""DIA-9C29BDB7306B"", ""seed"": 1, ""instrument"": ""EM210 #1 - TOTAL""}"
7231,2026-01-01T00:02:20+00:00,current_l2,Corrente L2,MEDIÇÃO ELÉTRICA,5.008,A,VÁLIDA,SIMULADOR,1,"{""controller"": ""VIRTUAL_REFRIGERATION_MACHINE"", ""scenario_id"": ""CEN-898FD1F4"", ""execution_id"": ""EXE-A8A8B81C561A"", ""session_id"": ""DIA-9C29BDB7306B"", ""seed"": 1, ""instrument"": ""EM210 #1 - TOTAL""}"
7232,2026-01-01T00:02:20+00:00,current_l3,Corrente L3,MEDIÇÃO ELÉTRICA,4.989,A,VÁLIDA,SIMULADOR,1,"{""controller"": ""VIRTUAL_REFRIGERATION_MACHINE"", ""scenario_id"": ""CEN-898FD1F4"", ""execution_id"": ""EXE-A8A8B81C561A"", ""session_id"": ""DIA-9C29BDB7306B"", ""seed"": 1, ""instrument"": ""EM210 #1 - TOTAL""}"
7233,2026-01-01T00:02:25+00:00,temperature_chamber,Temperatura da câmara,SENSORES,6.723491783666254,°C,VÁLIDA,SIMULADOR,1,"{""controller"": ""VIRTUAL_REFRIGERATION_MACHINE"", ""scenario_id"": ""CEN-898FD1F4"", ""execution_id"": ""EXE-A8A8B81C561A"", ""session_id"": ""DIA-9C29BDB7306B"", ""seed"": 1, ""machine_state"": ""ESTÁVEL""}"
7234,2026-01-01T00:02:25+00:00,temperature_evaporator,Temperatura do evaporador,SENSORES,2.802158450332923,°C,VÁLIDA,SIMULADOR,1,"{""controller"": ""VIRTUAL_REFRIGERATION_MACHINE"", ""scenario_id"": ""CEN-898FD1F4"", ""execution_id"": ""EXE-A8A8B81C561A"", ""session_id"": ""DIA-9C29BDB7306B"", ""seed"": 1, ""machine_state"": ""ESTÁVEL""}"
7235,2026-01-01T00:02:25+00:00,pressure_suction,Pressão de sucção,SENSORES,20.135399691796838,psi,VÁLIDA,SIMULADOR,1,"{""controller"": ""VIRTUAL_REFRIGERATION_MACHINE"", ""scenario_id"": ""CEN-898FD1F4"", ""execution_id"": ""EXE-A8A8B81C561A"", ""session_id"": ""DIA-9C29BDB7306B"", ""seed"": 1, ""machine_state"": ""ESTÁVEL""}"
7236,2026-01-01T00:02:25+00:00,pressure_discharge,Pressão de descarga,SENSORES,244.70018639673557,psi,VÁLIDA,SIMULADOR,1,"{""controller"": ""VIRTUAL_REFRIGERATION_MACHINE"", ""scenario_id"": ""CEN-898FD1F4"", ""execution_id"": ""EXE-A8A8B81C561A"", ""session_id"": ""DIA-9C29BDB7306B"", ""seed"": 1, ""machine_state"": ""ESTÁVEL""}"
7237,2026-01-01T00:02:25+00:00,compressor_command,Comando do compressor,I/O,1.0,bool,VÁLIDA,SIMULADOR,1,"{""controller"": ""VIRTUAL_REFRIGERATION_MACHINE"", ""scenario_id"": ""CEN-898FD1F4"", ""execution_id"": ""EXE-A8A8B81C561A"", ""session_id"": ""DIA-9C29BDB7306B"", ""seed"": 1, ""machine_state"": ""ESTÁVEL""}"
7238,2026-01-01T00:02:25+00:00,compressor,Estado do compressor,I/O,1.0,bool,VÁLIDA,SIMULADOR,1,"{""controller"": ""VIRTUAL_REFRIGERATION_MACHINE"", ""scenario_id"": ""CEN-898FD1F4"", ""execution_id"": ""EXE-A8A8B81C561A"", ""session_id"": ""DIA-9C29BDB7306B"", ""seed"": 1, ""machine_state"": ""ESTÁVEL""}"
7239,2026-01-01T00:02:25+00:00,evaporator_fan,Ventilador evaporador,I/O,1.0,bool,VÁLIDA,SIMULADOR,1,"{""controller"": ""VIRTUAL_REFRIGERATION_MACHINE"", ""scenario_id"": ""CEN-898FD1F4"", ""execution_id"": ""EXE-A8A8B81C561A"", ""session_id"": ""DIA-9C29BDB7306B"", ""seed"": 1, ""machine_state"": ""ESTÁVEL""}"
7240,2026-01-01T00:02:25+00:00,condenser_fan,Ventilador condensador,I/O,0.0,bool,VÁLIDA,SIMULADOR,1,"{""controller"": ""VIRTUAL_REFRIGERATION_MACHINE"", ""scenario_id"": ""CEN-898FD1F4"", ""execution_id"": ""EXE-A8A8B81C561A"", ""session_id"": ""DIA-9C29BDB7306B"", ""seed"": 1, ""machine_state"": ""ESTÁVEL""}"
7241,2026-01-01T00:02:25+00:00,defrost,Degelo,I/O,0.0,bool,VÁLIDA,SIMULADOR,1,"{""controller"": ""VIRTUAL_REFRIGERATION_MACHINE"", ""scenario_id"": ""CEN-898FD1F4"", ""execution_id"": ""EXE-A8A8B81C561A"", ""session_id"": ""DIA-9C29BDB7306B"", ""seed"": 1, ""machine_state"": ""ESTÁVEL""}"
7242,2026-01-01T00:02:25+00:00,dripping,Gotejamento,I/O,0.0,bool,VÁLIDA,SIMULADOR,1,"{""controller"": ""VIRTUAL_REFRIGERATION_MACHINE"", ""scenario_id"": ""CEN-898FD1F4"", ""execution_id"": ""EXE-A8A8B81C561A"", ""session_id"": ""DIA-9C29BDB7306B"", ""seed"": 1, ""machine_state"": ""ESTÁVEL""}"
7243,2026-01-01T00:02:25+00:00,communication,Comunicação simulada,COMUNICAÇÃO,1.0,bool,VÁLIDA,SIMULADOR,1,"{""controller"": ""VIRTUAL_REFRIGERATION_MACHINE"", ""scenario_id"": ""CEN-898FD1F4"", ""execution_id"": ""EXE-A8A8B81C561A"", ""session_id"": ""DIA-9C29BDB7306B"", ""seed"": 1, ""machine_state"": ""ESTÁVEL""}"
7244,2026-01-01T00:02:25+00:00,current_total,Corrente total da máquina,MEDIÇÃO ELÉTRICA,14.984,A,VÁLIDA,SIMULADOR,1,"{""controller"": ""VIRTUAL_REFRIGERATION_MACHINE"", ""scenario_id"": ""CEN-898FD1F4"", ""execution_id"": ""EXE-A8A8B81C561A"", ""session_id"": ""DIA-9C29BDB7306B"", ""seed"": 1, ""instrument"": ""EM210 #1 - TOTAL""}"
7245,2026-01-01T00:02:25+00:00,current_compressor,Corrente do compressor,MEDIÇÃO ELÉTRICA,12.018,A,VÁLIDA,SIMULADOR,1,"{""controller"": ""VIRTUAL_REFRIGERATION_MACHINE"", ""scenario_id"": ""CEN-898FD1F4"", ""execution_id"": ""EXE-A8A8B81C561A"", ""session_id"": ""DIA-9C29BDB7306B"", ""seed"": 1, ""instrument"": ""EM210 #2 - COMPRESSOR""}"
7246,2026-01-01T00:02:25+00:00,current_l1,Corrente L1,MEDIÇÃO ELÉTRICA,5.006,A,VÁLIDA,SIMULADOR,1,"{""controller"": ""VIRTUAL_REFRIGERATION_MACHINE"", ""scenario_id"": ""CEN-898FD1F4"", ""execution_id"": ""EXE-A8A8B81C561A"", ""session_id"": ""DIA-9C29BDB7306B"", ""seed"": 1, ""instrument"": ""EM210 #1 - TOTAL""}"
7247,2026-01-01T00:02:25+00:00,current_l2,Corrente L2,MEDIÇÃO ELÉTRICA,5.004,A,VÁLIDA,SIMULADOR,1,"{""controller"": ""VIRTUAL_REFRIGERATION_MACHINE"", ""scenario_id"": ""CEN-898FD1F4"", ""execution_id"": ""EXE-A8A8B81C561A"", ""session_id"": ""DIA-9C29BDB7306B"", ""seed"": 1, ""instrument"": ""EM210 #1 - TOTAL""}"
7248,2026-01-01T00:02:25+00:00,current_l3,Corrente L3,MEDIÇÃO ELÉTRICA,5.009,A,VÁLIDA,SIMULADOR,1,"{""controller"": ""VIRTUAL_REFRIGERATION_MACHINE"", ""scenario_id"": ""CEN-898FD1F4"", ""execution_id"": ""EXE-A8A8B81C561A"", ""session_id"": ""DIA-9C29BDB7306B"", ""seed"": 1, ""instrument"": ""EM210 #1 - TOTAL""}"
7249,2026-01-01T00:02:30+00:00,temperature_chamber,Temperatura da câmara,SENSORES,6.677532817574376,°C,VÁLIDA,SIMULADOR,1,"{""controller"": ""VIRTUAL_REFRIGERATION_MACHINE"", ""scenario_id"": ""CEN-898FD1F4"", ""execution_id"": ""EXE-A8A8B81C561A"", ""session_id"": ""DIA-9C29BDB7306B"", ""seed"": 1, ""machine_state"": ""ESTÁVEL""}"
7250,2026-01-01T00:02:30+00:00,temperature_evaporator,Temperatura do evaporador,SENSORES,2.685366150907712,°C,VÁLIDA,SIMULADOR,1,"{""controller"": ""VIRTUAL_REFRIGERATION_MACHINE"", ""scenario_id"": ""CEN-898FD1F4"", ""execution_id"": ""EXE-A8A8B81C561A"", ""session_id"": ""DIA-9C29BDB7306B"", ""seed"": 1, ""machine_state"": ""ESTÁVEL""}"
7251,2026-01-01T00:02:30+00:00,pressure_suction,Pressão de sucção,SENSORES,20.10831975343747,psi,VÁLIDA,SIMULADOR,1,"{""controller"": ""VIRTUAL_REFRIGERATION_MACHINE"", ""scenario_id"": ""CEN-898FD1F4"", ""execution_id"": ""EXE-A8A8B81C561A"", ""session_id"": ""DIA-9C29BDB7306B"", ""seed"": 1, ""machine_state"": ""ESTÁVEL""}"
7252,2026-01-01T00:02:30+00:00,pressure_discharge,Pressão de descarga,SENSORES,244.76014911738847,psi,VÁLIDA,SIMULADOR,1,"{""controller"": ""VIRTUAL_REFRIGERATION_MACHINE"", ""scenario_id"": ""CEN-898FD1F4"", ""execution_id"": ""EXE-A8A8B81C561A"", ""session_id"": ""DIA-9C29BDB7306B"", ""seed"": 1, ""machine_state"": ""ESTÁVEL""}"
7253,2026-01-01T00:02:30+00:00,compressor_command,Comando do compressor,I/O,1.0,bool,VÁLIDA,SIMULADOR,1,"{""controller"": ""VIRTUAL_REFRIGERATION_MACHINE"", ""scenario_id"": ""CEN-898FD1F4"", ""execution_id"": ""EXE-A8A8B81C561A"", ""session_id"": ""DIA-9C29BDB7306B"", ""seed"": 1, ""machine_state"": ""ESTÁVEL""}"
7254,2026-01-01T00:02:30+00:00,compressor,Estado do compressor,I/O,1.0,bool,VÁLIDA,SIMULADOR,1,"{""controller"": ""VIRTUAL_REFRIGERATION_MACHINE"", ""scenario_id"": ""CEN-898FD1F4"", ""execution_id"": ""EXE-A8A8B81C561A"", ""session_id"": ""DIA-9C29BDB7306B"", ""seed"": 1, ""machine_state"": ""ESTÁVEL""}"
7255,2026-01-01T00:02:30+00:00,evaporator_fan,Ventilador evaporador,I/O,1.0,bool,VÁLIDA,SIMULADOR,1,"{""controller"": ""VIRTUAL_REFRIGERATION_MACHINE"", ""scenario_id"": ""CEN-898FD1F4"", ""execution_id"": ""EXE-A8A8B81C561A"", ""session_id"": ""DIA-9C29BDB7306B"", ""seed"": 1, ""machine_state"": ""ESTÁVEL""}"
7256,2026-01-01T00:02:30+00:00,condenser_fan,Ventilador condensador,I/O,0.0,bool,VÁLIDA,SIMULADOR,1,"{""controller"": ""VIRTUAL_REFRIGERATION_MACHINE"", ""scenario_id"": ""CEN-898FD1F4"", ""execution_id"": ""EXE-A8A8B81C561A"", ""session_id"": ""DIA-9C29BDB7306B"", ""seed"": 1, ""machine_state"": ""ESTÁVEL""}"
7257,2026-01-01T00:02:30+00:00,defrost,Degelo,I/O,0.0,bool,VÁLIDA,SIMULADOR,1,"{""controller"": ""VIRTUAL_REFRIGERATION_MACHINE"", ""scenario_id"": ""CEN-898FD1F4"", ""execution_id"": ""EXE-A8A8B81C561A"", ""session_id"": ""DIA-9C29BDB7306B"", ""seed"": 1, ""machine_state"": ""ESTÁVEL""}"
7258,2026-01-01T00:02:30+00:00,dripping,Gotejamento,I/O,0.0,bool,VÁLIDA,SIMULADOR,1,"{""controller"": ""VIRTUAL_REFRIGERATION_MACHINE"", ""scenario_id"": ""CEN-898FD1F4"", ""execution_id"": ""EXE-A8A8B81C561A"", ""session_id"": ""DIA-9C29BDB7306B"", ""seed"": 1, ""machine_state"": ""ESTÁVEL""}"
7259,2026-01-01T00:02:30+00:00,communication,Comunicação simulada,COMUNICAÇÃO,1.0,bool,VÁLIDA,SIMULADOR,1,"{""controller"": ""VIRTUAL_REFRIGERATION_MACHINE"", ""scenario_id"": ""CEN-898FD1F4"", ""execution_id"": ""EXE-A8A8B81C561A"", ""session_id"": ""DIA-9C29BDB7306B"", ""seed"": 1, ""machine_state"": ""ESTÁVEL""}"
7260,2026-01-01T00:02:30+00:00,current_total,Corrente total da máquina,MEDIÇÃO ELÉTRICA,15.016,A,VÁLIDA,SIMULADOR,1,"{""controller"": ""VIRTUAL_REFRIGERATION_MACHINE"", ""scenario_id"": ""CEN-898FD1F4"", ""execution_id"": ""EXE-A8A8B81C561A"", ""session_id"": ""DIA-9C29BDB7306B"", ""seed"": 1, ""instrument"": ""EM210 #1 - TOTAL""}"
7261,2026-01-01T00:02:30+00:00,current_compressor,Corrente do compressor,MEDIÇÃO ELÉTRICA,12.011,A,VÁLIDA,SIMULADOR,1,"{""controller"": ""VIRTUAL_REFRIGERATION_MACHINE"", ""scenario_id"": ""CEN-898FD1F4"", ""execution_id"": ""EXE-A8A8B81C561A"", ""session_id"": ""DIA-9C29BDB7306B"", ""seed"": 1, ""instrument"": ""EM210 #2 - COMPRESSOR""}"
7262,2026-01-01T00:02:30+00:00,current_l1,Corrente L1,MEDIÇÃO ELÉTRICA,4.999,A,VÁLIDA,SIMULADOR,1,"{""controller"": ""VIRTUAL_REFRIGERATION_MACHINE"", ""scenario_id"": ""CEN-898FD1F4"", ""execution_id"": ""EXE-A8A8B81C561A"", ""session_id"": ""DIA-9C29BDB7306B"", ""seed"": 1, ""instrument"": ""EM210 #1 - TOTAL""}"
7263,2026-01-01T00:02:30+00:00,current_l2,Corrente L2,MEDIÇÃO ELÉTRICA,4.987,A,VÁLIDA,SIMULADOR,1,"{""controller"": ""VIRTUAL_REFRIGERATION_MACHINE"", ""scenario_id"": ""CEN-898FD1F4"", ""execution_id"": ""EXE-A8A8B81C561A"", ""session_id"": ""DIA-9C29BDB7306B"", ""seed"": 1, ""instrument"": ""EM210 #1 - TOTAL""}"
7264,2026-01-01T00:02:30+00:00,current_l3,Corrente L3,MEDIÇÃO ELÉTRICA,4.986,A,VÁLIDA,SIMULADOR,1,"{""controller"": ""VIRTUAL_REFRIGERATION_MACHINE"", ""scenario_id"": ""CEN-898FD1F4"", ""execution_id"": ""EXE-A8A8B81C561A"", ""session_id"": ""DIA-9C29BDB7306B"", ""seed"": 1, ""instrument"": ""EM210 #1 - TOTAL""}"
7265,2026-01-01T00:02:35+00:00,temperature_chamber,Temperatura da câmara,SENSORES,6.62369201774877,°C,VÁLIDA,SIMULADOR,1,"{""controller"": ""VIRTUAL_REFRIGERATION_MACHINE"", ""scenario_id"": ""CEN-898FD1F4"", ""execution_id"": ""EXE-A8A8B81C561A"", ""session_id"": ""DIA-9C29BDB7306B"", ""seed"": 1, ""machine_state"": ""ESTÁVEL""}"
7266,2026-01-01T00:02:35+00:00,temperature_evaporator,Temperatura do evaporador,SENSORES,2.560692017748772,°C,VÁLIDA,SIMULADOR,1,"{""controller"": ""VIRTUAL_REFRIGERATION_MACHINE"", ""scenario_id"": ""CEN-898FD1F4"", ""execution_id"": ""EXE-A8A8B81C561A"", ""session_id"": ""DIA-9C29BDB7306B"", ""seed"": 1, ""machine_state"": ""ESTÁVEL""}"
7267,2026-01-01T00:02:35+00:00,pressure_suction,Pressão de sucção,SENSORES,20.086655802749977,psi,VÁLIDA,SIMULADOR,1,"{""controller"": ""VIRTUAL_REFRIGERATION_MACHINE"", ""scenario_id"": ""CEN-898FD1F4"", ""execution_id"": ""EXE-A8A8B81C561A"", ""session_id"": ""DIA-9C29BDB7306B"", ""seed"": 1, ""machine_state"": ""ESTÁVEL""}"
7268,2026-01-01T00:02:35+00:00,pressure_discharge,Pressão de descarga,SENSORES,244.80811929391078,psi,VÁLIDA,SIMULADOR,1,"{""controller"": ""VIRTUAL_REFRIGERATION_MACHINE"", ""scenario_id"": ""CEN-898FD1F4"", ""execution_id"": ""EXE-A8A8B81C561A"", ""session_id"": ""DIA-9C29BDB7306B"", ""seed"": 1, ""machine_state"": ""ESTÁVEL""}"
7269,2026-01-01T00:02:35+00:00,compressor_command,Comando do compressor,I/O,1.0,bool,VÁLIDA,SIMULADOR,1,"{""controller"": ""VIRTUAL_REFRIGERATION_MACHINE"", ""scenario_id"": ""CEN-898FD1F4"", ""execution_id"": ""EXE-A8A8B81C561A"", ""session_id"": ""DIA-9C29BDB7306B"", ""seed"": 1, ""machine_state"": ""ESTÁVEL""}"
7270,2026-01-01T00:02:35+00:00,compressor,Estado do compressor,I/O,1.0,bool,VÁLIDA,SIMULADOR,1,"{""controller"": ""VIRTUAL_REFRIGERATION_MACHINE"", ""scenario_id"": ""CEN-898FD1F4"", ""execution_id"": ""EXE-A8A8B81C561A"", ""session_id"": ""DIA-9C29BDB7306B"", ""seed"": 1, ""machine_state"": ""ESTÁVEL""}"
7271,2026-01-01T00:02:35+00:00,evaporator_fan,Ventilador evaporador,I/O,1.0,bool,VÁLIDA,SIMULADOR,1,"{""controller"": ""VIRTUAL_REFRIGERATION_MACHINE"", ""scenario_id"": ""CEN-898FD1F4"", ""execution_id"": ""EXE-A8A8B81C561A"", ""session_id"": ""DIA-9C29BDB7306B"", ""seed"": 1, ""machine_state"": ""ESTÁVEL""}"
7272,2026-01-01T00:02:35+00:00,condenser_fan,Ventilador condensador,I/O,0.0,bool,VÁLIDA,SIMULADOR,1,"{""controller"": ""VIRTUAL_REFRIGERATION_MACHINE"", ""scenario_id"": ""CEN-898FD1F4"", ""execution_id"": ""EXE-A8A8B81C561A"", ""session_id"": ""DIA-9C29BDB7306B"", ""seed"": 1, ""machine_state"": ""ESTÁVEL""}"
7273,2026-01-01T00:02:35+00:00,defrost,Degelo,I/O,0.0,bool,VÁLIDA,SIMULADOR,1,"{""controller"": ""VIRTUAL_REFRIGERATION_MACHINE"", ""scenario_id"": ""CEN-898FD1F4"", ""execution_id"": ""EXE-A8A8B81C561A"", ""session_id"": ""DIA-9C29BDB7306B"", ""seed"": 1, ""machine_state"": ""ESTÁVEL""}"
7274,2026-01-01T00:02:35+00:00,dripping,Gotejamento,I/O,0.0,bool,VÁLIDA,SIMULADOR,1,"{""controller"": ""VIRTUAL_REFRIGERATION_MACHINE"", ""scenario_id"": ""CEN-898FD1F4"", ""execution_id"": ""EXE-A8A8B81C561A"", ""session_id"": ""DIA-9C29BDB7306B"", ""seed"": 1, ""machine_state"": ""ESTÁVEL""}"
7275,2026-01-01T00:02:35+00:00,communication,Comunicação simulada,COMUNICAÇÃO,1.0,bool,VÁLIDA,SIMULADOR,1,"{""controller"": ""VIRTUAL_REFRIGERATION_MACHINE"", ""scenario_id"": ""CEN-898FD1F4"", ""execution_id"": ""EXE-A8A8B81C561A"", ""session_id"": ""DIA-9C29BDB7306B"", ""seed"": 1, ""machine_state"": ""ESTÁVEL""}"
7276,2026-01-01T00:02:35+00:00,current_total,Corrente total da máquina,MEDIÇÃO ELÉTRICA,15.002,A,VÁLIDA,SIMULADOR,1,"{""controller"": ""VIRTUAL_REFRIGERATION_MACHINE"", ""scenario_id"": ""CEN-898FD1F4"", ""execution_id"": ""EXE-A8A8B81C561A"", ""session_id"": ""DIA-9C29BDB7306B"", ""seed"": 1, ""instrument"": ""EM210 #1 - TOTAL""}"
7277,2026-01-01T00:02:35+00:00,current_compressor,Corrente do compressor,MEDIÇÃO ELÉTRICA,11.991,A,VÁLIDA,SIMULADOR,1,"{""controller"": ""VIRTUAL_REFRIGERATION_MACHINE"", ""scenario_id"": ""CEN-898FD1F4"", ""execution_id"": ""EXE-A8A8B81C561A"", ""session_id"": ""DIA-9C29BDB7306B"", ""seed"": 1, ""instrument"": ""EM210 #2 - COMPRESSOR""}"
7278,2026-01-01T00:02:35+00:00,current_l1,Corrente L1,MEDIÇÃO ELÉTRICA,5.016,A,VÁLIDA,SIMULADOR,1,"{""controller"": ""VIRTUAL_REFRIGERATION_MACHINE"", ""scenario_id"": ""CEN-898FD1F4"", ""execution_id"": ""EXE-A8A8B81C561A"", ""session_id"": ""DIA-9C29BDB7306B"", ""seed"": 1, ""instrument"": ""EM210 #1 - TOTAL""}"
7279,2026-01-01T00:02:35+00:00,current_l2,Corrente L2,MEDIÇÃO ELÉTRICA,4.996,A,VÁLIDA,SIMULADOR,1,"{""controller"": ""VIRTUAL_REFRIGERATION_MACHINE"", ""scenario_id"": ""CEN-898FD1F4"", ""execution_id"": ""EXE-A8A8B81C561A"", ""session_id"": ""DIA-9C29BDB7306B"", ""seed"": 1, ""instrument"": ""EM210 #1 - TOTAL""}"
7280,2026-01-01T00:02:35+00:00,current_l3,Corrente L3,MEDIÇÃO ELÉTRICA,5.014,A,VÁLIDA,SIMULADOR,1,"{""controller"": ""VIRTUAL_REFRIGERATION_MACHINE"", ""scenario_id"": ""CEN-898FD1F4"", ""execution_id"": ""EXE-A8A8B81C561A"", ""session_id"": ""DIA-9C29BDB7306B"", ""seed"": 1, ""instrument"": ""EM210 #1 - TOTAL""}"
7281,2026-01-01T00:02:40+00:00,temperature_chamber,Temperatura da câmara,SENSORES,6.569784680661666,°C,VÁLIDA,SIMULADOR,1,"{""controller"": ""VIRTUAL_REFRIGERATION_MACHINE"", ""scenario_id"": ""CEN-898FD1F4"", ""execution_id"": ""EXE-A8A8B81C561A"", ""session_id"": ""DIA-9C29BDB7306B"", ""seed"": 1, ""machine_state"": ""ESTÁVEL""}"
7282,2026-01-01T00:02:40+00:00,temperature_evaporator,Temperatura do evaporador,SENSORES,2.435951347328335,°C,VÁLIDA,SIMULADOR,1,"{""controller"": ""VIRTUAL_REFRIGERATION_MACHINE"", ""scenario_id"": ""CEN-898FD1F4"", ""execution_id"": ""EXE-A8A8B81C561A"", ""session_id"": ""DIA-9C29BDB7306B"", ""seed"": 1, ""machine_state"": ""ESTÁVEL""}"
7283,2026-01-01T00:02:40+00:00,pressure_suction,Pressão de sucção,SENSORES,20.06932464219998,psi,VÁLIDA,SIMULADOR,1,"{""controller"": ""VIRTUAL_REFRIGERATION_MACHINE"", ""scenario_id"": ""CEN-898FD1F4"", ""execution_id"": ""EXE-A8A8B81C561A"", ""session_id"": ""DIA-9C29BDB7306B"", ""seed"": 1, ""machine_state"": ""ESTÁVEL""}"
7284,2026-01-01T00:02:40+00:00,pressure_discharge,Pressão de descarga,SENSORES,244.84649543512862,psi,VÁLIDA,SIMULADOR,1,"{""controller"": ""VIRTUAL_REFRIGERATION_MACHINE"", ""scenario_id"": ""CEN-898FD1F4"", ""execution_id"": ""EXE-A8A8B81C561A"", ""session_id"": ""DIA-9C29BDB7306B"", ""seed"": 1, ""machine_state"": ""ESTÁVEL""}"
7285,2026-01-01T00:02:40+00:00,compressor_command,Comando do compressor,I/O,1.0,bool,VÁLIDA,SIMULADOR,1,"{""controller"": ""VIRTUAL_REFRIGERATION_MACHINE"", ""scenario_id"": ""CEN-898FD1F4"", ""execution_id"": ""EXE-A8A8B81C561A"", ""session_id"": ""DIA-9C29BDB7306B"", ""seed"": 1, ""machine_state"": ""ESTÁVEL""}"
7286,2026-01-01T00:02:40+00:00,compressor,Estado do compressor,I/O,1.0,bool,VÁLIDA,SIMULADOR,1,"{""controller"": ""VIRTUAL_REFRIGERATION_MACHINE"", ""scenario_id"": ""CEN-898FD1F4"", ""execution_id"": ""EXE-A8A8B81C561A"", ""session_id"": ""DIA-9C29BDB7306B"", ""seed"": 1, ""machine_state"": ""ESTÁVEL""}"
7287,2026-01-01T00:02:40+00:00,evaporator_fan,Ventilador evaporador,I/O,1.0,bool,VÁLIDA,SIMULADOR,1,"{""controller"": ""VIRTUAL_REFRIGERATION_MACHINE"", ""scenario_id"": ""CEN-898FD1F4"", ""execution_id"": ""EXE-A8A8B81C561A"", ""session_id"": ""DIA-9C29BDB7306B"", ""seed"": 1, ""machine_state"": ""ESTÁVEL""}"
7288,2026-01-01T00:02:40+00:00,condenser_fan,Ventilador condensador,I/O,0.0,bool,VÁLIDA,SIMULADOR,1,"{""controller"": ""VIRTUAL_REFRIGERATION_MACHINE"", ""scenario_id"": ""CEN-898FD1F4"", ""execution_id"": ""EXE-A8A8B81C561A"", ""session_id"": ""DIA-9C29BDB7306B"", ""seed"": 1, ""machine_state"": ""ESTÁVEL""}"
7289,2026-01-01T00:02:40+00:00,defrost,Degelo,I/O,0.0,bool,VÁLIDA,SIMULADOR,1,"{""controller"": ""VIRTUAL_REFRIGERATION_MACHINE"", ""scenario_id"": ""CEN-898FD1F4"", ""execution_id"": ""EXE-A8A8B81C561A"", ""session_id"": ""DIA-9C29BDB7306B"", ""seed"": 1, ""machine_state"": ""ESTÁVEL""}"
7290,2026-01-01T00:02:40+00:00,dripping,Gotejamento,I/O,0.0,bool,VÁLIDA,SIMULADOR,1,"{""controller"": ""VIRTUAL_REFRIGERATION_MACHINE"", ""scenario_id"": ""CEN-898FD1F4"", ""execution_id"": ""EXE-A8A8B81C561A"", ""session_id"": ""DIA-9C29BDB7306B"", ""seed"": 1, ""machine_state"": ""ESTÁVEL""}"
7291,2026-01-01T00:02:40+00:00,communication,Comunicação simulada,COMUNICAÇÃO,1.0,bool,VÁLIDA,SIMULADOR,1,"{""controller"": ""VIRTUAL_REFRIGERATION_MACHINE"", ""scenario_id"": ""CEN-898FD1F4"", ""execution_id"": ""EXE-A8A8B81C561A"", ""session_id"": ""DIA-9C29BDB7306B"", ""seed"": 1, ""machine_state"": ""ESTÁVEL""}"
7292,2026-01-01T00:02:40+00:00,current_total,Corrente total da máquina,MEDIÇÃO ELÉTRICA,14.98,A,VÁLIDA,SIMULADOR,1,"{""controller"": ""VIRTUAL_REFRIGERATION_MACHINE"", ""scenario_id"": ""CEN-898FD1F4"", ""execution_id"": ""EXE-A8A8B81C561A"", ""session_id"": ""DIA-9C29BDB7306B"", ""seed"": 1, ""instrument"": ""EM210 #1 - TOTAL""}"
7293,2026-01-01T00:02:40+00:00,current_compressor,Corrente do compressor,MEDIÇÃO ELÉTRICA,11.985,A,VÁLIDA,SIMULADOR,1,"{""controller"": ""VIRTUAL_REFRIGERATION_MACHINE"", ""scenario_id"": ""CEN-898FD1F4"", ""execution_id"": ""EXE-A8A8B81C561A"", ""session_id"": ""DIA-9C29BDB7306B"", ""seed"": 1, ""instrument"": ""EM210 #2 - COMPRESSOR""}"
7294,2026-01-01T00:02:40+00:00,current_l1,Corrente L1,MEDIÇÃO ELÉTRICA,5.015,A,VÁLIDA,SIMULADOR,1,"{""controller"": ""VIRTUAL_REFRIGERATION_MACHINE"", ""scenario_id"": ""CEN-898FD1F4"", ""execution_id"": ""EXE-A8A8B81C561A"", ""session_id"": ""DIA-9C29BDB7306B"", ""seed"": 1, ""instrument"": ""EM210 #1 - TOTAL""}"
7295,2026-01-01T00:02:40+00:00,current_l2,Corrente L2,MEDIÇÃO ELÉTRICA,5.002,A,VÁLIDA,SIMULADOR,1,"{""controller"": ""VIRTUAL_REFRIGERATION_MACHINE"", ""scenario_id"": ""CEN-898FD1F4"", ""execution_id"": ""EXE-A8A8B81C561A"", ""session_id"": ""DIA-9C29BDB7306B"", ""seed"": 1, ""instrument"": ""EM210 #1 - TOTAL""}"
7296,2026-01-01T00:02:40+00:00,current_l3,Corrente L3,MEDIÇÃO ELÉTRICA,4.992,A,VÁLIDA,SIMULADOR,1,"{""controller"": ""VIRTUAL_REFRIGERATION_MACHINE"", ""scenario_id"": ""CEN-898FD1F4"", ""execution_id"": ""EXE-A8A8B81C561A"", ""session_id"": ""DIA-9C29BDB7306B"", ""seed"": 1, ""instrument"": ""EM210 #1 - TOTAL""}"
7297,2026-01-01T00:02:45+00:00,temperature_chamber,Temperatura da câmara,SENSORES,6.5155147784484635,°C,VÁLIDA,SIMULADOR,1,"{""controller"": ""VIRTUAL_REFRIGERATION_MACHINE"", ""scenario_id"": ""CEN-898FD1F4"", ""execution_id"": ""EXE-A8A8B81C561A"", ""session_id"": ""DIA-9C29BDB7306B"", ""seed"": 1, ""machine_state"": ""ESTÁVEL""}"
7298,2026-01-01T00:02:45+00:00,temperature_evaporator,Temperatura do evaporador,SENSORES,2.3108481117817994,°C,VÁLIDA,SIMULADOR,1,"{""controller"": ""VIRTUAL_REFRIGERATION_MACHINE"", ""scenario_id"": ""CEN-898FD1F4"", ""execution_id"": ""EXE-A8A8B81C561A"", ""session_id"": ""DIA-9C29BDB7306B"", ""seed"": 1, ""machine_state"": ""ESTÁVEL""}"
7299,2026-01-01T00:02:45+00:00,pressure_suction,Pressão de sucção,SENSORES,20.055459713759983,psi,VÁLIDA,SIMULADOR,1,"{""controller"": ""VIRTUAL_REFRIGERATION_MACHINE"", ""scenario_id"": ""CEN-898FD1F4"", ""execution_id"": ""EXE-A8A8B81C561A"", ""session_id"": ""DIA-9C29BDB7306B"", ""seed"": 1, ""machine_state"": ""ESTÁVEL""}"
7300,2026-01-01T00:02:45+00:00,pressure_discharge,Pressão de descarga,SENSORES,244.8771963481029,psi,VÁLIDA,SIMULADOR,1,"{""controller"": ""VIRTUAL_REFRIGERATION_MACHINE"", ""scenario_id"": ""CEN-898FD1F4"", ""execution_id"": ""EXE-A8A8B81C561A"", ""session_id"": ""DIA-9C29BDB7306B"", ""seed"": 1, ""machine_state"": ""ESTÁVEL""}"
7301,2026-01-01T00:02:45+00:00,compressor_command,Comando do compressor,I/O,1.0,bool,VÁLIDA,SIMULADOR,1,"{""controller"": ""VIRTUAL_REFRIGERATION_MACHINE"", ""scenario_id"": ""CEN-898FD1F4"", ""execution_id"": ""EXE-A8A8B81C561A"", ""session_id"": ""DIA-9C29BDB7306B"", ""seed"": 1, ""machine_state"": ""ESTÁVEL""}"
7302,2026-01-01T00:02:45+00:00,compressor,Estado do compressor,I/O,1.0,bool,VÁLIDA,SIMULADOR,1,"{""controller"": ""VIRTUAL_REFRIGERATION_MACHINE"", ""scenario_id"": ""CEN-898FD1F4"", ""execution_id"": ""EXE-A8A8B81C561A"", ""session_id"": ""DIA-9C29BDB7306B"", ""seed"": 1, ""machine_state"": ""ESTÁVEL""}"
7303,2026-01-01T00:02:45+00:00,evaporator_fan,Ventilador evaporador,I/O,1.0,bool,VÁLIDA,SIMULADOR,1,"{""controller"": ""VIRTUAL_REFRIGERATION_MACHINE"", ""scenario_id"": ""CEN-898FD1F4"", ""execution_id"": ""EXE-A8A8B81C561A"", ""session_id"": ""DIA-9C29BDB7306B"", ""seed"": 1, ""machine_state"": ""ESTÁVEL""}"
7304,2026-01-01T00:02:45+00:00,condenser_fan,Ventilador condensador,I/O,0.0,bool,VÁLIDA,SIMULADOR,1,"{""controller"": ""VIRTUAL_REFRIGERATION_MACHINE"", ""scenario_id"": ""CEN-898FD1F4"", ""execution_id"": ""EXE-A8A8B81C561A"", ""session_id"": ""DIA-9C29BDB7306B"", ""seed"": 1, ""machine_state"": ""ESTÁVEL""}"
7305,2026-01-01T00:02:45+00:00,defrost,Degelo,I/O,0.0,bool,VÁLIDA,SIMULADOR,1,"{""controller"": ""VIRTUAL_REFRIGERATION_MACHINE"", ""scenario_id"": ""CEN-898FD1F4"", ""execution_id"": ""EXE-A8A8B81C561A"", ""session_id"": ""DIA-9C29BDB7306B"", ""seed"": 1, ""machine_state"": ""ESTÁVEL""}"
7306,2026-01-01T00:02:45+00:00,dripping,Gotejamento,I/O,0.0,bool,VÁLIDA,SIMULADOR,1,"{""controller"": ""VIRTUAL_REFRIGERATION_MACHINE"", ""scenario_id"": ""CEN-898FD1F4"", ""execution_id"": ""EXE-A8A8B81C561A"", ""session_id"": ""DIA-9C29BDB7306B"", ""seed"": 1, ""machine_state"": ""ESTÁVEL""}"
7307,2026-01-01T00:02:45+00:00,communication,Comunicação simulada,COMUNICAÇÃO,1.0,bool,VÁLIDA,SIMULADOR,1,"{""controller"": ""VIRTUAL_REFRIGERATION_MACHINE"", ""scenario_id"": ""CEN-898FD1F4"", ""execution_id"": ""EXE-A8A8B81C561A"", ""session_id"": ""DIA-9C29BDB7306B"", ""seed"": 1, ""machine_state"": ""ESTÁVEL""}"
7308,2026-01-01T00:02:45+00:00,current_total,Corrente total da máquina,MEDIÇÃO ELÉTRICA,15.004,A,VÁLIDA,SIMULADOR,1,"{""controller"": ""VIRTUAL_REFRIGERATION_MACHINE"", ""scenario_id"": ""CEN-898FD1F4"", ""execution_id"": ""EXE-A8A8B81C561A"", ""session_id"": ""DIA-9C29BDB7306B"", ""seed"": 1, ""instrument"": ""EM210 #1 - TOTAL""}"
7309,2026-01-01T00:02:45+00:00,current_compressor,Corrente do compressor,MEDIÇÃO ELÉTRICA,11.995,A,VÁLIDA,SIMULADOR,1,"{""controller"": ""VIRTUAL_REFRIGERATION_MACHINE"", ""scenario_id"": ""CEN-898FD1F4"", ""execution_id"": ""EXE-A8A8B81C561A"", ""session_id"": ""DIA-9C29BDB7306B"", ""seed"": 1, ""instrument"": ""EM210 #2 - COMPRESSOR""}"
7310,2026-01-01T00:02:45+00:00,current_l1,Corrente L1,MEDIÇÃO ELÉTRICA,5.002,A,VÁLIDA,SIMULADOR,1,"{""controller"": ""VIRTUAL_REFRIGERATION_MACHINE"", ""scenario_id"": ""CEN-898FD1F4"", ""execution_id"": ""EXE-A8A8B81C561A"", ""session_id"": ""DIA-9C29BDB7306B"", ""seed"": 1, ""instrument"": ""EM210 #1 - TOTAL""}"
7311,2026-01-01T00:02:45+00:00,current_l2,Corrente L2,MEDIÇÃO ELÉTRICA,5.016,A,VÁLIDA,SIMULADOR,1,"{""controller"": ""VIRTUAL_REFRIGERATION_MACHINE"", ""scenario_id"": ""CEN-898FD1F4"", ""execution_id"": ""EXE-A8A8B81C561A"", ""session_id"": ""DIA-9C29BDB7306B"", ""seed"": 1, ""instrument"": ""EM210 #1 - TOTAL""}"
7312,2026-01-01T00:02:45+00:00,current_l3,Corrente L3,MEDIÇÃO ELÉTRICA,5.0,A,VÁLIDA,SIMULADOR,1,"{""controller"": ""VIRTUAL_REFRIGERATION_MACHINE"", ""scenario_id"": ""CEN-898FD1F4"", ""execution_id"": ""EXE-A8A8B81C561A"", ""session_id"": ""DIA-9C29BDB7306B"", ""seed"": 1, ""instrument"": ""EM210 #1 - TOTAL""}"
7313,2026-01-01T00:02:50+00:00,temperature_chamber,Temperatura da câmara,SENSORES,6.468469549087263,°C,VÁLIDA,SIMULADOR,1,"{""controller"": ""VIRTUAL_REFRIGERATION_MACHINE"", ""scenario_id"": ""CEN-898FD1F4"", ""execution_id"": ""EXE-A8A8B81C561A"", ""session_id"": ""DIA-9C29BDB7306B"", ""seed"": 1, ""machine_state"": ""ESTÁVEL""}"
7314,2026-01-01T00:02:50+00:00,temperature_evaporator,Temperatura do evaporador,SENSORES,2.1929695490872647,°C,VÁLIDA,SIMULADOR,1,"{""controller"": ""VIRTUAL_REFRIGERATION_MACHINE"", ""scenario_id"": ""CEN-898FD1F4"", ""execution_id"": ""EXE-A8A8B81C561A"", ""session_id"": ""DIA-9C29BDB7306B"", ""seed"": 1, ""machine_state"": ""ESTÁVEL""}"
7315,2026-01-01T00:02:50+00:00,pressure_suction,Pressão de sucção,SENSORES,20.044367771007987,psi,VÁLIDA,SIMULADOR,1,"{""controller"": ""VIRTUAL_REFRIGERATION_MACHINE"", ""scenario_id"": ""CEN-898FD1F4"", ""execution_id"": ""EXE-A8A8B81C561A"", ""session_id"": ""DIA-9C29BDB7306B"", ""seed"": 1, ""machine_state"": ""ESTÁVEL""}"
7316,2026-01-01T00:02:50+00:00,pressure_discharge,Pressão de descarga,SENSORES,244.90175707848232,psi,VÁLIDA,SIMULADOR,1,"{""controller"": ""VIRTUAL_REFRIGERATION_MACHINE"", ""scenario_id"": ""CEN-898FD1F4"", ""execution_id"": ""EXE-A8A8B81C561A"", ""session_id"": ""DIA-9C29BDB7306B"", ""seed"": 1, ""machine_state"": ""ESTÁVEL""}"
7317,2026-01-01T00:02:50+00:00,compressor_command,Comando do compressor,I/O,1.0,bool,VÁLIDA,SIMULADOR,1,"{""controller"": ""VIRTUAL_REFRIGERATION_MACHINE"", ""scenario_id"": ""CEN-898FD1F4"", ""execution_id"": ""EXE-A8A8B81C561A"", ""session_id"": ""DIA-9C29BDB7306B"", ""seed"": 1, ""machine_state"": ""ESTÁVEL""}"
7318,2026-01-01T00:02:50+00:00,compressor,Estado do compressor,I/O,1.0,bool,VÁLIDA,SIMULADOR,1,"{""controller"": ""VIRTUAL_REFRIGERATION_MACHINE"", ""scenario_id"": ""CEN-898FD1F4"", ""execution_id"": ""EXE-A8A8B81C561A"", ""session_id"": ""DIA-9C29BDB7306B"", ""seed"": 1, ""machine_state"": ""ESTÁVEL""}"
7319,2026-01-01T00:02:50+00:00,evaporator_fan,Ventilador evaporador,I/O,1.0,bool,VÁLIDA,SIMULADOR,1,"{""controller"": ""VIRTUAL_REFRIGERATION_MACHINE"", ""scenario_id"": ""CEN-898FD1F4"", ""execution_id"": ""EXE-A8A8B81C561A"", ""session_id"": ""DIA-9C29BDB7306B"", ""seed"": 1, ""machine_state"": ""ESTÁVEL""}"
7320,2026-01-01T00:02:50+00:00,condenser_fan,Ventilador condensador,I/O,0.0,bool,VÁLIDA,SIMULADOR,1,"{""controller"": ""VIRTUAL_REFRIGERATION_MACHINE"", ""scenario_id"": ""CEN-898FD1F4"", ""execution_id"": ""EXE-A8A8B81C561A"", ""session_id"": ""DIA-9C29BDB7306B"", ""seed"": 1, ""machine_state"": ""ESTÁVEL""}"
7321,2026-01-01T00:02:50+00:00,defrost,Degelo,I/O,0.0,bool,VÁLIDA,SIMULADOR,1,"{""controller"": ""VIRTUAL_REFRIGERATION_MACHINE"", ""scenario_id"": ""CEN-898FD1F4"", ""execution_id"": ""EXE-A8A8B81C561A"", ""session_id"": ""DIA-9C29BDB7306B"", ""seed"": 1, ""machine_state"": ""ESTÁVEL""}"
7322,2026-01-01T00:02:50+00:00,dripping,Gotejamento,I/O,0.0,bool,VÁLIDA,SIMULADOR,1,"{""controller"": ""VIRTUAL_REFRIGERATION_MACHINE"", ""scenario_id"": ""CEN-898FD1F4"", ""execution_id"": ""EXE-A8A8B81C561A"", ""session_id"": ""DIA-9C29BDB7306B"", ""seed"": 1, ""machine_state"": ""ESTÁVEL""}"
7323,2026-01-01T00:02:50+00:00,communication,Comunicação simulada,COMUNICAÇÃO,1.0,bool,VÁLIDA,SIMULADOR,1,"{""controller"": ""VIRTUAL_REFRIGERATION_MACHINE"", ""scenario_id"": ""CEN-898FD1F4"", ""execution_id"": ""EXE-A8A8B81C561A"", ""session_id"": ""DIA-9C29BDB7306B"", ""seed"": 1, ""machine_state"": ""ESTÁVEL""}"
7324,2026-01-01T00:02:50+00:00,current_total,Corrente total da máquina,MEDIÇÃO ELÉTRICA,15.008,A,VÁLIDA,SIMULADOR,1,"{""controller"": ""VIRTUAL_REFRIGERATION_MACHINE"", ""scenario_id"": ""CEN-898FD1F4"", ""execution_id"": ""EXE-A8A8B81C561A"", ""session_id"": ""DIA-9C29BDB7306B"", ""seed"": 1, ""instrument"": ""EM210 #1 - TOTAL""}"
7325,2026-01-01T00:02:50+00:00,current_compressor,Corrente do compressor,MEDIÇÃO ELÉTRICA,11.998,A,VÁLIDA,SIMULADOR,1,"{""controller"": ""VIRTUAL_REFRIGERATION_MACHINE"", ""scenario_id"": ""CEN-898FD1F4"", ""execution_id"": ""EXE-A8A8B81C561A"", ""session_id"": ""DIA-9C29BDB7306B"", ""seed"": 1, ""instrument"": ""EM210 #2 - COMPRESSOR""}"
7326,2026-01-01T00:02:50+00:00,current_l1,Corrente L1,MEDIÇÃO ELÉTRICA,4.996,A,VÁLIDA,SIMULADOR,1,"{""controller"": ""VIRTUAL_REFRIGERATION_MACHINE"", ""scenario_id"": ""CEN-898FD1F4"", ""execution_id"": ""EXE-A8A8B81C561A"", ""session_id"": ""DIA-9C29BDB7306B"", ""seed"": 1, ""instrument"": ""EM210 #1 - TOTAL""}"
7327,2026-01-01T00:02:50+00:00,current_l2,Corrente L2,MEDIÇÃO ELÉTRICA,5.004,A,VÁLIDA,SIMULADOR,1,"{""controller"": ""VIRTUAL_REFRIGERATION_MACHINE"", ""scenario_id"": ""CEN-898FD1F4"", ""execution_id"": ""EXE-A8A8B81C561A"", ""session_id"": ""DIA-9C29BDB7306B"", ""seed"": 1, ""instrument"": ""EM210 #1 - TOTAL""}"
7328,2026-01-01T00:02:50+00:00,current_l3,Corrente L3,MEDIÇÃO ELÉTRICA,4.989,A,VÁLIDA,SIMULADOR,1,"{""controller"": ""VIRTUAL_REFRIGERATION_MACHINE"", ""scenario_id"": ""CEN-898FD1F4"", ""execution_id"": ""EXE-A8A8B81C561A"", ""session_id"": ""DIA-9C29BDB7306B"", ""seed"": 1, ""instrument"": ""EM210 #1 - TOTAL""}"
7329,2026-01-01T00:02:55+00:00,temperature_chamber,Temperatura da câmara,SENSORES,6.416329664191644,°C,VÁLIDA,SIMULADOR,1,"{""controller"": ""VIRTUAL_REFRIGERATION_MACHINE"", ""scenario_id"": ""CEN-898FD1F4"", ""execution_id"": ""EXE-A8A8B81C561A"", ""session_id"": ""DIA-9C29BDB7306B"", ""seed"": 1, ""machine_state"": ""ESTÁVEL""}"
7330,2026-01-01T00:02:55+00:00,temperature_evaporator,Temperatura do evaporador,SENSORES,2.0699963308583125,°C,VÁLIDA,SIMULADOR,1,"{""controller"": ""VIRTUAL_REFRIGERATION_MACHINE"", ""scenario_id"": ""CEN-898FD1F4"", ""execution_id"": ""EXE-A8A8B81C561A"", ""session_id"": ""DIA-9C29BDB7306B"", ""seed"": 1, ""machine_state"": ""ESTÁVEL""}"
7331,2026-01-01T00:02:55+00:00,pressure_suction,Pressão de sucção,SENSORES,20.03549421680639,psi,VÁLIDA,SIMULADOR,1,"{""controller"": ""VIRTUAL_REFRIGERATION_MACHINE"", ""scenario_id"": ""CEN-898FD1F4"", ""execution_id"": ""EXE-A8A8B81C561A"", ""session_id"": ""DIA-9C29BDB7306B"", ""seed"": 1, ""machine_state"": ""ESTÁVEL""}"
7332,2026-01-01T00:02:55+00:00,pressure_discharge,Pressão de descarga,SENSORES,244.92140566278584,psi,VÁLIDA,SIMULADOR,1,"{""controller"": ""VIRTUAL_REFRIGERATION_MACHINE"", ""scenario_id"": ""CEN-898FD1F4"", ""execution_id"": ""EXE-A8A8B81C561A"", ""session_id"": ""DIA-9C29BDB7306B"", ""seed"": 1, ""machine_state"": ""ESTÁVEL""}"
7333,2026-01-01T00:02:55+00:00,compressor_command,Comando do compressor,I/O,1.0,bool,VÁLIDA,SIMULADOR,1,"{""controller"": ""VIRTUAL_REFRIGERATION_MACHINE"", ""scenario_id"": ""CEN-898FD1F4"", ""execution_id"": ""EXE-A8A8B81C561A"", ""session_id"": ""DIA-9C29BDB7306B"", ""seed"": 1, ""machine_state"": ""ESTÁVEL""}"
7334,2026-01-01T00:02:55+00:00,compressor,Estado do compressor,I/O,1.0,bool,VÁLIDA,SIMULADOR,1,"{""controller"": ""VIRTUAL_REFRIGERATION_MACHINE"", ""scenario_id"": ""CEN-898FD1F4"", ""execution_id"": ""EXE-A8A8B81C561A"", ""session_id"": ""DIA-9C29BDB7306B"", ""seed"": 1, ""machine_state"": ""ESTÁVEL""}"
7335,2026-01-01T00:02:55+00:00,evaporator_fan,Ventilador evaporador,I/O,1.0,bool,VÁLIDA,SIMULADOR,1,"{""controller"": ""VIRTUAL_REFRIGERATION_MACHINE"", ""scenario_id"": ""CEN-898FD1F4"", ""execution_id"": ""EXE-A8A8B81C561A"", ""session_id"": ""DIA-9C29BDB7306B"", ""seed"": 1, ""machine_state"": ""ESTÁVEL""}"
7336,2026-01-01T00:02:55+00:00,condenser_fan,Ventilador condensador,I/O,0.0,bool,VÁLIDA,SIMULADOR,1,"{""controller"": ""VIRTUAL_REFRIGERATION_MACHINE"", ""scenario_id"": ""CEN-898FD1F4"", ""execution_id"": ""EXE-A8A8B81C561A"", ""session_id"": ""DIA-9C29BDB7306B"", ""seed"": 1, ""machine_state"": ""ESTÁVEL""}"
7337,2026-01-01T00:02:55+00:00,defrost,Degelo,I/O,0.0,bool,VÁLIDA,SIMULADOR,1,"{""controller"": ""VIRTUAL_REFRIGERATION_MACHINE"", ""scenario_id"": ""CEN-898FD1F4"", ""execution_id"": ""EXE-A8A8B81C561A"", ""session_id"": ""DIA-9C29BDB7306B"", ""seed"": 1, ""machine_state"": ""ESTÁVEL""}"
7338,2026-01-01T00:02:55+00:00,dripping,Gotejamento,I/O,0.0,bool,VÁLIDA,SIMULADOR,1,"{""controller"": ""VIRTUAL_REFRIGERATION_MACHINE"", ""scenario_id"": ""CEN-898FD1F4"", ""execution_id"": ""EXE-A8A8B81C561A"", ""session_id"": ""DIA-9C29BDB7306B"", ""seed"": 1, ""machine_state"": ""ESTÁVEL""}"
7339,2026-01-01T00:02:55+00:00,communication,Comunicação simulada,COMUNICAÇÃO,1.0,bool,VÁLIDA,SIMULADOR,1,"{""controller"": ""VIRTUAL_REFRIGERATION_MACHINE"", ""scenario_id"": ""CEN-898FD1F4"", ""execution_id"": ""EXE-A8A8B81C561A"", ""session_id"": ""DIA-9C29BDB7306B"", ""seed"": 1, ""machine_state"": ""ESTÁVEL""}"
7340,2026-01-01T00:02:55+00:00,current_total,Corrente total da máquina,MEDIÇÃO ELÉTRICA,15.001,A,VÁLIDA,SIMULADOR,1,"{""controller"": ""VIRTUAL_REFRIGERATION_MACHINE"", ""scenario_id"": ""CEN-898FD1F4"", ""execution_id"": ""EXE-A8A8B81C561A"", ""session_id"": ""DIA-9C29BDB7306B"", ""seed"": 1, ""instrument"": ""EM210 #1 - TOTAL""}"
7341,2026-01-01T00:02:55+00:00,current_compressor,Corrente do compressor,MEDIÇÃO ELÉTRICA,12.016,A,VÁLIDA,SIMULADOR,1,"{""controller"": ""VIRTUAL_REFRIGERATION_MACHINE"", ""scenario_id"": ""CEN-898FD1F4"", ""execution_id"": ""EXE-A8A8B81C561A"", ""session_id"": ""DIA-9C29BDB7306B"", ""seed"": 1, ""instrument"": ""EM210 #2 - COMPRESSOR""}"
7342,2026-01-01T00:02:55+00:00,current_l1,Corrente L1,MEDIÇÃO ELÉTRICA,5.009,A,VÁLIDA,SIMULADOR,1,"{""controller"": ""VIRTUAL_REFRIGERATION_MACHINE"", ""scenario_id"": ""CEN-898FD1F4"", ""execution_id"": ""EXE-A8A8B81C561A"", ""session_id"": ""DIA-9C29BDB7306B"", ""seed"": 1, ""instrument"": ""EM210 #1 - TOTAL""}"
7343,2026-01-01T00:02:55+00:00,current_l2,Corrente L2,MEDIÇÃO ELÉTRICA,4.994,A,VÁLIDA,SIMULADOR,1,"{""controller"": ""VIRTUAL_REFRIGERATION_MACHINE"", ""scenario_id"": ""CEN-898FD1F4"", ""execution_id"": ""EXE-A8A8B81C561A"", ""session_id"": ""DIA-9C29BDB7306B"", ""seed"": 1, ""instrument"": ""EM210 #1 - TOTAL""}"
7344,2026-01-01T00:02:55+00:00,current_l3,Corrente L3,MEDIÇÃO ELÉTRICA,4.985,A,VÁLIDA,SIMULADOR,1,"{""controller"": ""VIRTUAL_REFRIGERATION_MACHINE"", ""scenario_id"": ""CEN-898FD1F4"", ""execution_id"": ""EXE-A8A8B81C561A"", ""session_id"": ""DIA-9C29BDB7306B"", ""seed"": 1, ""instrument"": ""EM210 #1 - TOTAL""}"
7345,2026-01-01T00:03:00+00:00,temperature_chamber,Temperatura da câmara,SENSORES,6.356141022016288,°C,VÁLIDA,SIMULADOR,1,"{""controller"": ""VIRTUAL_REFRIGERATION_MACHINE"", ""scenario_id"": ""CEN-898FD1F4"", ""execution_id"": ""EXE-A8A8B81C561A"", ""session_id"": ""DIA-9C29BDB7306B"", ""seed"": 1, ""machine_state"": ""ESTÁVEL""}"
7346,2026-01-01T00:03:00+00:00,temperature_evaporator,Temperatura do evaporador,SENSORES,1.938974355349623,°C,VÁLIDA,SIMULADOR,1,"{""controller"": ""VIRTUAL_REFRIGERATION_MACHINE"", ""scenario_id"": ""CEN-898FD1F4"", ""execution_id"": ""EXE-A8A8B81C561A"", ""session_id"": ""DIA-9C29BDB7306B"", ""seed"": 1, ""machine_state"": ""ESTÁVEL""}"
7347,2026-01-01T00:03:00+00:00,pressure_suction,Pressão de sucção,SENSORES,20.028395373445115,psi,VÁLIDA,SIMULADOR,1,"{""controller"": ""VIRTUAL_REFRIGERATION_MACHINE"", ""scenario_id"": ""CEN-898FD1F4"", ""execution_id"": ""EXE-A8A8B81C561A"", ""session_id"": ""DIA-9C29BDB7306B"", ""seed"": 1, ""machine_state"": ""ESTÁVEL""}"
7348,2026-01-01T00:03:00+00:00,pressure_discharge,Pressão de descarga,SENSORES,244.9371245302287,psi,VÁLIDA,SIMULADOR,1,"{""controller"": ""VIRTUAL_REFRIGERATION_MACHINE"", ""scenario_id"": ""CEN-898FD1F4"", ""execution_id"": ""EXE-A8A8B81C561A"", ""session_id"": ""DIA-9C29BDB7306B"", ""seed"": 1, ""machine_state"": ""ESTÁVEL""}"
7349,2026-01-01T00:03:00+00:00,compressor_command,Comando do compressor,I/O,1.0,bool,VÁLIDA,SIMULADOR,1,"{""controller"": ""VIRTUAL_REFRIGERATION_MACHINE"", ""scenario_id"": ""CEN-898FD1F4"", ""execution_id"": ""EXE-A8A8B81C561A"", ""session_id"": ""DIA-9C29BDB7306B"", ""seed"": 1, ""machine_state"": ""ESTÁVEL""}"
7350,2026-01-01T00:03:00+00:00,compressor,Estado do compressor,I/O,1.0,bool,VÁLIDA,SIMULADOR,1,"{""controller"": ""VIRTUAL_REFRIGERATION_MACHINE"", ""scenario_id"": ""CEN-898FD1F4"", ""execution_id"": ""EXE-A8A8B81C561A"", ""session_id"": ""DIA-9C29BDB7306B"", ""seed"": 1, ""machine_state"": ""ESTÁVEL""}"
7351,2026-01-01T00:03:00+00:00,evaporator_fan,Ventilador evaporador,I/O,1.0,bool,VÁLIDA,SIMULADOR,1,"{""controller"": ""VIRTUAL_REFRIGERATION_MACHINE"", ""scenario_id"": ""CEN-898FD1F4"", ""execution_id"": ""EXE-A8A8B81C561A"", ""session_id"": ""DIA-9C29BDB7306B"", ""seed"": 1, ""machine_state"": ""ESTÁVEL""}"
7352,2026-01-01T00:03:00+00:00,condenser_fan,Ventilador condensador,I/O,0.0,bool,VÁLIDA,SIMULADOR,1,"{""controller"": ""VIRTUAL_REFRIGERATION_MACHINE"", ""scenario_id"": ""CEN-898FD1F4"", ""execution_id"": ""EXE-A8A8B81C561A"", ""session_id"": ""DIA-9C29BDB7306B"", ""seed"": 1, ""machine_state"": ""ESTÁVEL""}"
7353,2026-01-01T00:03:00+00:00,defrost,Degelo,I/O,0.0,bool,VÁLIDA,SIMULADOR,1,"{""controller"": ""VIRTUAL_REFRIGERATION_MACHINE"", ""scenario_id"": ""CEN-898FD1F4"", ""execution_id"": ""EXE-A8A8B81C561A"", ""session_id"": ""DIA-9C29BDB7306B"", ""seed"": 1, ""machine_state"": ""ESTÁVEL""}"
7354,2026-01-01T00:03:00+00:00,dripping,Gotejamento,I/O,0.0,bool,VÁLIDA,SIMULADOR,1,"{""controller"": ""VIRTUAL_REFRIGERATION_MACHINE"", ""scenario_id"": ""CEN-898FD1F4"", ""execution_id"": ""EXE-A8A8B81C561A"", ""session_id"": ""DIA-9C29BDB7306B"", ""seed"": 1, ""machine_state"": ""ESTÁVEL""}"
7355,2026-01-01T00:03:00+00:00,communication,Comunicação simulada,COMUNICAÇÃO,1.0,bool,VÁLIDA,SIMULADOR,1,"{""controller"": ""VIRTUAL_REFRIGERATION_MACHINE"", ""scenario_id"": ""CEN-898FD1F4"", ""execution_id"": ""EXE-A8A8B81C561A"", ""session_id"": ""DIA-9C29BDB7306B"", ""seed"": 1, ""machine_state"": ""ESTÁVEL""}"
7356,2026-01-01T00:03:00+00:00,current_total,Corrente total da máquina,MEDIÇÃO ELÉTRICA,14.982,A,VÁLIDA,SIMULADOR,1,"{""controller"": ""VIRTUAL_REFRIGERATION_MACHINE"", ""scenario_id"": ""CEN-898FD1F4"", ""execution_id"": ""EXE-A8A8B81C561A"", ""session_id"": ""DIA-9C29BDB7306B"", ""seed"": 1, ""instrument"": ""EM210 #1 - TOTAL""}"
7357,2026-01-01T00:03:00+00:00,current_compressor,Corrente do compressor,MEDIÇÃO ELÉTRICA,11.997,A,VÁLIDA,SIMULADOR,1,"{""controller"": ""VIRTUAL_REFRIGERATION_MACHINE"", ""scenario_id"": ""CEN-898FD1F4"", ""execution_id"": ""EXE-A8A8B81C561A"", ""session_id"": ""DIA-9C29BDB7306B"", ""seed"": 1, ""instrument"": ""EM210 #2 - COMPRESSOR""}"
7358,2026-01-01T00:03:00+00:00,current_l1,Corrente L1,MEDIÇÃO ELÉTRICA,4.988,A,VÁLIDA,SIMULADOR,1,"{""controller"": ""VIRTUAL_REFRIGERATION_MACHINE"", ""scenario_id"": ""CEN-898FD1F4"", ""execution_id"": ""EXE-A8A8B81C561A"", ""session_id"": ""DIA-9C29BDB7306B"", ""seed"": 1, ""instrument"": ""EM210 #1 - TOTAL""}"
7359,2026-01-01T00:03:00+00:00,current_l2,Corrente L2,MEDIÇÃO ELÉTRICA,4.997,A,VÁLIDA,SIMULADOR,1,"{""controller"": ""VIRTUAL_REFRIGERATION_MACHINE"", ""scenario_id"": ""CEN-898FD1F4"", ""execution_id"": ""EXE-A8A8B81C561A"", ""session_id"": ""DIA-9C29BDB7306B"", ""seed"": 1, ""instrument"": ""EM210 #1 - TOTAL""}"
7360,2026-01-01T00:03:00+00:00,current_l3,Corrente L3,MEDIÇÃO ELÉTRICA,4.988,A,VÁLIDA,SIMULADOR,1,"{""controller"": ""VIRTUAL_REFRIGERATION_MACHINE"", ""scenario_id"": ""CEN-898FD1F4"", ""execution_id"": ""EXE-A8A8B81C561A"", ""session_id"": ""DIA-9C29BDB7306B"", ""seed"": 1, ""instrument"": ""EM210 #1 - TOTAL""}"
7361,2026-01-01T00:03:05+00:00,temperature_chamber,Temperatura da câmara,SENSORES,6.320435027952832,°C,VÁLIDA,SIMULADOR,1,"{""controller"": ""VIRTUAL_REFRIGERATION_MACHINE"", ""scenario_id"": ""CEN-898FD1F4"", ""execution_id"": ""EXE-A8A8B81C561A"", ""session_id"": ""DIA-9C29BDB7306B"", ""seed"": 1, ""machine_state"": ""ESTÁVEL""}"
7362,2026-01-01T00:03:05+00:00,temperature_evaporator,Temperatura do evaporador,SENSORES,1.8324350279528336,°C,VÁLIDA,SIMULADOR,1,"{""controller"": ""VIRTUAL_REFRIGERATION_MACHINE"", ""scenario_id"": ""CEN-898FD1F4"", ""execution_id"": ""EXE-A8A8B81C561A"", ""session_id"": ""DIA-9C29BDB7306B"", ""seed"": 1, ""machine_state"": ""ESTÁVEL""}"
7363,2026-01-01T00:03:05+00:00,pressure_suction,Pressão de sucção,SENSORES,20.02271629875609,psi,VÁLIDA,SIMULADOR,1,"{""controller"": ""VIRTUAL_REFRIGERATION_MACHINE"", ""scenario_id"": ""CEN-898FD1F4"", ""execution_id"": ""EXE-A8A8B81C561A"", ""session_id"": ""DIA-9C29BDB7306B"", ""seed"": 1, ""machine_state"": ""ESTÁVEL""}"
7364,2026-01-01T00:03:05+00:00,pressure_discharge,Pressão de descarga,SENSORES,244.94969962418295,psi,VÁLIDA,SIMULADOR,1,"{""controller"": ""VIRTUAL_REFRIGERATION_MACHINE"", ""scenario_id"": ""CEN-898FD1F4"", ""execution_id"": ""EXE-A8A8B81C561A"", ""session_id"": ""DIA-9C29BDB7306B"", ""seed"": 1, ""machine_state"": ""ESTÁVEL""}"
7365,2026-01-01T00:03:05+00:00,compressor_command,Comando do compressor,I/O,1.0,bool,VÁLIDA,SIMULADOR,1,"{""controller"": ""VIRTUAL_REFRIGERATION_MACHINE"", ""scenario_id"": ""CEN-898FD1F4"", ""execution_id"": ""EXE-A8A8B81C561A"", ""session_id"": ""DIA-9C29BDB7306B"", ""seed"": 1, ""machine_state"": ""ESTÁVEL""}"
7366,2026-01-01T00:03:05+00:00,compressor,Estado do compressor,I/O,1.0,bool,VÁLIDA,SIMULADOR,1,"{""controller"": ""VIRTUAL_REFRIGERATION_MACHINE"", ""scenario_id"": ""CEN-898FD1F4"", ""execution_id"": ""EXE-A8A8B81C561A"", ""session_id"": ""DIA-9C29BDB7306B"", ""seed"": 1, ""machine_state"": ""ESTÁVEL""}"
7367,2026-01-01T00:03:05+00:00,evaporator_fan,Ventilador evaporador,I/O,1.0,bool,VÁLIDA,SIMULADOR,1,"{""controller"": ""VIRTUAL_REFRIGERATION_MACHINE"", ""scenario_id"": ""CEN-898FD1F4"", ""execution_id"": ""EXE-A8A8B81C561A"", ""session_id"": ""DIA-9C29BDB7306B"", ""seed"": 1, ""machine_state"": ""ESTÁVEL""}"
7368,2026-01-01T00:03:05+00:00,condenser_fan,Ventilador condensador,I/O,0.0,bool,VÁLIDA,SIMULADOR,1,"{""controller"": ""VIRTUAL_REFRIGERATION_MACHINE"", ""scenario_id"": ""CEN-898FD1F4"", ""execution_id"": ""EXE-A8A8B81C561A"", ""session_id"": ""DIA-9C29BDB7306B"", ""seed"": 1, ""machine_state"": ""ESTÁVEL""}"
7369,2026-01-01T00:03:05+00:00,defrost,Degelo,I/O,0.0,bool,VÁLIDA,SIMULADOR,1,"{""controller"": ""VIRTUAL_REFRIGERATION_MACHINE"", ""scenario_id"": ""CEN-898FD1F4"", ""execution_id"": ""EXE-A8A8B81C561A"", ""session_id"": ""DIA-9C29BDB7306B"", ""seed"": 1, ""machine_state"": ""ESTÁVEL""}"
7370,2026-01-01T00:03:05+00:00,dripping,Gotejamento,I/O,0.0,bool,VÁLIDA,SIMULADOR,1,"{""controller"": ""VIRTUAL_REFRIGERATION_MACHINE"", ""scenario_id"": ""CEN-898FD1F4"", ""execution_id"": ""EXE-A8A8B81C561A"", ""session_id"": ""DIA-9C29BDB7306B"", ""seed"": 1, ""machine_state"": ""ESTÁVEL""}"
7371,2026-01-01T00:03:05+00:00,communication,Comunicação simulada,COMUNICAÇÃO,1.0,bool,VÁLIDA,SIMULADOR,1,"{""controller"": ""VIRTUAL_REFRIGERATION_MACHINE"", ""scenario_id"": ""CEN-898FD1F4"", ""execution_id"": ""EXE-A8A8B81C561A"", ""session_id"": ""DIA-9C29BDB7306B"", ""seed"": 1, ""machine_state"": ""ESTÁVEL""}"
7372,2026-01-01T00:03:05+00:00,current_total,Corrente total da máquina,MEDIÇÃO ELÉTRICA,15.01,A,VÁLIDA,SIMULADOR,1,"{""controller"": ""VIRTUAL_REFRIGERATION_MACHINE"", ""scenario_id"": ""CEN-898FD1F4"", ""execution_id"": ""EXE-A8A8B81C561A"", ""session_id"": ""DIA-9C29BDB7306B"", ""seed"": 1, ""instrument"": ""EM210 #1 - TOTAL""}"
7373,2026-01-01T00:03:05+00:00,current_compressor,Corrente do compressor,MEDIÇÃO ELÉTRICA,11.985,A,VÁLIDA,SIMULADOR,1,"{""controller"": ""VIRTUAL_REFRIGERATION_MACHINE"", ""scenario_id"": ""CEN-898FD1F4"", ""execution_id"": ""EXE-A8A8B81C561A"", ""session_id"": ""DIA-9C29BDB7306B"", ""seed"": 1, ""instrument"": ""EM210 #2 - COMPRESSOR""}"
7374,2026-01-01T00:03:05+00:00,current_l1,Corrente L1,MEDIÇÃO ELÉTRICA,5.006,A,VÁLIDA,SIMULADOR,1,"{""controller"": ""VIRTUAL_REFRIGERATION_MACHINE"", ""scenario_id"": ""CEN-898FD1F4"", ""execution_id"": ""EXE-A8A8B81C561A"", ""session_id"": ""DIA-9C29BDB7306B"", ""seed"": 1, ""instrument"": ""EM210 #1 - TOTAL""}"
7375,2026-01-01T00:03:05+00:00,current_l2,Corrente L2,MEDIÇÃO ELÉTRICA,4.996,A,VÁLIDA,SIMULADOR,1,"{""controller"": ""VIRTUAL_REFRIGERATION_MACHINE"", ""scenario_id"": ""CEN-898FD1F4"", ""execution_id"": ""EXE-A8A8B81C561A"", ""session_id"": ""DIA-9C29BDB7306B"", ""seed"": 1, ""instrument"": ""EM210 #1 - TOTAL""}"
7376,2026-01-01T00:03:05+00:00,current_l3,Corrente L3,MEDIÇÃO ELÉTRICA,5.008,A,VÁLIDA,SIMULADOR,1,"{""controller"": ""VIRTUAL_REFRIGERATION_MACHINE"", ""scenario_id"": ""CEN-898FD1F4"", ""execution_id"": ""EXE-A8A8B81C561A"", ""session_id"": ""DIA-9C29BDB7306B"", ""seed"": 1, ""instrument"": ""EM210 #1 - TOTAL""}"
7377,2026-01-01T00:03:10+00:00,temperature_chamber,Temperatura da câmara,SENSORES,6.276295324299071,°C,VÁLIDA,SIMULADOR,1,"{""controller"": ""VIRTUAL_REFRIGERATION_MACHINE"", ""scenario_id"": ""CEN-898FD1F4"", ""execution_id"": ""EXE-A8A8B81C561A"", ""session_id"": ""DIA-9C29BDB7306B"", ""seed"": 1, ""machine_state"": ""ESTÁVEL""}"
7378,2026-01-01T00:03:10+00:00,temperature_evaporator,Temperatura do evaporador,SENSORES,1.71746199096574,°C,VÁLIDA,SIMULADOR,1,"{""controller"": ""VIRTUAL_REFRIGERATION_MACHINE"", ""scenario_id"": ""CEN-898FD1F4"", ""execution_id"": ""EXE-A8A8B81C561A"", ""session_id"": ""DIA-9C29BDB7306B"", ""seed"": 1, ""machine_state"": ""ESTÁVEL""}"
7379,2026-01-01T00:03:10+00:00,pressure_suction,Pressão de sucção,SENSORES,20.01817303900487,psi,VÁLIDA,SIMULADOR,1,"{""controller"": ""VIRTUAL_REFRIGERATION_MACHINE"", ""scenario_id"": ""CEN-898FD1F4"", ""execution_id"": ""EXE-A8A8B81C561A"", ""session_id"": ""DIA-9C29BDB7306B"", ""seed"": 1, ""machine_state"": ""ESTÁVEL""}"
7380,2026-01-01T00:03:10+00:00,pressure_discharge,Pressão de descarga,SENSORES,244.95975969934636,psi,VÁLIDA,SIMULADOR,1,"{""controller"": ""VIRTUAL_REFRIGERATION_MACHINE"", ""scenario_id"": ""CEN-898FD1F4"", ""execution_id"": ""EXE-A8A8B81C561A"", ""session_id"": ""DIA-9C29BDB7306B"", ""seed"": 1, ""machine_state"": ""ESTÁVEL""}"
7381,2026-01-01T00:03:10+00:00,compressor_command,Comando do compressor,I/O,1.0,bool,VÁLIDA,SIMULADOR,1,"{""controller"": ""VIRTUAL_REFRIGERATION_MACHINE"", ""scenario_id"": ""CEN-898FD1F4"", ""execution_id"": ""EXE-A8A8B81C561A"", ""session_id"": ""DIA-9C29BDB7306B"", ""seed"": 1, ""machine_state"": ""ESTÁVEL""}"
7382,2026-01-01T00:03:10+00:00,compressor,Estado do compressor,I/O,1.0,bool,VÁLIDA,SIMULADOR,1,"{""controller"": ""VIRTUAL_REFRIGERATION_MACHINE"", ""scenario_id"": ""CEN-898FD1F4"", ""execution_id"": ""EXE-A8A8B81C561A"", ""session_id"": ""DIA-9C29BDB7306B"", ""seed"": 1, ""machine_state"": ""ESTÁVEL""}"
7383,2026-01-01T00:03:10+00:00,evaporator_fan,Ventilador evaporador,I/O,1.0,bool,VÁLIDA,SIMULADOR,1,"{""controller"": ""VIRTUAL_REFRIGERATION_MACHINE"", ""scenario_id"": ""CEN-898FD1F4"", ""execution_id"": ""EXE-A8A8B81C561A"", ""session_id"": ""DIA-9C29BDB7306B"", ""seed"": 1, ""machine_state"": ""ESTÁVEL""}"
7384,2026-01-01T00:03:10+00:00,condenser_fan,Ventilador condensador,I/O,0.0,bool,VÁLIDA,SIMULADOR,1,"{""controller"": ""VIRTUAL_REFRIGERATION_MACHINE"", ""scenario_id"": ""CEN-898FD1F4"", ""execution_id"": ""EXE-A8A8B81C561A"", ""session_id"": ""DIA-9C29BDB7306B"", ""seed"": 1, ""machine_state"": ""ESTÁVEL""}"
7385,2026-01-01T00:03:10+00:00,defrost,Degelo,I/O,0.0,bool,VÁLIDA,SIMULADOR,1,"{""controller"": ""VIRTUAL_REFRIGERATION_MACHINE"", ""scenario_id"": ""CEN-898FD1F4"", ""execution_id"": ""EXE-A8A8B81C561A"", ""session_id"": ""DIA-9C29BDB7306B"", ""seed"": 1, ""machine_state"": ""ESTÁVEL""}"
7386,2026-01-01T00:03:10+00:00,dripping,Gotejamento,I/O,0.0,bool,VÁLIDA,SIMULADOR,1,"{""controller"": ""VIRTUAL_REFRIGERATION_MACHINE"", ""scenario_id"": ""CEN-898FD1F4"", ""execution_id"": ""EXE-A8A8B81C561A"", ""session_id"": ""DIA-9C29BDB7306B"", ""seed"": 1, ""machine_state"": ""ESTÁVEL""}"
7387,2026-01-01T00:03:10+00:00,communication,Comunicação simulada,COMUNICAÇÃO,1.0,bool,VÁLIDA,SIMULADOR,1,"{""controller"": ""VIRTUAL_REFRIGERATION_MACHINE"", ""scenario_id"": ""CEN-898FD1F4"", ""execution_id"": ""EXE-A8A8B81C561A"", ""session_id"": ""DIA-9C29BDB7306B"", ""seed"": 1, ""machine_state"": ""ESTÁVEL""}"
7388,2026-01-01T00:03:10+00:00,current_total,Corrente total da máquina,MEDIÇÃO ELÉTRICA,15.019,A,VÁLIDA,SIMULADOR,1,"{""controller"": ""VIRTUAL_REFRIGERATION_MACHINE"", ""scenario_id"": ""CEN-898FD1F4"", ""execution_id"": ""EXE-A8A8B81C561A"", ""session_id"": ""DIA-9C29BDB7306B"", ""seed"": 1, ""instrument"": ""EM210 #1 - TOTAL""}"
7389,2026-01-01T00:03:10+00:00,current_compressor,Corrente do compressor,MEDIÇÃO ELÉTRICA,11.998,A,VÁLIDA,SIMULADOR,1,"{""controller"": ""VIRTUAL_REFRIGERATION_MACHINE"", ""scenario_id"": ""CEN-898FD1F4"", ""execution_id"": ""EXE-A8A8B81C561A"", ""session_id"": ""DIA-9C29BDB7306B"", ""seed"": 1, ""instrument"": ""EM210 #2 - COMPRESSOR""}"
7390,2026-01-01T00:03:10+00:00,current_l1,Corrente L1,MEDIÇÃO ELÉTRICA,4.983,A,VÁLIDA,SIMULADOR,1,"{""controller"": ""VIRTUAL_REFRIGERATION_MACHINE"", ""scenario_id"": ""CEN-898FD1F4"", ""execution_id"": ""EXE-A8A8B81C561A"", ""session_id"": ""DIA-9C29BDB7306B"", ""seed"": 1, ""instrument"": ""EM210 #1 - TOTAL""}"
7391,2026-01-01T00:03:10+00:00,current_l2,Corrente L2,MEDIÇÃO ELÉTRICA,4.998,A,VÁLIDA,SIMULADOR,1,"{""controller"": ""VIRTUAL_REFRIGERATION_MACHINE"", ""scenario_id"": ""CEN-898FD1F4"", ""execution_id"": ""EXE-A8A8B81C561A"", ""session_id"": ""DIA-9C29BDB7306B"", ""seed"": 1, ""instrument"": ""EM210 #1 - TOTAL""}"
7392,2026-01-01T00:03:10+00:00,current_l3,Corrente L3,MEDIÇÃO ELÉTRICA,5.016,A,VÁLIDA,SIMULADOR,1,"{""controller"": ""VIRTUAL_REFRIGERATION_MACHINE"", ""scenario_id"": ""CEN-898FD1F4"", ""execution_id"": ""EXE-A8A8B81C561A"", ""session_id"": ""DIA-9C29BDB7306B"", ""seed"": 1, ""instrument"": ""EM210 #1 - TOTAL""}"
7393,2026-01-01T00:03:15+00:00,temperature_chamber,Temperatura da câmara,SENSORES,6.234730821853711,°C,VÁLIDA,SIMULADOR,1,"{""controller"": ""VIRTUAL_REFRIGERATION_MACHINE"", ""scenario_id"": ""CEN-898FD1F4"", ""execution_id"": ""EXE-A8A8B81C561A"", ""session_id"": ""DIA-9C29BDB7306B"", ""seed"": 1, ""machine_state"": ""ESTÁVEL""}"
7394,2026-01-01T00:03:15+00:00,temperature_evaporator,Temperatura do evaporador,SENSORES,1.6050641551870468,°C,VÁLIDA,SIMULADOR,1,"{""controller"": ""VIRTUAL_REFRIGERATION_MACHINE"", ""scenario_id"": ""CEN-898FD1F4"", ""execution_id"": ""EXE-A8A8B81C561A"", ""session_id"": ""DIA-9C29BDB7306B"", ""seed"": 1, ""machine_state"": ""ESTÁVEL""}"
7395,2026-01-01T00:03:15+00:00,pressure_suction,Pressão de sucção,SENSORES,20.014538431203896,psi,VÁLIDA,SIMULADOR,1,"{""controller"": ""VIRTUAL_REFRIGERATION_MACHINE"", ""scenario_id"": ""CEN-898FD1F4"", ""execution_id"": ""EXE-A8A8B81C561A"", ""session_id"": ""DIA-9C29BDB7306B"", ""seed"": 1, ""machine_state"": ""ESTÁVEL""}"
7396,2026-01-01T00:03:15+00:00,pressure_discharge,Pressão de descarga,SENSORES,244.9678077594771,psi,VÁLIDA,SIMULADOR,1,"{""controller"": ""VIRTUAL_REFRIGERATION_MACHINE"", ""scenario_id"": ""CEN-898FD1F4"", ""execution_id"": ""EXE-A8A8B81C561A"", ""session_id"": ""DIA-9C29BDB7306B"", ""seed"": 1, ""machine_state"": ""ESTÁVEL""}"
7397,2026-01-01T00:03:15+00:00,compressor_command,Comando do compressor,I/O,1.0,bool,VÁLIDA,SIMULADOR,1,"{""controller"": ""VIRTUAL_REFRIGERATION_MACHINE"", ""scenario_id"": ""CEN-898FD1F4"", ""execution_id"": ""EXE-A8A8B81C561A"", ""session_id"": ""DIA-9C29BDB7306B"", ""seed"": 1, ""machine_state"": ""ESTÁVEL""}"
7398,2026-01-01T00:03:15+00:00,compressor,Estado do compressor,I/O,1.0,bool,VÁLIDA,SIMULADOR,1,"{""controller"": ""VIRTUAL_REFRIGERATION_MACHINE"", ""scenario_id"": ""CEN-898FD1F4"", ""execution_id"": ""EXE-A8A8B81C561A"", ""session_id"": ""DIA-9C29BDB7306B"", ""seed"": 1, ""machine_state"": ""ESTÁVEL""}"
7399,2026-01-01T00:03:15+00:00,evaporator_fan,Ventilador evaporador,I/O,1.0,bool,VÁLIDA,SIMULADOR,1,"{""controller"": ""VIRTUAL_REFRIGERATION_MACHINE"", ""scenario_id"": ""CEN-898FD1F4"", ""execution_id"": ""EXE-A8A8B81C561A"", ""session_id"": ""DIA-9C29BDB7306B"", ""seed"": 1, ""machine_state"": ""ESTÁVEL""}"
7400,2026-01-01T00:03:15+00:00,condenser_fan,Ventilador condensador,I/O,0.0,bool,VÁLIDA,SIMULADOR,1,"{""controller"": ""VIRTUAL_REFRIGERATION_MACHINE"", ""scenario_id"": ""CEN-898FD1F4"", ""execution_id"": ""EXE-A8A8B81C561A"", ""session_id"": ""DIA-9C29BDB7306B"", ""seed"": 1, ""machine_state"": ""ESTÁVEL""}"
7401,2026-01-01T00:03:15+00:00,defrost,Degelo,I/O,0.0,bool,VÁLIDA,SIMULADOR,1,"{""controller"": ""VIRTUAL_REFRIGERATION_MACHINE"", ""scenario_id"": ""CEN-898FD1F4"", ""execution_id"": ""EXE-A8A8B81C561A"", ""session_id"": ""DIA-9C29BDB7306B"", ""seed"": 1, ""machine_state"": ""ESTÁVEL""}"
7402,2026-01-01T00:03:15+00:00,dripping,Gotejamento,I/O,0.0,bool,VÁLIDA,SIMULADOR,1,"{""controller"": ""VIRTUAL_REFRIGERATION_MACHINE"", ""scenario_id"": ""CEN-898FD1F4"", ""execution_id"": ""EXE-A8A8B81C561A"", ""session_id"": ""DIA-9C29BDB7306B"", ""seed"": 1, ""machine_state"": ""ESTÁVEL""}"
7403,2026-01-01T00:03:15+00:00,communication,Comunicação simulada,COMUNICAÇÃO,1.0,bool,VÁLIDA,SIMULADOR,1,"{""controller"": ""VIRTUAL_REFRIGERATION_MACHINE"", ""scenario_id"": ""CEN-898FD1F4"", ""execution_id"": ""EXE-A8A8B81C561A"", ""session_id"": ""DIA-9C29BDB7306B"", ""seed"": 1, ""machine_state"": ""ESTÁVEL""}"
7404,2026-01-01T00:03:15+00:00,current_total,Corrente total da máquina,MEDIÇÃO ELÉTRICA,14.999,A,VÁLIDA,SIMULADOR,1,"{""controller"": ""VIRTUAL_REFRIGERATION_MACHINE"", ""scenario_id"": ""CEN-898FD1F4"", ""execution_id"": ""EXE-A8A8B81C561A"", ""session_id"": ""DIA-9C29BDB7306B"", ""seed"": 1, ""instrument"": ""EM210 #1 - TOTAL""}"
7405,2026-01-01T00:03:15+00:00,current_compressor,Corrente do compressor,MEDIÇÃO ELÉTRICA,12.005,A,VÁLIDA,SIMULADOR,1,"{""controller"": ""VIRTUAL_REFRIGERATION_MACHINE"", ""scenario_id"": ""CEN-898FD1F4"", ""execution_id"": ""EXE-A8A8B81C561A"", ""session_id"": ""DIA-9C29BDB7306B"", ""seed"": 1, ""instrument"": ""EM210 #2 - COMPRESSOR""}"
7406,2026-01-01T00:03:15+00:00,current_l1,Corrente L1,MEDIÇÃO ELÉTRICA,4.982,A,VÁLIDA,SIMULADOR,1,"{""controller"": ""VIRTUAL_REFRIGERATION_MACHINE"", ""scenario_id"": ""CEN-898FD1F4"", ""execution_id"": ""EXE-A8A8B81C561A"", ""session_id"": ""DIA-9C29BDB7306B"", ""seed"": 1, ""instrument"": ""EM210 #1 - TOTAL""}"
7407,2026-01-01T00:03:15+00:00,current_l2,Corrente L2,MEDIÇÃO ELÉTRICA,4.984,A,VÁLIDA,SIMULADOR,1,"{""controller"": ""VIRTUAL_REFRIGERATION_MACHINE"", ""scenario_id"": ""CEN-898FD1F4"", ""execution_id"": ""EXE-A8A8B81C561A"", ""session_id"": ""DIA-9C29BDB7306B"", ""seed"": 1, ""instrument"": ""EM210 #1 - TOTAL""}"
7408,2026-01-01T00:03:15+00:00,current_l3,Corrente L3,MEDIÇÃO ELÉTRICA,4.982,A,VÁLIDA,SIMULADOR,1,"{""controller"": ""VIRTUAL_REFRIGERATION_MACHINE"", ""scenario_id"": ""CEN-898FD1F4"", ""execution_id"": ""EXE-A8A8B81C561A"", ""session_id"": ""DIA-9C29BDB7306B"", ""seed"": 1, ""instrument"": ""EM210 #1 - TOTAL""}"
7409,2026-01-01T00:03:20+00:00,temperature_chamber,Temperatura da câmara,SENSORES,6.179474676497219,°C,VÁLIDA,SIMULADOR,1,"{""controller"": ""VIRTUAL_REFRIGERATION_MACHINE"", ""scenario_id"": ""CEN-898FD1F4"", ""execution_id"": ""EXE-A8A8B81C561A"", ""session_id"": ""DIA-9C29BDB7306B"", ""seed"": 1, ""machine_state"": ""ESTÁVEL""}"
7410,2026-01-01T00:03:20+00:00,temperature_evaporator,Temperatura do evaporador,SENSORES,1.4789746764972218,°C,VÁLIDA,SIMULADOR,1,"{""controller"": ""VIRTUAL_REFRIGERATION_MACHINE"", ""scenario_id"": ""CEN-898FD1F4"", ""execution_id"": ""EXE-A8A8B81C561A"", ""session_id"": ""DIA-9C29BDB7306B"", ""seed"": 1, ""machine_state"": ""ESTÁVEL""}"
7411,2026-01-01T00:03:20+00:00,pressure_suction,Pressão de sucção,SENSORES,20.011630744963117,psi,VÁLIDA,SIMULADOR,1,"{""controller"": ""VIRTUAL_REFRIGERATION_MACHINE"", ""scenario_id"": ""CEN-898FD1F4"", ""execution_id"": ""EXE-A8A8B81C561A"", ""session_id"": ""DIA-9C29BDB7306B"", ""seed"": 1, ""machine_state"": ""ESTÁVEL""}"
7412,2026-01-01T00:03:20+00:00,pressure_discharge,Pressão de descarga,SENSORES,244.97424620758167,psi,VÁLIDA,SIMULADOR,1,"{""controller"": ""VIRTUAL_REFRIGERATION_MACHINE"", ""scenario_id"": ""CEN-898FD1F4"", ""execution_id"": ""EXE-A8A8B81C561A"", ""session_id"": ""DIA-9C29BDB7306B"", ""seed"": 1, ""machine_state"": ""ESTÁVEL""}"
7413,2026-01-01T00:03:20+00:00,compressor_command,Comando do compressor,I/O,1.0,bool,VÁLIDA,SIMULADOR,1,"{""controller"": ""VIRTUAL_REFRIGERATION_MACHINE"", ""scenario_id"": ""CEN-898FD1F4"", ""execution_id"": ""EXE-A8A8B81C561A"", ""session_id"": ""DIA-9C29BDB7306B"", ""seed"": 1, ""machine_state"": ""ESTÁVEL""}"
7414,2026-01-01T00:03:20+00:00,compressor,Estado do compressor,I/O,1.0,bool,VÁLIDA,SIMULADOR,1,"{""controller"": ""VIRTUAL_REFRIGERATION_MACHINE"", ""scenario_id"": ""CEN-898FD1F4"", ""execution_id"": ""EXE-A8A8B81C561A"", ""session_id"": ""DIA-9C29BDB7306B"", ""seed"": 1, ""machine_state"": ""ESTÁVEL""}"
7415,2026-01-01T00:03:20+00:00,evaporator_fan,Ventilador evaporador,I/O,1.0,bool,VÁLIDA,SIMULADOR,1,"{""controller"": ""VIRTUAL_REFRIGERATION_MACHINE"", ""scenario_id"": ""CEN-898FD1F4"", ""execution_id"": ""EXE-A8A8B81C561A"", ""session_id"": ""DIA-9C29BDB7306B"", ""seed"": 1, ""machine_state"": ""ESTÁVEL""}"
7416,2026-01-01T00:03:20+00:00,condenser_fan,Ventilador condensador,I/O,0.0,bool,VÁLIDA,SIMULADOR,1,"{""controller"": ""VIRTUAL_REFRIGERATION_MACHINE"", ""scenario_id"": ""CEN-898FD1F4"", ""execution_id"": ""EXE-A8A8B81C561A"", ""session_id"": ""DIA-9C29BDB7306B"", ""seed"": 1, ""machine_state"": ""ESTÁVEL""}"
7417,2026-01-01T00:03:20+00:00,defrost,Degelo,I/O,0.0,bool,VÁLIDA,SIMULADOR,1,"{""controller"": ""VIRTUAL_REFRIGERATION_MACHINE"", ""scenario_id"": ""CEN-898FD1F4"", ""execution_id"": ""EXE-A8A8B81C561A"", ""session_id"": ""DIA-9C29BDB7306B"", ""seed"": 1, ""machine_state"": ""ESTÁVEL""}"
7418,2026-01-01T00:03:20+00:00,dripping,Gotejamento,I/O,0.0,bool,VÁLIDA,SIMULADOR,1,"{""controller"": ""VIRTUAL_REFRIGERATION_MACHINE"", ""scenario_id"": ""CEN-898FD1F4"", ""execution_id"": ""EXE-A8A8B81C561A"", ""session_id"": ""DIA-9C29BDB7306B"", ""seed"": 1, ""machine_state"": ""ESTÁVEL""}"
7419,2026-01-01T00:03:20+00:00,communication,Comunicação simulada,COMUNICAÇÃO,1.0,bool,VÁLIDA,SIMULADOR,1,"{""controller"": ""VIRTUAL_REFRIGERATION_MACHINE"", ""scenario_id"": ""CEN-898FD1F4"", ""execution_id"": ""EXE-A8A8B81C561A"", ""session_id"": ""DIA-9C29BDB7306B"", ""seed"": 1, ""machine_state"": ""ESTÁVEL""}"
7420,2026-01-01T00:03:20+00:00,current_total,Corrente total da máquina,MEDIÇÃO ELÉTRICA,15.009,A,VÁLIDA,SIMULADOR,1,"{""controller"": ""VIRTUAL_REFRIGERATION_MACHINE"", ""scenario_id"": ""CEN-898FD1F4"", ""execution_id"": ""EXE-A8A8B81C561A"", ""session_id"": ""DIA-9C29BDB7306B"", ""seed"": 1, ""instrument"": ""EM210 #1 - TOTAL""}"
7421,2026-01-01T00:03:20+00:00,current_compressor,Corrente do compressor,MEDIÇÃO ELÉTRICA,11.994,A,VÁLIDA,SIMULADOR,1,"{""controller"": ""VIRTUAL_REFRIGERATION_MACHINE"", ""scenario_id"": ""CEN-898FD1F4"", ""execution_id"": ""EXE-A8A8B81C561A"", ""session_id"": ""DIA-9C29BDB7306B"", ""seed"": 1, ""instrument"": ""EM210 #2 - COMPRESSOR""}"
7422,2026-01-01T00:03:20+00:00,current_l1,Corrente L1,MEDIÇÃO ELÉTRICA,5.016,A,VÁLIDA,SIMULADOR,1,"{""controller"": ""VIRTUAL_REFRIGERATION_MACHINE"", ""scenario_id"": ""CEN-898FD1F4"", ""execution_id"": ""EXE-A8A8B81C561A"", ""session_id"": ""DIA-9C29BDB7306B"", ""seed"": 1, ""instrument"": ""EM210 #1 - TOTAL""}"
7423,2026-01-01T00:03:20+00:00,current_l2,Corrente L2,MEDIÇÃO ELÉTRICA,5.005,A,VÁLIDA,SIMULADOR,1,"{""controller"": ""VIRTUAL_REFRIGERATION_MACHINE"", ""scenario_id"": ""CEN-898FD1F4"", ""execution_id"": ""EXE-A8A8B81C561A"", ""session_id"": ""DIA-9C29BDB7306B"", ""seed"": 1, ""instrument"": ""EM210 #1 - TOTAL""}"
7424,2026-01-01T00:03:20+00:00,current_l3,Corrente L3,MEDIÇÃO ELÉTRICA,4.983,A,VÁLIDA,SIMULADOR,1,"{""controller"": ""VIRTUAL_REFRIGERATION_MACHINE"", ""scenario_id"": ""CEN-898FD1F4"", ""execution_id"": ""EXE-A8A8B81C561A"", ""session_id"": ""DIA-9C29BDB7306B"", ""seed"": 1, ""instrument"": ""EM210 #1 - TOTAL""}"
7425,2026-01-01T00:03:25+00:00,temperature_chamber,Temperatura da câmara,SENSORES,6.148417645529167,°C,VÁLIDA,SIMULADOR,1,"{""controller"": ""VIRTUAL_REFRIGERATION_MACHINE"", ""scenario_id"": ""CEN-898FD1F4"", ""execution_id"": ""EXE-A8A8B81C561A"", ""session_id"": ""DIA-9C29BDB7306B"", ""seed"": 1, ""machine_state"": ""ESTÁVEL""}"
7426,2026-01-01T00:03:25+00:00,temperature_evaporator,Temperatura do evaporador,SENSORES,1.3770843121958372,°C,VÁLIDA,SIMULADOR,1,"{""controller"": ""VIRTUAL_REFRIGERATION_MACHINE"", ""scenario_id"": ""CEN-898FD1F4"", ""execution_id"": ""EXE-A8A8B81C561A"", ""session_id"": ""DIA-9C29BDB7306B"", ""seed"": 1, ""machine_state"": ""ESTÁVEL""}"
7427,2026-01-01T00:03:25+00:00,pressure_suction,Pressão de sucção,SENSORES,20.009304595970494,psi,VÁLIDA,SIMULADOR,1,"{""controller"": ""VIRTUAL_REFRIGERATION_MACHINE"", ""scenario_id"": ""CEN-898FD1F4"", ""execution_id"": ""EXE-A8A8B81C561A"", ""session_id"": ""DIA-9C29BDB7306B"", ""seed"": 1, ""machine_state"": ""ESTÁVEL""}"
7428,2026-01-01T00:03:25+00:00,pressure_discharge,Pressão de descarga,SENSORES,244.97939696606534,psi,VÁLIDA,SIMULADOR,1,"{""controller"": ""VIRTUAL_REFRIGERATION_MACHINE"", ""scenario_id"": ""CEN-898FD1F4"", ""execution_id"": ""EXE-A8A8B81C561A"", ""session_id"": ""DIA-9C29BDB7306B"", ""seed"": 1, ""machine_state"": ""ESTÁVEL""}"
7429,2026-01-01T00:03:25+00:00,compressor_command,Comando do compressor,I/O,1.0,bool,VÁLIDA,SIMULADOR,1,"{""controller"": ""VIRTUAL_REFRIGERATION_MACHINE"", ""scenario_id"": ""CEN-898FD1F4"", ""execution_id"": ""EXE-A8A8B81C561A"", ""session_id"": ""DIA-9C29BDB7306B"", ""seed"": 1, ""machine_state"": ""ESTÁVEL""}"
7430,2026-01-01T00:03:25+00:00,compressor,Estado do compressor,I/O,1.0,bool,VÁLIDA,SIMULADOR,1,"{""controller"": ""VIRTUAL_REFRIGERATION_MACHINE"", ""scenario_id"": ""CEN-898FD1F4"", ""execution_id"": ""EXE-A8A8B81C561A"", ""session_id"": ""DIA-9C29BDB7306B"", ""seed"": 1, ""machine_state"": ""ESTÁVEL""}"
7431,2026-01-01T00:03:25+00:00,evaporator_fan,Ventilador evaporador,I/O,1.0,bool,VÁLIDA,SIMULADOR,1,"{""controller"": ""VIRTUAL_REFRIGERATION_MACHINE"", ""scenario_id"": ""CEN-898FD1F4"", ""execution_id"": ""EXE-A8A8B81C561A"", ""session_id"": ""DIA-9C29BDB7306B"", ""seed"": 1, ""machine_state"": ""ESTÁVEL""}"
7432,2026-01-01T00:03:25+00:00,condenser_fan,Ventilador condensador,I/O,0.0,bool,VÁLIDA,SIMULADOR,1,"{""controller"": ""VIRTUAL_REFRIGERATION_MACHINE"", ""scenario_id"": ""CEN-898FD1F4"", ""execution_id"": ""EXE-A8A8B81C561A"", ""session_id"": ""DIA-9C29BDB7306B"", ""seed"": 1, ""machine_state"": ""ESTÁVEL""}"
7433,2026-01-01T00:03:25+00:00,defrost,Degelo,I/O,0.0,bool,VÁLIDA,SIMULADOR,1,"{""controller"": ""VIRTUAL_REFRIGERATION_MACHINE"", ""scenario_id"": ""CEN-898FD1F4"", ""execution_id"": ""EXE-A8A8B81C561A"", ""session_id"": ""DIA-9C29BDB7306B"", ""seed"": 1, ""machine_state"": ""ESTÁVEL""}"
7434,2026-01-01T00:03:25+00:00,dripping,Gotejamento,I/O,0.0,bool,VÁLIDA,SIMULADOR,1,"{""controller"": ""VIRTUAL_REFRIGERATION_MACHINE"", ""scenario_id"": ""CEN-898FD1F4"", ""execution_id"": ""EXE-A8A8B81C561A"", ""session_id"": ""DIA-9C29BDB7306B"", ""seed"": 1, ""machine_state"": ""ESTÁVEL""}"
7435,2026-01-01T00:03:25+00:00,communication,Comunicação simulada,COMUNICAÇÃO,1.0,bool,VÁLIDA,SIMULADOR,1,"{""controller"": ""VIRTUAL_REFRIGERATION_MACHINE"", ""scenario_id"": ""CEN-898FD1F4"", ""execution_id"": ""EXE-A8A8B81C561A"", ""session_id"": ""DIA-9C29BDB7306B"", ""seed"": 1, ""machine_state"": ""ESTÁVEL""}"
7436,2026-01-01T00:03:25+00:00,current_total,Corrente total da máquina,MEDIÇÃO ELÉTRICA,15.02,A,VÁLIDA,SIMULADOR,1,"{""controller"": ""VIRTUAL_REFRIGERATION_MACHINE"", ""scenario_id"": ""CEN-898FD1F4"", ""execution_id"": ""EXE-A8A8B81C561A"", ""session_id"": ""DIA-9C29BDB7306B"", ""seed"": 1, ""instrument"": ""EM210 #1 - TOTAL""}"
7437,2026-01-01T00:03:25+00:00,current_compressor,Corrente do compressor,MEDIÇÃO ELÉTRICA,12.004,A,VÁLIDA,SIMULADOR,1,"{""controller"": ""VIRTUAL_REFRIGERATION_MACHINE"", ""scenario_id"": ""CEN-898FD1F4"", ""execution_id"": ""EXE-A8A8B81C561A"", ""session_id"": ""DIA-9C29BDB7306B"", ""seed"": 1, ""instrument"": ""EM210 #2 - COMPRESSOR""}"
7438,2026-01-01T00:03:25+00:00,current_l1,Corrente L1,MEDIÇÃO ELÉTRICA,4.981,A,VÁLIDA,SIMULADOR,1,"{""controller"": ""VIRTUAL_REFRIGERATION_MACHINE"", ""scenario_id"": ""CEN-898FD1F4"", ""execution_id"": ""EXE-A8A8B81C561A"", ""session_id"": ""DIA-9C29BDB7306B"", ""seed"": 1, ""instrument"": ""EM210 #1 - TOTAL""}"
7439,2026-01-01T00:03:25+00:00,current_l2,Corrente L2,MEDIÇÃO ELÉTRICA,4.985,A,VÁLIDA,SIMULADOR,1,"{""controller"": ""VIRTUAL_REFRIGERATION_MACHINE"", ""scenario_id"": ""CEN-898FD1F4"", ""execution_id"": ""EXE-A8A8B81C561A"", ""session_id"": ""DIA-9C29BDB7306B"", ""seed"": 1, ""instrument"": ""EM210 #1 - TOTAL""}"
7440,2026-01-01T00:03:25+00:00,current_l3,Corrente L3,MEDIÇÃO ELÉTRICA,5.013,A,VÁLIDA,SIMULADOR,1,"{""controller"": ""VIRTUAL_REFRIGERATION_MACHINE"", ""scenario_id"": ""CEN-898FD1F4"", ""execution_id"": ""EXE-A8A8B81C561A"", ""session_id"": ""DIA-9C29BDB7306B"", ""seed"": 1, ""instrument"": ""EM210 #1 - TOTAL""}"
7441,2026-01-01T00:03:30+00:00,temperature_chamber,Temperatura da câmara,SENSORES,6.113382708059692,°C,VÁLIDA,SIMULADOR,1,"{""controller"": ""VIRTUAL_REFRIGERATION_MACHINE"", ""scenario_id"": ""CEN-898FD1F4"", ""execution_id"": ""EXE-A8A8B81C561A"", ""session_id"": ""DIA-9C29BDB7306B"", ""seed"": 1, ""machine_state"": ""ESTÁVEL""}"
7442,2026-01-01T00:03:30+00:00,temperature_evaporator,Temperatura do evaporador,SENSORES,1.2712160413930291,°C,VÁLIDA,SIMULADOR,1,"{""controller"": ""VIRTUAL_REFRIGERATION_MACHINE"", ""scenario_id"": ""CEN-898FD1F4"", ""execution_id"": ""EXE-A8A8B81C561A"", ""session_id"": ""DIA-9C29BDB7306B"", ""seed"": 1, ""machine_state"": ""ESTÁVEL""}"
7443,2026-01-01T00:03:30+00:00,pressure_suction,Pressão de sucção,SENSORES,20.007443676776397,psi,VÁLIDA,SIMULADOR,1,"{""controller"": ""VIRTUAL_REFRIGERATION_MACHINE"", ""scenario_id"": ""CEN-898FD1F4"", ""execution_id"": ""EXE-A8A8B81C561A"", ""session_id"": ""DIA-9C29BDB7306B"", ""seed"": 1, ""machine_state"": ""ESTÁVEL""}"
7444,2026-01-01T00:03:30+00:00,pressure_discharge,Pressão de descarga,SENSORES,244.98351757285226,psi,VÁLIDA,SIMULADOR,1,"{""controller"": ""VIRTUAL_REFRIGERATION_MACHINE"", ""scenario_id"": ""CEN-898FD1F4"", ""execution_id"": ""EXE-A8A8B81C561A"", ""session_id"": ""DIA-9C29BDB7306B"", ""seed"": 1, ""machine_state"": ""ESTÁVEL""}"
7445,2026-01-01T00:03:30+00:00,compressor_command,Comando do compressor,I/O,1.0,bool,VÁLIDA,SIMULADOR,1,"{""controller"": ""VIRTUAL_REFRIGERATION_MACHINE"", ""scenario_id"": ""CEN-898FD1F4"", ""execution_id"": ""EXE-A8A8B81C561A"", ""session_id"": ""DIA-9C29BDB7306B"", ""seed"": 1, ""machine_state"": ""ESTÁVEL""}"
7446,2026-01-01T00:03:30+00:00,compressor,Estado do compressor,I/O,1.0,bool,VÁLIDA,SIMULADOR,1,"{""controller"": ""VIRTUAL_REFRIGERATION_MACHINE"", ""scenario_id"": ""CEN-898FD1F4"", ""execution_id"": ""EXE-A8A8B81C561A"", ""session_id"": ""DIA-9C29BDB7306B"", ""seed"": 1, ""machine_state"": ""ESTÁVEL""}"
7447,2026-01-01T00:03:30+00:00,evaporator_fan,Ventilador evaporador,I/O,1.0,bool,VÁLIDA,SIMULADOR,1,"{""controller"": ""VIRTUAL_REFRIGERATION_MACHINE"", ""scenario_id"": ""CEN-898FD1F4"", ""execution_id"": ""EXE-A8A8B81C561A"", ""session_id"": ""DIA-9C29BDB7306B"", ""seed"": 1, ""machine_state"": ""ESTÁVEL""}"
7448,2026-01-01T00:03:30+00:00,condenser_fan,Ventilador condensador,I/O,0.0,bool,VÁLIDA,SIMULADOR,1,"{""controller"": ""VIRTUAL_REFRIGERATION_MACHINE"", ""scenario_id"": ""CEN-898FD1F4"", ""execution_id"": ""EXE-A8A8B81C561A"", ""session_id"": ""DIA-9C29BDB7306B"", ""seed"": 1, ""machine_state"": ""ESTÁVEL""}"
7449,2026-01-01T00:03:30+00:00,defrost,Degelo,I/O,0.0,bool,VÁLIDA,SIMULADOR,1,"{""controller"": ""VIRTUAL_REFRIGERATION_MACHINE"", ""scenario_id"": ""CEN-898FD1F4"", ""execution_id"": ""EXE-A8A8B81C561A"", ""session_id"": ""DIA-9C29BDB7306B"", ""seed"": 1, ""machine_state"": ""ESTÁVEL""}"
7450,2026-01-01T00:03:30+00:00,dripping,Gotejamento,I/O,0.0,bool,VÁLIDA,SIMULADOR,1,"{""controller"": ""VIRTUAL_REFRIGERATION_MACHINE"", ""scenario_id"": ""CEN-898FD1F4"", ""execution_id"": ""EXE-A8A8B81C561A"", ""session_id"": ""DIA-9C29BDB7306B"", ""seed"": 1, ""machine_state"": ""ESTÁVEL""}"
7451,2026-01-01T00:03:30+00:00,communication,Comunicação simulada,COMUNICAÇÃO,1.0,bool,VÁLIDA,SIMULADOR,1,"{""controller"": ""VIRTUAL_REFRIGERATION_MACHINE"", ""scenario_id"": ""CEN-898FD1F4"", ""execution_id"": ""EXE-A8A8B81C561A"", ""session_id"": ""DIA-9C29BDB7306B"", ""seed"": 1, ""machine_state"": ""ESTÁVEL""}"
7452,2026-01-01T00:03:30+00:00,current_total,Corrente total da máquina,MEDIÇÃO ELÉTRICA,15.015,A,VÁLIDA,SIMULADOR,1,"{""controller"": ""VIRTUAL_REFRIGERATION_MACHINE"", ""scenario_id"": ""CEN-898FD1F4"", ""execution_id"": ""EXE-A8A8B81C561A"", ""session_id"": ""DIA-9C29BDB7306B"", ""seed"": 1, ""instrument"": ""EM210 #1 - TOTAL""}"
7453,2026-01-01T00:03:30+00:00,current_compressor,Corrente do compressor,MEDIÇÃO ELÉTRICA,12.01,A,VÁLIDA,SIMULADOR,1,"{""controller"": ""VIRTUAL_REFRIGERATION_MACHINE"", ""scenario_id"": ""CEN-898FD1F4"", ""execution_id"": ""EXE-A8A8B81C561A"", ""session_id"": ""DIA-9C29BDB7306B"", ""seed"": 1, ""instrument"": ""EM210 #2 - COMPRESSOR""}"
7454,2026-01-01T00:03:30+00:00,current_l1,Corrente L1,MEDIÇÃO ELÉTRICA,4.987,A,VÁLIDA,SIMULADOR,1,"{""controller"": ""VIRTUAL_REFRIGERATION_MACHINE"", ""scenario_id"": ""CEN-898FD1F4"", ""execution_id"": ""EXE-A8A8B81C561A"", ""session_id"": ""DIA-9C29BDB7306B"", ""seed"": 1, ""instrument"": ""EM210 #1 - TOTAL""}"
7455,2026-01-01T00:03:30+00:00,current_l2,Corrente L2,MEDIÇÃO ELÉTRICA,4.993,A,VÁLIDA,SIMULADOR,1,"{""controller"": ""VIRTUAL_REFRIGERATION_MACHINE"", ""scenario_id"": ""CEN-898FD1F4"", ""execution_id"": ""EXE-A8A8B81C561A"", ""session_id"": ""DIA-9C29BDB7306B"", ""seed"": 1, ""instrument"": ""EM210 #1 - TOTAL""}"
7456,2026-01-01T00:03:30+00:00,current_l3,Corrente L3,MEDIÇÃO ELÉTRICA,5.004,A,VÁLIDA,SIMULADOR,1,"{""controller"": ""VIRTUAL_REFRIGERATION_MACHINE"", ""scenario_id"": ""CEN-898FD1F4"", ""execution_id"": ""EXE-A8A8B81C561A"", ""session_id"": ""DIA-9C29BDB7306B"", ""seed"": 1, ""instrument"": ""EM210 #1 - TOTAL""}"
7457,2026-01-01T00:03:35+00:00,temperature_chamber,Temperatura da câmara,SENSORES,6.056176073520533,°C,VÁLIDA,SIMULADOR,1,"{""controller"": ""VIRTUAL_REFRIGERATION_MACHINE"", ""scenario_id"": ""CEN-898FD1F4"", ""execution_id"": ""EXE-A8A8B81C561A"", ""session_id"": ""DIA-9C29BDB7306B"", ""seed"": 1, ""machine_state"": ""ESTÁVEL""}"
7458,2026-01-01T00:03:35+00:00,temperature_evaporator,Temperatura do evaporador,SENSORES,1.1431760735205367,°C,VÁLIDA,SIMULADOR,1,"{""controller"": ""VIRTUAL_REFRIGERATION_MACHINE"", ""scenario_id"": ""CEN-898FD1F4"", ""execution_id"": ""EXE-A8A8B81C561A"", ""session_id"": ""DIA-9C29BDB7306B"", ""seed"": 1, ""machine_state"": ""ESTÁVEL""}"
7459,2026-01-01T00:03:35+00:00,pressure_suction,Pressão de sucção,SENSORES,20.005954941421116,psi,VÁLIDA,SIMULADOR,1,"{""controller"": ""VIRTUAL_REFRIGERATION_MACHINE"", ""scenario_id"": ""CEN-898FD1F4"", ""execution_id"": ""EXE-A8A8B81C561A"", ""session_id"": ""DIA-9C29BDB7306B"", ""seed"": 1, ""machine_state"": ""ESTÁVEL""}"
7460,2026-01-01T00:03:35+00:00,pressure_discharge,Pressão de descarga,SENSORES,244.98681405828182,psi,VÁLIDA,SIMULADOR,1,"{""controller"": ""VIRTUAL_REFRIGERATION_MACHINE"", ""scenario_id"": ""CEN-898FD1F4"", ""execution_id"": ""EXE-A8A8B81C561A"", ""session_id"": ""DIA-9C29BDB7306B"", ""seed"": 1, ""machine_state"": ""ESTÁVEL""}"
7461,2026-01-01T00:03:35+00:00,compressor_command,Comando do compressor,I/O,1.0,bool,VÁLIDA,SIMULADOR,1,"{""controller"": ""VIRTUAL_REFRIGERATION_MACHINE"", ""scenario_id"": ""CEN-898FD1F4"", ""execution_id"": ""EXE-A8A8B81C561A"", ""session_id"": ""DIA-9C29BDB7306B"", ""seed"": 1, ""machine_state"": ""ESTÁVEL""}"
7462,2026-01-01T00:03:35+00:00,compressor,Estado do compressor,I/O,1.0,bool,VÁLIDA,SIMULADOR,1,"{""controller"": ""VIRTUAL_REFRIGERATION_MACHINE"", ""scenario_id"": ""CEN-898FD1F4"", ""execution_id"": ""EXE-A8A8B81C561A"", ""session_id"": ""DIA-9C29BDB7306B"", ""seed"": 1, ""machine_state"": ""ESTÁVEL""}"
7463,2026-01-01T00:03:35+00:00,evaporator_fan,Ventilador evaporador,I/O,1.0,bool,VÁLIDA,SIMULADOR,1,"{""controller"": ""VIRTUAL_REFRIGERATION_MACHINE"", ""scenario_id"": ""CEN-898FD1F4"", ""execution_id"": ""EXE-A8A8B81C561A"", ""session_id"": ""DIA-9C29BDB7306B"", ""seed"": 1, ""machine_state"": ""ESTÁVEL""}"
7464,2026-01-01T00:03:35+00:00,condenser_fan,Ventilador condensador,I/O,0.0,bool,VÁLIDA,SIMULADOR,1,"{""controller"": ""VIRTUAL_REFRIGERATION_MACHINE"", ""scenario_id"": ""CEN-898FD1F4"", ""execution_id"": ""EXE-A8A8B81C561A"", ""session_id"": ""DIA-9C29BDB7306B"", ""seed"": 1, ""machine_state"": ""ESTÁVEL""}"
7465,2026-01-01T00:03:35+00:00,defrost,Degelo,I/O,0.0,bool,VÁLIDA,SIMULADOR,1,"{""controller"": ""VIRTUAL_REFRIGERATION_MACHINE"", ""scenario_id"": ""CEN-898FD1F4"", ""execution_id"": ""EXE-A8A8B81C561A"", ""session_id"": ""DIA-9C29BDB7306B"", ""seed"": 1, ""machine_state"": ""ESTÁVEL""}"
7466,2026-01-01T00:03:35+00:00,dripping,Gotejamento,I/O,0.0,bool,VÁLIDA,SIMULADOR,1,"{""controller"": ""VIRTUAL_REFRIGERATION_MACHINE"", ""scenario_id"": ""CEN-898FD1F4"", ""execution_id"": ""EXE-A8A8B81C561A"", ""session_id"": ""DIA-9C29BDB7306B"", ""seed"": 1, ""machine_state"": ""ESTÁVEL""}"
7467,2026-01-01T00:03:35+00:00,communication,Comunicação simulada,COMUNICAÇÃO,1.0,bool,VÁLIDA,SIMULADOR,1,"{""controller"": ""VIRTUAL_REFRIGERATION_MACHINE"", ""scenario_id"": ""CEN-898FD1F4"", ""execution_id"": ""EXE-A8A8B81C561A"", ""session_id"": ""DIA-9C29BDB7306B"", ""seed"": 1, ""machine_state"": ""ESTÁVEL""}"
7468,2026-01-01T00:03:35+00:00,current_total,Corrente total da máquina,MEDIÇÃO ELÉTRICA,15.016,A,VÁLIDA,SIMULADOR,1,"{""controller"": ""VIRTUAL_REFRIGERATION_MACHINE"", ""scenario_id"": ""CEN-898FD1F4"", ""execution_id"": ""EXE-A8A8B81C561A"", ""session_id"": ""DIA-9C29BDB7306B"", ""seed"": 1, ""instrument"": ""EM210 #1 - TOTAL""}"
7469,2026-01-01T00:03:35+00:00,current_compressor,Corrente do compressor,MEDIÇÃO ELÉTRICA,12.007,A,VÁLIDA,SIMULADOR,1,"{""controller"": ""VIRTUAL_REFRIGERATION_MACHINE"", ""scenario_id"": ""CEN-898FD1F4"", ""execution_id"": ""EXE-A8A8B81C561A"", ""session_id"": ""DIA-9C29BDB7306B"", ""seed"": 1, ""instrument"": ""EM210 #2 - COMPRESSOR""}"
7470,2026-01-01T00:03:35+00:00,current_l1,Corrente L1,MEDIÇÃO ELÉTRICA,5.001,A,VÁLIDA,SIMULADOR,1,"{""controller"": ""VIRTUAL_REFRIGERATION_MACHINE"", ""scenario_id"": ""CEN-898FD1F4"", ""execution_id"": ""EXE-A8A8B81C561A"", ""session_id"": ""DIA-9C29BDB7306B"", ""seed"": 1, ""instrument"": ""EM210 #1 - TOTAL""}"
7471,2026-01-01T00:03:35+00:00,current_l2,Corrente L2,MEDIÇÃO ELÉTRICA,4.992,A,VÁLIDA,SIMULADOR,1,"{""controller"": ""VIRTUAL_REFRIGERATION_MACHINE"", ""scenario_id"": ""CEN-898FD1F4"", ""execution_id"": ""EXE-A8A8B81C561A"", ""session_id"": ""DIA-9C29BDB7306B"", ""seed"": 1, ""instrument"": ""EM210 #1 - TOTAL""}"
7472,2026-01-01T00:03:35+00:00,current_l3,Corrente L3,MEDIÇÃO ELÉTRICA,5.003,A,VÁLIDA,SIMULADOR,1,"{""controller"": ""VIRTUAL_REFRIGERATION_MACHINE"", ""scenario_id"": ""CEN-898FD1F4"", ""execution_id"": ""EXE-A8A8B81C561A"", ""session_id"": ""DIA-9C29BDB7306B"", ""seed"": 1, ""instrument"": ""EM210 #1 - TOTAL""}"
7473,2026-01-01T00:03:40+00:00,temperature_chamber,Temperatura da câmara,SENSORES,6.005323595748004,°C,VÁLIDA,SIMULADOR,1,"{""controller"": ""VIRTUAL_REFRIGERATION_MACHINE"", ""scenario_id"": ""CEN-898FD1F4"", ""execution_id"": ""EXE-A8A8B81C561A"", ""session_id"": ""DIA-9C29BDB7306B"", ""seed"": 1, ""machine_state"": ""ESTÁVEL""}"
7474,2026-01-01T00:03:40+00:00,temperature_evaporator,Temperatura do evaporador,SENSORES,1.021490262414674,°C,VÁLIDA,SIMULADOR,1,"{""controller"": ""VIRTUAL_REFRIGERATION_MACHINE"", ""scenario_id"": ""CEN-898FD1F4"", ""execution_id"": ""EXE-A8A8B81C561A"", ""session_id"": ""DIA-9C29BDB7306B"", ""seed"": 1, ""machine_state"": ""ESTÁVEL""}"
7475,2026-01-01T00:03:40+00:00,pressure_suction,Pressão de sucção,SENSORES,20.004763953136894,psi,VÁLIDA,SIMULADOR,1,"{""controller"": ""VIRTUAL_REFRIGERATION_MACHINE"", ""scenario_id"": ""CEN-898FD1F4"", ""execution_id"": ""EXE-A8A8B81C561A"", ""session_id"": ""DIA-9C29BDB7306B"", ""seed"": 1, ""machine_state"": ""ESTÁVEL""}"
7476,2026-01-01T00:03:40+00:00,pressure_discharge,Pressão de descarga,SENSORES,244.98945124662546,psi,VÁLIDA,SIMULADOR,1,"{""controller"": ""VIRTUAL_REFRIGERATION_MACHINE"", ""scenario_id"": ""CEN-898FD1F4"", ""execution_id"": ""EXE-A8A8B81C561A"", ""session_id"": ""DIA-9C29BDB7306B"", ""seed"": 1, ""machine_state"": ""ESTÁVEL""}"
7477,2026-01-01T00:03:40+00:00,compressor_command,Comando do compressor,I/O,1.0,bool,VÁLIDA,SIMULADOR,1,"{""controller"": ""VIRTUAL_REFRIGERATION_MACHINE"", ""scenario_id"": ""CEN-898FD1F4"", ""execution_id"": ""EXE-A8A8B81C561A"", ""session_id"": ""DIA-9C29BDB7306B"", ""seed"": 1, ""machine_state"": ""ESTÁVEL""}"
7478,2026-01-01T00:03:40+00:00,compressor,Estado do compressor,I/O,1.0,bool,VÁLIDA,SIMULADOR,1,"{""controller"": ""VIRTUAL_REFRIGERATION_MACHINE"", ""scenario_id"": ""CEN-898FD1F4"", ""execution_id"": ""EXE-A8A8B81C561A"", ""session_id"": ""DIA-9C29BDB7306B"", ""seed"": 1, ""machine_state"": ""ESTÁVEL""}"
7479,2026-01-01T00:03:40+00:00,evaporator_fan,Ventilador evaporador,I/O,1.0,bool,VÁLIDA,SIMULADOR,1,"{""controller"": ""VIRTUAL_REFRIGERATION_MACHINE"", ""scenario_id"": ""CEN-898FD1F4"", ""execution_id"": ""EXE-A8A8B81C561A"", ""session_id"": ""DIA-9C29BDB7306B"", ""seed"": 1, ""machine_state"": ""ESTÁVEL""}"
7480,2026-01-01T00:03:40+00:00,condenser_fan,Ventilador condensador,I/O,0.0,bool,VÁLIDA,SIMULADOR,1,"{""controller"": ""VIRTUAL_REFRIGERATION_MACHINE"", ""scenario_id"": ""CEN-898FD1F4"", ""execution_id"": ""EXE-A8A8B81C561A"", ""session_id"": ""DIA-9C29BDB7306B"", ""seed"": 1, ""machine_state"": ""ESTÁVEL""}"
7481,2026-01-01T00:03:40+00:00,defrost,Degelo,I/O,0.0,bool,VÁLIDA,SIMULADOR,1,"{""controller"": ""VIRTUAL_REFRIGERATION_MACHINE"", ""scenario_id"": ""CEN-898FD1F4"", ""execution_id"": ""EXE-A8A8B81C561A"", ""session_id"": ""DIA-9C29BDB7306B"", ""seed"": 1, ""machine_state"": ""ESTÁVEL""}"
7482,2026-01-01T00:03:40+00:00,dripping,Gotejamento,I/O,0.0,bool,VÁLIDA,SIMULADOR,1,"{""controller"": ""VIRTUAL_REFRIGERATION_MACHINE"", ""scenario_id"": ""CEN-898FD1F4"", ""execution_id"": ""EXE-A8A8B81C561A"", ""session_id"": ""DIA-9C29BDB7306B"", ""seed"": 1, ""machine_state"": ""ESTÁVEL""}"
7483,2026-01-01T00:03:40+00:00,communication,Comunicação simulada,COMUNICAÇÃO,1.0,bool,VÁLIDA,SIMULADOR,1,"{""controller"": ""VIRTUAL_REFRIGERATION_MACHINE"", ""scenario_id"": ""CEN-898FD1F4"", ""execution_id"": ""EXE-A8A8B81C561A"", ""session_id"": ""DIA-9C29BDB7306B"", ""seed"": 1, ""machine_state"": ""ESTÁVEL""}"
7484,2026-01-01T00:03:40+00:00,current_total,Corrente total da máquina,MEDIÇÃO ELÉTRICA,14.996,A,VÁLIDA,SIMULADOR,1,"{""controller"": ""VIRTUAL_REFRIGERATION_MACHINE"", ""scenario_id"": ""CEN-898FD1F4"", ""execution_id"": ""EXE-A8A8B81C561A"", ""session_id"": ""DIA-9C29BDB7306B"", ""seed"": 1, ""instrument"": ""EM210 #1 - TOTAL""}"
7485,2026-01-01T00:03:40+00:00,current_compressor,Corrente do compressor,MEDIÇÃO ELÉTRICA,11.991,A,VÁLIDA,SIMULADOR,1,"{""controller"": ""VIRTUAL_REFRIGERATION_MACHINE"", ""scenario_id"": ""CEN-898FD1F4"", ""execution_id"": ""EXE-A8A8B81C561A"", ""session_id"": ""DIA-9C29BDB7306B"", ""seed"": 1, ""instrument"": ""EM210 #2 - COMPRESSOR""}"
7486,2026-01-01T00:03:40+00:00,current_l1,Corrente L1,MEDIÇÃO ELÉTRICA,4.988,A,VÁLIDA,SIMULADOR,1,"{""controller"": ""VIRTUAL_REFRIGERATION_MACHINE"", ""scenario_id"": ""CEN-898FD1F4"", ""execution_id"": ""EXE-A8A8B81C561A"", ""session_id"": ""DIA-9C29BDB7306B"", ""seed"": 1, ""instrument"": ""EM210 #1 - TOTAL""}"
7487,2026-01-01T00:03:40+00:00,current_l2,Corrente L2,MEDIÇÃO ELÉTRICA,4.981,A,VÁLIDA,SIMULADOR,1,"{""controller"": ""VIRTUAL_REFRIGERATION_MACHINE"", ""scenario_id"": ""CEN-898FD1F4"", ""execution_id"": ""EXE-A8A8B81C561A"", ""session_id"": ""DIA-9C29BDB7306B"", ""seed"": 1, ""instrument"": ""EM210 #1 - TOTAL""}"
7488,2026-01-01T00:03:40+00:00,current_l3,Corrente L3,MEDIÇÃO ELÉTRICA,4.999,A,VÁLIDA,SIMULADOR,1,"{""controller"": ""VIRTUAL_REFRIGERATION_MACHINE"", ""scenario_id"": ""CEN-898FD1F4"", ""execution_id"": ""EXE-A8A8B81C561A"", ""session_id"": ""DIA-9C29BDB7306B"", ""seed"": 1, ""instrument"": ""EM210 #1 - TOTAL""}"
7489,2026-01-01T00:03:45+00:00,temperature_chamber,Temperatura da câmara,SENSORES,5.966134794642168,°C,VÁLIDA,SIMULADOR,1,"{""controller"": ""VIRTUAL_REFRIGERATION_MACHINE"", ""scenario_id"": ""CEN-898FD1F4"", ""execution_id"": ""EXE-A8A8B81C561A"", ""session_id"": ""DIA-9C29BDB7306B"", ""seed"": 1, ""machine_state"": ""ESTÁVEL""}"
7490,2026-01-01T00:03:45+00:00,temperature_evaporator,Temperatura do evaporador,SENSORES,0.9114681279755054,°C,VÁLIDA,SIMULADOR,1,"{""controller"": ""VIRTUAL_REFRIGERATION_MACHINE"", ""scenario_id"": ""CEN-898FD1F4"", ""execution_id"": ""EXE-A8A8B81C561A"", ""session_id"": ""DIA-9C29BDB7306B"", ""seed"": 1, ""machine_state"": ""ESTÁVEL""}"
7491,2026-01-01T00:03:45+00:00,pressure_suction,Pressão de sucção,SENSORES,20.003811162509514,psi,VÁLIDA,SIMULADOR,1,"{""controller"": ""VIRTUAL_REFRIGERATION_MACHINE"", ""scenario_id"": ""CEN-898FD1F4"", ""execution_id"": ""EXE-A8A8B81C561A"", ""session_id"": ""DIA-9C29BDB7306B"", ""seed"": 1, ""machine_state"": ""ESTÁVEL""}"
7492,2026-01-01T00:03:45+00:00,pressure_discharge,Pressão de descarga,SENSORES,244.99156099730038,psi,VÁLIDA,SIMULADOR,1,"{""controller"": ""VIRTUAL_REFRIGERATION_MACHINE"", ""scenario_id"": ""CEN-898FD1F4"", ""execution_id"": ""EXE-A8A8B81C561A"", ""session_id"": ""DIA-9C29BDB7306B"", ""seed"": 1, ""machine_state"": ""ESTÁVEL""}"
7493,2026-01-01T00:03:45+00:00,compressor_command,Comando do compressor,I/O,1.0,bool,VÁLIDA,SIMULADOR,1,"{""controller"": ""VIRTUAL_REFRIGERATION_MACHINE"", ""scenario_id"": ""CEN-898FD1F4"", ""execution_id"": ""EXE-A8A8B81C561A"", ""session_id"": ""DIA-9C29BDB7306B"", ""seed"": 1, ""machine_state"": ""ESTÁVEL""}"
7494,2026-01-01T00:03:45+00:00,compressor,Estado do compressor,I/O,1.0,bool,VÁLIDA,SIMULADOR,1,"{""controller"": ""VIRTUAL_REFRIGERATION_MACHINE"", ""scenario_id"": ""CEN-898FD1F4"", ""execution_id"": ""EXE-A8A8B81C561A"", ""session_id"": ""DIA-9C29BDB7306B"", ""seed"": 1, ""machine_state"": ""ESTÁVEL""}"
7495,2026-01-01T00:03:45+00:00,evaporator_fan,Ventilador evaporador,I/O,1.0,bool,VÁLIDA,SIMULADOR,1,"{""controller"": ""VIRTUAL_REFRIGERATION_MACHINE"", ""scenario_id"": ""CEN-898FD1F4"", ""execution_id"": ""EXE-A8A8B81C561A"", ""session_id"": ""DIA-9C29BDB7306B"", ""seed"": 1, ""machine_state"": ""ESTÁVEL""}"
7496,2026-01-01T00:03:45+00:00,condenser_fan,Ventilador condensador,I/O,0.0,bool,VÁLIDA,SIMULADOR,1,"{""controller"": ""VIRTUAL_REFRIGERATION_MACHINE"", ""scenario_id"": ""CEN-898FD1F4"", ""execution_id"": ""EXE-A8A8B81C561A"", ""session_id"": ""DIA-9C29BDB7306B"", ""seed"": 1, ""machine_state"": ""ESTÁVEL""}"
7497,2026-01-01T00:03:45+00:00,defrost,Degelo,I/O,0.0,bool,VÁLIDA,SIMULADOR,1,"{""controller"": ""VIRTUAL_REFRIGERATION_MACHINE"", ""scenario_id"": ""CEN-898FD1F4"", ""execution_id"": ""EXE-A8A8B81C561A"", ""session_id"": ""DIA-9C29BDB7306B"", ""seed"": 1, ""machine_state"": ""ESTÁVEL""}"
7498,2026-01-01T00:03:45+00:00,dripping,Gotejamento,I/O,0.0,bool,VÁLIDA,SIMULADOR,1,"{""controller"": ""VIRTUAL_REFRIGERATION_MACHINE"", ""scenario_id"": ""CEN-898FD1F4"", ""execution_id"": ""EXE-A8A8B81C561A"", ""session_id"": ""DIA-9C29BDB7306B"", ""seed"": 1, ""machine_state"": ""ESTÁVEL""}"
7499,2026-01-01T00:03:45+00:00,communication,Comunicação simulada,COMUNICAÇÃO,1.0,bool,VÁLIDA,SIMULADOR,1,"{""controller"": ""VIRTUAL_REFRIGERATION_MACHINE"", ""scenario_id"": ""CEN-898FD1F4"", ""execution_id"": ""EXE-A8A8B81C561A"", ""session_id"": ""DIA-9C29BDB7306B"", ""seed"": 1, ""machine_state"": ""ESTÁVEL""}"
7500,2026-01-01T00:03:45+00:00,current_total,Corrente total da máquina,MEDIÇÃO ELÉTRICA,15.012,A,VÁLIDA,SIMULADOR,1,"{""controller"": ""VIRTUAL_REFRIGERATION_MACHINE"", ""scenario_id"": ""CEN-898FD1F4"", ""execution_id"": ""EXE-A8A8B81C561A"", ""session_id"": ""DIA-9C29BDB7306B"", ""seed"": 1, ""instrument"": ""EM210 #1 - TOTAL""}"
7501,2026-01-01T00:03:45+00:00,current_compressor,Corrente do compressor,MEDIÇÃO ELÉTRICA,11.985,A,VÁLIDA,SIMULADOR,1,"{""controller"": ""VIRTUAL_REFRIGERATION_MACHINE"", ""scenario_id"": ""CEN-898FD1F4"", ""execution_id"": ""EXE-A8A8B81C561A"", ""session_id"": ""DIA-9C29BDB7306B"", ""seed"": 1, ""instrument"": ""EM210 #2 - COMPRESSOR""}"
7502,2026-01-01T00:03:45+00:00,current_l1,Corrente L1,MEDIÇÃO ELÉTRICA,5.02,A,VÁLIDA,SIMULADOR,1,"{""controller"": ""VIRTUAL_REFRIGERATION_MACHINE"", ""scenario_id"": ""CEN-898FD1F4"", ""execution_id"": ""EXE-A8A8B81C561A"", ""session_id"": ""DIA-9C29BDB7306B"", ""seed"": 1, ""instrument"": ""EM210 #1 - TOTAL""}"
7503,2026-01-01T00:03:45+00:00,current_l2,Corrente L2,MEDIÇÃO ELÉTRICA,5.01,A,VÁLIDA,SIMULADOR,1,"{""controller"": ""VIRTUAL_REFRIGERATION_MACHINE"", ""scenario_id"": ""CEN-898FD1F4"", ""execution_id"": ""EXE-A8A8B81C561A"", ""session_id"": ""DIA-9C29BDB7306B"", ""seed"": 1, ""instrument"": ""EM210 #1 - TOTAL""}"
7504,2026-01-01T00:03:45+00:00,current_l3,Corrente L3,MEDIÇÃO ELÉTRICA,5.01,A,VÁLIDA,SIMULADOR,1,"{""controller"": ""VIRTUAL_REFRIGERATION_MACHINE"", ""scenario_id"": ""CEN-898FD1F4"", ""execution_id"": ""EXE-A8A8B81C561A"", ""session_id"": ""DIA-9C29BDB7306B"", ""seed"": 1, ""instrument"": ""EM210 #1 - TOTAL""}"
7505,2026-01-01T00:03:50+00:00,temperature_chamber,Temperatura da câmara,SENSORES,5.926637214399693,°C,VÁLIDA,SIMULADOR,1,"{""controller"": ""VIRTUAL_REFRIGERATION_MACHINE"", ""scenario_id"": ""CEN-898FD1F4"", ""execution_id"": ""EXE-A8A8B81C561A"", ""session_id"": ""DIA-9C29BDB7306B"", ""seed"": 1, ""machine_state"": ""ESTÁVEL""}"
7506,2026-01-01T00:03:50+00:00,temperature_evaporator,Temperatura do evaporador,SENSORES,0.8011372143996971,°C,VÁLIDA,SIMULADOR,1,"{""controller"": ""VIRTUAL_REFRIGERATION_MACHINE"", ""scenario_id"": ""CEN-898FD1F4"", ""execution_id"": ""EXE-A8A8B81C561A"", ""session_id"": ""DIA-9C29BDB7306B"", ""seed"": 1, ""machine_state"": ""ESTÁVEL""}"
7507,2026-01-01T00:03:50+00:00,pressure_suction,Pressão de sucção,SENSORES,20.003048930007612,psi,VÁLIDA,SIMULADOR,1,"{""controller"": ""VIRTUAL_REFRIGERATION_MACHINE"", ""scenario_id"": ""CEN-898FD1F4"", ""execution_id"": ""EXE-A8A8B81C561A"", ""session_id"": ""DIA-9C29BDB7306B"", ""seed"": 1, ""machine_state"": ""ESTÁVEL""}"
7508,2026-01-01T00:03:50+00:00,pressure_discharge,Pressão de descarga,SENSORES,244.9932487978403,psi,VÁLIDA,SIMULADOR,1,"{""controller"": ""VIRTUAL_REFRIGERATION_MACHINE"", ""scenario_id"": ""CEN-898FD1F4"", ""execution_id"": ""EXE-A8A8B81C561A"", ""session_id"": ""DIA-9C29BDB7306B"", ""seed"": 1, ""machine_state"": ""ESTÁVEL""}"
7509,2026-01-01T00:03:50+00:00,compressor_command,Comando do compressor,I/O,1.0,bool,VÁLIDA,SIMULADOR,1,"{""controller"": ""VIRTUAL_REFRIGERATION_MACHINE"", ""scenario_id"": ""CEN-898FD1F4"", ""execution_id"": ""EXE-A8A8B81C561A"", ""session_id"": ""DIA-9C29BDB7306B"", ""seed"": 1, ""machine_state"": ""ESTÁVEL""}"
7510,2026-01-01T00:03:50+00:00,compressor,Estado do compressor,I/O,1.0,bool,VÁLIDA,SIMULADOR,1,"{""controller"": ""VIRTUAL_REFRIGERATION_MACHINE"", ""scenario_id"": ""CEN-898FD1F4"", ""execution_id"": ""EXE-A8A8B81C561A"", ""session_id"": ""DIA-9C29BDB7306B"", ""seed"": 1, ""machine_state"": ""ESTÁVEL""}"
7511,2026-01-01T00:03:50+00:00,evaporator_fan,Ventilador evaporador,I/O,1.0,bool,VÁLIDA,SIMULADOR,1,"{""controller"": ""VIRTUAL_REFRIGERATION_MACHINE"", ""scenario_id"": ""CEN-898FD1F4"", ""execution_id"": ""EXE-A8A8B81C561A"", ""session_id"": ""DIA-9C29BDB7306B"", ""seed"": 1, ""machine_state"": ""ESTÁVEL""}"
7512,2026-01-01T00:03:50+00:00,condenser_fan,Ventilador condensador,I/O,0.0,bool,VÁLIDA,SIMULADOR,1,"{""controller"": ""VIRTUAL_REFRIGERATION_MACHINE"", ""scenario_id"": ""CEN-898FD1F4"", ""execution_id"": ""EXE-A8A8B81C561A"", ""session_id"": ""DIA-9C29BDB7306B"", ""seed"": 1, ""machine_state"": ""ESTÁVEL""}"
7513,2026-01-01T00:03:50+00:00,defrost,Degelo,I/O,0.0,bool,VÁLIDA,SIMULADOR,1,"{""controller"": ""VIRTUAL_REFRIGERATION_MACHINE"", ""scenario_id"": ""CEN-898FD1F4"", ""execution_id"": ""EXE-A8A8B81C561A"", ""session_id"": ""DIA-9C29BDB7306B"", ""seed"": 1, ""machine_state"": ""ESTÁVEL""}"
7514,2026-01-01T00:03:50+00:00,dripping,Gotejamento,I/O,0.0,bool,VÁLIDA,SIMULADOR,1,"{""controller"": ""VIRTUAL_REFRIGERATION_MACHINE"", ""scenario_id"": ""CEN-898FD1F4"", ""execution_id"": ""EXE-A8A8B81C561A"", ""session_id"": ""DIA-9C29BDB7306B"", ""seed"": 1, ""machine_state"": ""ESTÁVEL""}"
7515,2026-01-01T00:03:50+00:00,communication,Comunicação simulada,COMUNICAÇÃO,1.0,bool,VÁLIDA,SIMULADOR,1,"{""controller"": ""VIRTUAL_REFRIGERATION_MACHINE"", ""scenario_id"": ""CEN-898FD1F4"", ""execution_id"": ""EXE-A8A8B81C561A"", ""session_id"": ""DIA-9C29BDB7306B"", ""seed"": 1, ""machine_state"": ""ESTÁVEL""}"
7516,2026-01-01T00:03:50+00:00,current_total,Corrente total da máquina,MEDIÇÃO ELÉTRICA,14.993,A,VÁLIDA,SIMULADOR,1,"{""controller"": ""VIRTUAL_REFRIGERATION_MACHINE"", ""scenario_id"": ""CEN-898FD1F4"", ""execution_id"": ""EXE-A8A8B81C561A"", ""session_id"": ""DIA-9C29BDB7306B"", ""seed"": 1, ""instrument"": ""EM210 #1 - TOTAL""}"
7517,2026-01-01T00:03:50+00:00,current_compressor,Corrente do compressor,MEDIÇÃO ELÉTRICA,12.011,A,VÁLIDA,SIMULADOR,1,"{""controller"": ""VIRTUAL_REFRIGERATION_MACHINE"", ""scenario_id"": ""CEN-898FD1F4"", ""execution_id"": ""EXE-A8A8B81C561A"", ""session_id"": ""DIA-9C29BDB7306B"", ""seed"": 1, ""instrument"": ""EM210 #2 - COMPRESSOR""}"
7518,2026-01-01T00:03:50+00:00,current_l1,Corrente L1,MEDIÇÃO ELÉTRICA,5.004,A,VÁLIDA,SIMULADOR,1,"{""controller"": ""VIRTUAL_REFRIGERATION_MACHINE"", ""scenario_id"": ""CEN-898FD1F4"", ""execution_id"": ""EXE-A8A8B81C561A"", ""session_id"": ""DIA-9C29BDB7306B"", ""seed"": 1, ""instrument"": ""EM210 #1 - TOTAL""}"
7519,2026-01-01T00:03:50+00:00,current_l2,Corrente L2,MEDIÇÃO ELÉTRICA,5.0,A,VÁLIDA,SIMULADOR,1,"{""controller"": ""VIRTUAL_REFRIGERATION_MACHINE"", ""scenario_id"": ""CEN-898FD1F4"", ""execution_id"": ""EXE-A8A8B81C561A"", ""session_id"": ""DIA-9C29BDB7306B"", ""seed"": 1, ""instrument"": ""EM210 #1 - TOTAL""}"
7520,2026-01-01T00:03:50+00:00,current_l3,Corrente L3,MEDIÇÃO ELÉTRICA,4.981,A,VÁLIDA,SIMULADOR,1,"{""controller"": ""VIRTUAL_REFRIGERATION_MACHINE"", ""scenario_id"": ""CEN-898FD1F4"", ""execution_id"": ""EXE-A8A8B81C561A"", ""session_id"": ""DIA-9C29BDB7306B"", ""seed"": 1, ""instrument"": ""EM210 #1 - TOTAL""}"
7521,2026-01-01T00:03:55+00:00,temperature_chamber,Temperatura da câmara,SENSORES,5.893897098670344,°C,VÁLIDA,SIMULADOR,1,"{""controller"": ""VIRTUAL_REFRIGERATION_MACHINE"", ""scenario_id"": ""CEN-898FD1F4"", ""execution_id"": ""EXE-A8A8B81C561A"", ""session_id"": ""DIA-9C29BDB7306B"", ""seed"": 1, ""machine_state"": ""ESTÁVEL""}"
7522,2026-01-01T00:03:55+00:00,temperature_evaporator,Temperatura do evaporador,SENSORES,0.6975637653370143,°C,VÁLIDA,SIMULADOR,1,"{""controller"": ""VIRTUAL_REFRIGERATION_MACHINE"", ""scenario_id"": ""CEN-898FD1F4"", ""execution_id"": ""EXE-A8A8B81C561A"", ""session_id"": ""DIA-9C29BDB7306B"", ""seed"": 1, ""machine_state"": ""ESTÁVEL""}"
7523,2026-01-01T00:03:55+00:00,pressure_suction,Pressão de sucção,SENSORES,20.00243914400609,psi,VÁLIDA,SIMULADOR,1,"{""controller"": ""VIRTUAL_REFRIGERATION_MACHINE"", ""scenario_id"": ""CEN-898FD1F4"", ""execution_id"": ""EXE-A8A8B81C561A"", ""session_id"": ""DIA-9C29BDB7306B"", ""seed"": 1, ""machine_state"": ""ESTÁVEL""}"
7524,2026-01-01T00:03:55+00:00,pressure_discharge,Pressão de descarga,SENSORES,244.99459903827224,psi,VÁLIDA,SIMULADOR,1,"{""controller"": ""VIRTUAL_REFRIGERATION_MACHINE"", ""scenario_id"": ""CEN-898FD1F4"", ""execution_id"": ""EXE-A8A8B81C561A"", ""session_id"": ""DIA-9C29BDB7306B"", ""seed"": 1, ""machine_state"": ""ESTÁVEL""}"
7525,2026-01-01T00:03:55+00:00,compressor_command,Comando do compressor,I/O,1.0,bool,VÁLIDA,SIMULADOR,1,"{""controller"": ""VIRTUAL_REFRIGERATION_MACHINE"", ""scenario_id"": ""CEN-898FD1F4"", ""execution_id"": ""EXE-A8A8B81C561A"", ""session_id"": ""DIA-9C29BDB7306B"", ""seed"": 1, ""machine_state"": ""ESTÁVEL""}"
7526,2026-01-01T00:03:55+00:00,compressor,Estado do compressor,I/O,1.0,bool,VÁLIDA,SIMULADOR,1,"{""controller"": ""VIRTUAL_REFRIGERATION_MACHINE"", ""scenario_id"": ""CEN-898FD1F4"", ""execution_id"": ""EXE-A8A8B81C561A"", ""session_id"": ""DIA-9C29BDB7306B"", ""seed"": 1, ""machine_state"": ""ESTÁVEL""}"
7527,2026-01-01T00:03:55+00:00,evaporator_fan,Ventilador evaporador,I/O,1.0,bool,VÁLIDA,SIMULADOR,1,"{""controller"": ""VIRTUAL_REFRIGERATION_MACHINE"", ""scenario_id"": ""CEN-898FD1F4"", ""execution_id"": ""EXE-A8A8B81C561A"", ""session_id"": ""DIA-9C29BDB7306B"", ""seed"": 1, ""machine_state"": ""ESTÁVEL""}"
7528,2026-01-01T00:03:55+00:00,condenser_fan,Ventilador condensador,I/O,0.0,bool,VÁLIDA,SIMULADOR,1,"{""controller"": ""VIRTUAL_REFRIGERATION_MACHINE"", ""scenario_id"": ""CEN-898FD1F4"", ""execution_id"": ""EXE-A8A8B81C561A"", ""session_id"": ""DIA-9C29BDB7306B"", ""seed"": 1, ""machine_state"": ""ESTÁVEL""}"
7529,2026-01-01T00:03:55+00:00,defrost,Degelo,I/O,0.0,bool,VÁLIDA,SIMULADOR,1,"{""controller"": ""VIRTUAL_REFRIGERATION_MACHINE"", ""scenario_id"": ""CEN-898FD1F4"", ""execution_id"": ""EXE-A8A8B81C561A"", ""session_id"": ""DIA-9C29BDB7306B"", ""seed"": 1, ""machine_state"": ""ESTÁVEL""}"
7530,2026-01-01T00:03:55+00:00,dripping,Gotejamento,I/O,0.0,bool,VÁLIDA,SIMULADOR,1,"{""controller"": ""VIRTUAL_REFRIGERATION_MACHINE"", ""scenario_id"": ""CEN-898FD1F4"", ""execution_id"": ""EXE-A8A8B81C561A"", ""session_id"": ""DIA-9C29BDB7306B"", ""seed"": 1, ""machine_state"": ""ESTÁVEL""}"
7531,2026-01-01T00:03:55+00:00,communication,Comunicação simulada,COMUNICAÇÃO,1.0,bool,VÁLIDA,SIMULADOR,1,"{""controller"": ""VIRTUAL_REFRIGERATION_MACHINE"", ""scenario_id"": ""CEN-898FD1F4"", ""execution_id"": ""EXE-A8A8B81C561A"", ""session_id"": ""DIA-9C29BDB7306B"", ""seed"": 1, ""machine_state"": ""ESTÁVEL""}"
7532,2026-01-01T00:03:55+00:00,current_total,Corrente total da máquina,MEDIÇÃO ELÉTRICA,14.983,A,VÁLIDA,SIMULADOR,1,"{""controller"": ""VIRTUAL_REFRIGERATION_MACHINE"", ""scenario_id"": ""CEN-898FD1F4"", ""execution_id"": ""EXE-A8A8B81C561A"", ""session_id"": ""DIA-9C29BDB7306B"", ""seed"": 1, ""instrument"": ""EM210 #1 - TOTAL""}"
7533,2026-01-01T00:03:55+00:00,current_compressor,Corrente do compressor,MEDIÇÃO ELÉTRICA,12.006,A,VÁLIDA,SIMULADOR,1,"{""controller"": ""VIRTUAL_REFRIGERATION_MACHINE"", ""scenario_id"": ""CEN-898FD1F4"", ""execution_id"": ""EXE-A8A8B81C561A"", ""session_id"": ""DIA-9C29BDB7306B"", ""seed"": 1, ""instrument"": ""EM210 #2 - COMPRESSOR""}"
7534,2026-01-01T00:03:55+00:00,current_l1,Corrente L1,MEDIÇÃO ELÉTRICA,4.983,A,VÁLIDA,SIMULADOR,1,"{""controller"": ""VIRTUAL_REFRIGERATION_MACHINE"", ""scenario_id"": ""CEN-898FD1F4"", ""execution_id"": ""EXE-A8A8B81C561A"", ""session_id"": ""DIA-9C29BDB7306B"", ""seed"": 1, ""instrument"": ""EM210 #1 - TOTAL""}"
7535,2026-01-01T00:03:55+00:00,current_l2,Corrente L2,MEDIÇÃO ELÉTRICA,5.015,A,VÁLIDA,SIMULADOR,1,"{""controller"": ""VIRTUAL_REFRIGERATION_MACHINE"", ""scenario_id"": ""CEN-898FD1F4"", ""execution_id"": ""EXE-A8A8B81C561A"", ""session_id"": ""DIA-9C29BDB7306B"", ""seed"": 1, ""instrument"": ""EM210 #1 - TOTAL""}"
7536,2026-01-01T00:03:55+00:00,current_l3,Corrente L3,MEDIÇÃO ELÉTRICA,4.983,A,VÁLIDA,SIMULADOR,1,"{""controller"": ""VIRTUAL_REFRIGERATION_MACHINE"", ""scenario_id"": ""CEN-898FD1F4"", ""execution_id"": ""EXE-A8A8B81C561A"", ""session_id"": ""DIA-9C29BDB7306B"", ""seed"": 1, ""instrument"": ""EM210 #1 - TOTAL""}"
7537,2026-01-01T00:04:00+00:00,temperature_chamber,Temperatura da câmara,SENSORES,5.845726975335853,°C,VÁLIDA,SIMULADOR,1,"{""controller"": ""VIRTUAL_REFRIGERATION_MACHINE"", ""scenario_id"": ""CEN-898FD1F4"", ""execution_id"": ""EXE-A8A8B81C561A"", ""session_id"": ""DIA-9C29BDB7306B"", ""seed"": 1, ""machine_state"": ""ESTÁVEL""}"
7538,2026-01-01T00:04:00+00:00,temperature_evaporator,Temperatura do evaporador,SENSORES,0.5785603086691901,°C,VÁLIDA,SIMULADOR,1,"{""controller"": ""VIRTUAL_REFRIGERATION_MACHINE"", ""scenario_id"": ""CEN-898FD1F4"", ""execution_id"": ""EXE-A8A8B81C561A"", ""session_id"": ""DIA-9C29BDB7306B"", ""seed"": 1, ""machine_state"": ""ESTÁVEL""}"
7539,2026-01-01T00:04:00+00:00,pressure_suction,Pressão de sucção,SENSORES,20.00195131520487,psi,VÁLIDA,SIMULADOR,1,"{""controller"": ""VIRTUAL_REFRIGERATION_MACHINE"", ""scenario_id"": ""CEN-898FD1F4"", ""execution_id"": ""EXE-A8A8B81C561A"", ""session_id"": ""DIA-9C29BDB7306B"", ""seed"": 1, ""machine_state"": ""ESTÁVEL""}"
7540,2026-01-01T00:04:00+00:00,pressure_discharge,Pressão de descarga,SENSORES,244.99567923061778,psi,VÁLIDA,SIMULADOR,1,"{""controller"": ""VIRTUAL_REFRIGERATION_MACHINE"", ""scenario_id"": ""CEN-898FD1F4"", ""execution_id"": ""EXE-A8A8B81C561A"", ""session_id"": ""DIA-9C29BDB7306B"", ""seed"": 1, ""machine_state"": ""ESTÁVEL""}"
7541,2026-01-01T00:04:00+00:00,compressor_command,Comando do compressor,I/O,1.0,bool,VÁLIDA,SIMULADOR,1,"{""controller"": ""VIRTUAL_REFRIGERATION_MACHINE"", ""scenario_id"": ""CEN-898FD1F4"", ""execution_id"": ""EXE-A8A8B81C561A"", ""session_id"": ""DIA-9C29BDB7306B"", ""seed"": 1, ""machine_state"": ""ESTÁVEL""}"
7542,2026-01-01T00:04:00+00:00,compressor,Estado do compressor,I/O,1.0,bool,VÁLIDA,SIMULADOR,1,"{""controller"": ""VIRTUAL_REFRIGERATION_MACHINE"", ""scenario_id"": ""CEN-898FD1F4"", ""execution_id"": ""EXE-A8A8B81C561A"", ""session_id"": ""DIA-9C29BDB7306B"", ""seed"": 1, ""machine_state"": ""ESTÁVEL""}"
7543,2026-01-01T00:04:00+00:00,evaporator_fan,Ventilador evaporador,I/O,1.0,bool,VÁLIDA,SIMULADOR,1,"{""controller"": ""VIRTUAL_REFRIGERATION_MACHINE"", ""scenario_id"": ""CEN-898FD1F4"", ""execution_id"": ""EXE-A8A8B81C561A"", ""session_id"": ""DIA-9C29BDB7306B"", ""seed"": 1, ""machine_state"": ""ESTÁVEL""}"
7544,2026-01-01T00:04:00+00:00,condenser_fan,Ventilador condensador,I/O,0.0,bool,VÁLIDA,SIMULADOR,1,"{""controller"": ""VIRTUAL_REFRIGERATION_MACHINE"", ""scenario_id"": ""CEN-898FD1F4"", ""execution_id"": ""EXE-A8A8B81C561A"", ""session_id"": ""DIA-9C29BDB7306B"", ""seed"": 1, ""machine_state"": ""ESTÁVEL""}"
7545,2026-01-01T00:04:00+00:00,defrost,Degelo,I/O,0.0,bool,VÁLIDA,SIMULADOR,1,"{""controller"": ""VIRTUAL_REFRIGERATION_MACHINE"", ""scenario_id"": ""CEN-898FD1F4"", ""execution_id"": ""EXE-A8A8B81C561A"", ""session_id"": ""DIA-9C29BDB7306B"", ""seed"": 1, ""machine_state"": ""ESTÁVEL""}"
7546,2026-01-01T00:04:00+00:00,dripping,Gotejamento,I/O,0.0,bool,VÁLIDA,SIMULADOR,1,"{""controller"": ""VIRTUAL_REFRIGERATION_MACHINE"", ""scenario_id"": ""CEN-898FD1F4"", ""execution_id"": ""EXE-A8A8B81C561A"", ""session_id"": ""DIA-9C29BDB7306B"", ""seed"": 1, ""machine_state"": ""ESTÁVEL""}"
7547,2026-01-01T00:04:00+00:00,communication,Comunicação simulada,COMUNICAÇÃO,1.0,bool,VÁLIDA,SIMULADOR,1,"{""controller"": ""VIRTUAL_REFRIGERATION_MACHINE"", ""scenario_id"": ""CEN-898FD1F4"", ""execution_id"": ""EXE-A8A8B81C561A"", ""session_id"": ""DIA-9C29BDB7306B"", ""seed"": 1, ""machine_state"": ""ESTÁVEL""}"
7548,2026-01-01T00:04:00+00:00,current_total,Corrente total da máquina,MEDIÇÃO ELÉTRICA,15.013,A,VÁLIDA,SIMULADOR,1,"{""controller"": ""VIRTUAL_REFRIGERATION_MACHINE"", ""scenario_id"": ""CEN-898FD1F4"", ""execution_id"": ""EXE-A8A8B81C561A"", ""session_id"": ""DIA-9C29BDB7306B"", ""seed"": 1, ""instrument"": ""EM210 #1 - TOTAL""}"
7549,2026-01-01T00:04:00+00:00,current_compressor,Corrente do compressor,MEDIÇÃO ELÉTRICA,12.003,A,VÁLIDA,SIMULADOR,1,"{""controller"": ""VIRTUAL_REFRIGERATION_MACHINE"", ""scenario_id"": ""CEN-898FD1F4"", ""execution_id"": ""EXE-A8A8B81C561A"", ""session_id"": ""DIA-9C29BDB7306B"", ""seed"": 1, ""instrument"": ""EM210 #2 - COMPRESSOR""}"
7550,2026-01-01T00:04:00+00:00,current_l1,Corrente L1,MEDIÇÃO ELÉTRICA,5.005,A,VÁLIDA,SIMULADOR,1,"{""controller"": ""VIRTUAL_REFRIGERATION_MACHINE"", ""scenario_id"": ""CEN-898FD1F4"", ""execution_id"": ""EXE-A8A8B81C561A"", ""session_id"": ""DIA-9C29BDB7306B"", ""seed"": 1, ""instrument"": ""EM210 #1 - TOTAL""}"
7551,2026-01-01T00:04:00+00:00,current_l2,Corrente L2,MEDIÇÃO ELÉTRICA,5.003,A,VÁLIDA,SIMULADOR,1,"{""controller"": ""VIRTUAL_REFRIGERATION_MACHINE"", ""scenario_id"": ""CEN-898FD1F4"", ""execution_id"": ""EXE-A8A8B81C561A"", ""session_id"": ""DIA-9C29BDB7306B"", ""seed"": 1, ""instrument"": ""EM210 #1 - TOTAL""}"
7552,2026-01-01T00:04:00+00:00,current_l3,Corrente L3,MEDIÇÃO ELÉTRICA,4.981,A,VÁLIDA,SIMULADOR,1,"{""controller"": ""VIRTUAL_REFRIGERATION_MACHINE"", ""scenario_id"": ""CEN-898FD1F4"", ""execution_id"": ""EXE-A8A8B81C561A"", ""session_id"": ""DIA-9C29BDB7306B"", ""seed"": 1, ""instrument"": ""EM210 #1 - TOTAL""}"
