id,timestamp,channel_id,name,group_name,value,unit,quality,source,connected,metadata_json
2009,2026-01-01T00:06:30+00:00,defrost,Degelo,I/O,0.0,bool,VÁLIDA,SIMULADOR,1,"{""controller"": ""VIRTUAL_REFRIGERATION_MACHINE"", ""scenario_id"": ""CEN-61CD6C86"", ""execution_id"": ""EXE-58F3DF8977C2"", ""session_id"": ""DIA-F2F2AB2EDFB3"", ""seed"": 1, ""machine_state"": ""RETORNO_REFRIGERACAO""}"
2010,2026-01-01T00:06:30+00:00,dripping,Gotejamento,I/O,0.0,bool,VÁLIDA,SIMULADOR,1,"{""controller"": ""VIRTUAL_REFRIGERATION_MACHINE"", ""scenario_id"": ""CEN-61CD6C86"", ""execution_id"": ""EXE-58F3DF8977C2"", ""session_id"": ""DIA-F2F2AB2EDFB3"", ""seed"": 1, ""machine_state"": ""RETORNO_REFRIGERACAO""}"
2011,2026-01-01T00:06:30+00:00,communication,Comunicação simulada,COMUNICAÇÃO,1.0,bool,VÁLIDA,SIMULADOR,1,"{""controller"": ""VIRTUAL_REFRIGERATION_MACHINE"", ""scenario_id"": ""CEN-61CD6C86"", ""execution_id"": ""EXE-58F3DF8977C2"", ""session_id"": ""DIA-F2F2AB2EDFB3"", ""seed"": 1, ""machine_state"": ""RETORNO_REFRIGERACAO""}"
2012,2026-01-01T00:06:30+00:00,current_total,Corrente total da máquina,MEDIÇÃO ELÉTRICA,0.156,A,VÁLIDA,SIMULADOR,1,"{""controller"": ""VIRTUAL_REFRIGERATION_MACHINE"", ""scenario_id"": ""CEN-61CD6C86"", ""execution_id"": ""EXE-58F3DF8977C2"", ""session_id"": ""DIA-F2F2AB2EDFB3"", ""seed"": 1, ""instrument"": ""EM210 #1 - TOTAL""}"
2013,2026-01-01T00:06:30+00:00,current_compressor,Corrente do compressor,MEDIÇÃO ELÉTRICA,0.155,A,VÁLIDA,SIMULADOR,1,"{""controller"": ""VIRTUAL_REFRIGERATION_MACHINE"", ""scenario_id"": ""CEN-61CD6C86"", ""execution_id"": ""EXE-58F3DF8977C2"", ""session_id"": ""DIA-F2F2AB2EDFB3"", ""seed"": 1, ""instrument"": ""EM210 #2 - COMPRESSOR""}"
2014,2026-01-01T00:06:30+00:00,current_l1,Corrente L1,MEDIÇÃO ELÉTRICA,0.058,A,VÁLIDA,SIMULADOR,1,"{""controller"": ""VIRTUAL_REFRIGERATION_MACHINE"", ""scenario_id"": ""CEN-61CD6C86"", ""execution_id"": ""EXE-58F3DF8977C2"", ""session_id"": ""DIA-F2F2AB2EDFB3"", ""seed"": 1, ""instrument"": ""EM210 #1 - TOTAL""}"
2015,2026-01-01T00:06:30+00:00,current_l2,Corrente L2,MEDIÇÃO ELÉTRICA,0.033,A,VÁLIDA,SIMULADOR,1,"{""controller"": ""VIRTUAL_REFRIGERATION_MACHINE"", ""scenario_id"": ""CEN-61CD6C86"", ""execution_id"": ""EXE-58F3DF8977C2"", ""session_id"": ""DIA-F2F2AB2EDFB3"", ""seed"": 1, ""instrument"": ""EM210 #1 - TOTAL""}"
2016,2026-01-01T00:06:30+00:00,current_l3,Corrente L3,MEDIÇÃO ELÉTRICA,0.037,A,VÁLIDA,SIMULADOR,1,"{""controller"": ""VIRTUAL_REFRIGERATION_MACHINE"", ""scenario_id"": ""CEN-61CD6C86"", ""execution_id"": ""EXE-58F3DF8977C2"", ""session_id"": ""DIA-F2F2AB2EDFB3"", ""seed"": 1, ""instrument"": ""EM210 #1 - TOTAL""}"
2017,2026-01-01T00:06:35+00:00,temperature_chamber,Temperatura da câmara,SENSORES,6.016211039144233,°C,VÁLIDA,SIMULADOR,1,"{""controller"": ""VIRTUAL_REFRIGERATION_MACHINE"", ""scenario_id"": ""CEN-61CD6C86"", ""execution_id"": ""EXE-58F3DF8977C2"", ""session_id"": ""DIA-F2F2AB2EDFB3"", ""seed"": 1, ""machine_state"": ""RETORNO_REFRIGERACAO""}"
2018,2026-01-01T00:06:35+00:00,temperature_evaporator,Temperatura do evaporador,SENSORES,4.823145116835425,°C,VÁLIDA,SIMULADOR,1,"{""controller"": ""VIRTUAL_REFRIGERATION_MACHINE"", ""scenario_id"": ""CEN-61CD6C86"", ""execution_id"": ""EXE-58F3DF8977C2"", ""session_id"": ""DIA-F2F2AB2EDFB3"", ""seed"": 1, ""machine_state"": ""RETORNO_REFRIGERACAO""}"
2019,2026-01-01T00:06:35+00:00,pressure_suction,Pressão de sucção,SENSORES,64.16259722287289,psi,VÁLIDA,SIMULADOR,1,"{""controller"": ""VIRTUAL_REFRIGERATION_MACHINE"", ""scenario_id"": ""CEN-61CD6C86"", ""execution_id"": ""EXE-58F3DF8977C2"", ""session_id"": ""DIA-F2F2AB2EDFB3"", ""seed"": 1, ""machine_state"": ""RETORNO_REFRIGERACAO""}"
2020,2026-01-01T00:06:35+00:00,pressure_discharge,Pressão de descarga,SENSORES,146.30162301108794,psi,VÁLIDA,SIMULADOR,1,"{""controller"": ""VIRTUAL_REFRIGERATION_MACHINE"", ""scenario_id"": ""CEN-61CD6C86"", ""execution_id"": ""EXE-58F3DF8977C2"", ""session_id"": ""DIA-F2F2AB2EDFB3"", ""seed"": 1, ""machine_state"": ""RETORNO_REFRIGERACAO""}"
2021,2026-01-01T00:06:35+00:00,compressor_command,Comando do compressor,I/O,0.0,bool,VÁLIDA,SIMULADOR,1,"{""controller"": ""VIRTUAL_REFRIGERATION_MACHINE"", ""scenario_id"": ""CEN-61CD6C86"", ""execution_id"": ""EXE-58F3DF8977C2"", ""session_id"": ""DIA-F2F2AB2EDFB3"", ""seed"": 1, ""machine_state"": ""RETORNO_REFRIGERACAO""}"
2022,2026-01-01T00:06:35+00:00,compressor,Estado do compressor,I/O,0.0,bool,VÁLIDA,SIMULADOR,1,"{""controller"": ""VIRTUAL_REFRIGERATION_MACHINE"", ""scenario_id"": ""CEN-61CD6C86"", ""execution_id"": ""EXE-58F3DF8977C2"", ""session_id"": ""DIA-F2F2AB2EDFB3"", ""seed"": 1, ""machine_state"": ""RETORNO_REFRIGERACAO""}"
2023,2026-01-01T00:06:35+00:00,evaporator_fan,Ventilador evaporador,I/O,0.0,bool,VÁLIDA,SIMULADOR,1,"{""controller"": ""VIRTUAL_REFRIGERATION_MACHINE"", ""scenario_id"": ""CEN-61CD6C86"", ""execution_id"": ""EXE-58F3DF8977C2"", ""session_id"": ""DIA-F2F2AB2EDFB3"", ""seed"": 1, ""machine_state"": ""RETORNO_REFRIGERACAO""}"
2024,2026-01-01T00:06:35+00:00,condenser_fan,Ventilador condensador,I/O,0.0,bool,VÁLIDA,SIMULADOR,1,"{""controller"": ""VIRTUAL_REFRIGERATION_MACHINE"", ""scenario_id"": ""CEN-61CD6C86"", ""execution_id"": ""EXE-58F3DF8977C2"", ""session_id"": ""DIA-F2F2AB2EDFB3"", ""seed"": 1, ""machine_state"": ""RETORNO_REFRIGERACAO""}"
2025,2026-01-01T00:06:35+00:00,defrost,Degelo,I/O,0.0,bool,VÁLIDA,SIMULADOR,1,"{""controller"": ""VIRTUAL_REFRIGERATION_MACHINE"", ""scenario_id"": ""CEN-61CD6C86"", ""execution_id"": ""EXE-58F3DF8977C2"", ""session_id"": ""DIA-F2F2AB2EDFB3"", ""seed"": 1, ""machine_state"": ""RETORNO_REFRIGERACAO""}"
2026,2026-01-01T00:06:35+00:00,dripping,Gotejamento,I/O,0.0,bool,VÁLIDA,SIMULADOR,1,"{""controller"": ""VIRTUAL_REFRIGERATION_MACHINE"", ""scenario_id"": ""CEN-61CD6C86"", ""execution_id"": ""EXE-58F3DF8977C2"", ""session_id"": ""DIA-F2F2AB2EDFB3"", ""seed"": 1, ""machine_state"": ""RETORNO_REFRIGERACAO""}"
2027,2026-01-01T00:06:35+00:00,communication,Comunicação simulada,COMUNICAÇÃO,1.0,bool,VÁLIDA,SIMULADOR,1,"{""controller"": ""VIRTUAL_REFRIGERATION_MACHINE"", ""scenario_id"": ""CEN-61CD6C86"", ""execution_id"": ""EXE-58F3DF8977C2"", ""session_id"": ""DIA-F2F2AB2EDFB3"", ""seed"": 1, ""machine_state"": ""RETORNO_REFRIGERACAO""}"
2028,2026-01-01T00:06:35+00:00,current_total,Corrente total da máquina,MEDIÇÃO ELÉTRICA,0.164,A,VÁLIDA,SIMULADOR,1,"{""controller"": ""VIRTUAL_REFRIGERATION_MACHINE"", ""scenario_id"": ""CEN-61CD6C86"", ""execution_id"": ""EXE-58F3DF8977C2"", ""session_id"": ""DIA-F2F2AB2EDFB3"", ""seed"": 1, ""instrument"": ""EM210 #1 - TOTAL""}"
2029,2026-01-01T00:06:35+00:00,current_compressor,Corrente do compressor,MEDIÇÃO ELÉTRICA,0.152,A,VÁLIDA,SIMULADOR,1,"{""controller"": ""VIRTUAL_REFRIGERATION_MACHINE"", ""scenario_id"": ""CEN-61CD6C86"", ""execution_id"": ""EXE-58F3DF8977C2"", ""session_id"": ""DIA-F2F2AB2EDFB3"", ""seed"": 1, ""instrument"": ""EM210 #2 - COMPRESSOR""}"
2030,2026-01-01T00:06:35+00:00,current_l1,Corrente L1,MEDIÇÃO ELÉTRICA,0.039,A,VÁLIDA,SIMULADOR,1,"{""controller"": ""VIRTUAL_REFRIGERATION_MACHINE"", ""scenario_id"": ""CEN-61CD6C86"", ""execution_id"": ""EXE-58F3DF8977C2"", ""session_id"": ""DIA-F2F2AB2EDFB3"", ""seed"": 1, ""instrument"": ""EM210 #1 - TOTAL""}"
2031,2026-01-01T00:06:35+00:00,current_l2,Corrente L2,MEDIÇÃO ELÉTRICA,0.043,A,VÁLIDA,SIMULADOR,1,"{""controller"": ""VIRTUAL_REFRIGERATION_MACHINE"", ""scenario_id"": ""CEN-61CD6C86"", ""execution_id"": ""EXE-58F3DF8977C2"", ""session_id"": ""DIA-F2F2AB2EDFB3"", ""seed"": 1, ""instrument"": ""EM210 #1 - TOTAL""}"
2032,2026-01-01T00:06:35+00:00,current_l3,Corrente L3,MEDIÇÃO ELÉTRICA,0.048,A,VÁLIDA,SIMULADOR,1,"{""controller"": ""VIRTUAL_REFRIGERATION_MACHINE"", ""scenario_id"": ""CEN-61CD6C86"", ""execution_id"": ""EXE-58F3DF8977C2"", ""session_id"": ""DIA-F2F2AB2EDFB3"", ""seed"": 1, ""instrument"": ""EM210 #1 - TOTAL""}"
2033,2026-01-01T00:06:40+00:00,temperature_chamber,Temperatura da câmara,SENSORES,5.984840004937055,°C,VÁLIDA,SIMULADOR,1,"{""controller"": ""VIRTUAL_REFRIGERATION_MACHINE"", ""scenario_id"": ""CEN-61CD6C86"", ""execution_id"": ""EXE-58F3DF8977C2"", ""session_id"": ""DIA-F2F2AB2EDFB3"", ""seed"": 1, ""machine_state"": ""RECUPERACAO""}"
2034,2026-01-01T00:06:40+00:00,temperature_evaporator,Temperatura do evaporador,SENSORES,4.720940749294915,°C,VÁLIDA,SIMULADOR,1,"{""controller"": ""VIRTUAL_REFRIGERATION_MACHINE"", ""scenario_id"": ""CEN-61CD6C86"", ""execution_id"": ""EXE-58F3DF8977C2"", ""session_id"": ""DIA-F2F2AB2EDFB3"", ""seed"": 1, ""machine_state"": ""RECUPERACAO""}"
2035,2026-01-01T00:06:40+00:00,pressure_suction,Pressão de sucção,SENSORES,55.33007777829831,psi,VÁLIDA,SIMULADOR,1,"{""controller"": ""VIRTUAL_REFRIGERATION_MACHINE"", ""scenario_id"": ""CEN-61CD6C86"", ""execution_id"": ""EXE-58F3DF8977C2"", ""session_id"": ""DIA-F2F2AB2EDFB3"", ""seed"": 1, ""machine_state"": ""RECUPERACAO""}"
2036,2026-01-01T00:06:40+00:00,pressure_discharge,Pressão de descarga,SENSORES,166.04129840887035,psi,VÁLIDA,SIMULADOR,1,"{""controller"": ""VIRTUAL_REFRIGERATION_MACHINE"", ""scenario_id"": ""CEN-61CD6C86"", ""execution_id"": ""EXE-58F3DF8977C2"", ""session_id"": ""DIA-F2F2AB2EDFB3"", ""seed"": 1, ""machine_state"": ""RECUPERACAO""}"
2037,2026-01-01T00:06:40+00:00,compressor_command,Comando do compressor,I/O,1.0,bool,VÁLIDA,SIMULADOR,1,"{""controller"": ""VIRTUAL_REFRIGERATION_MACHINE"", ""scenario_id"": ""CEN-61CD6C86"", ""execution_id"": ""EXE-58F3DF8977C2"", ""session_id"": ""DIA-F2F2AB2EDFB3"", ""seed"": 1, ""machine_state"": ""RECUPERACAO""}"
2038,2026-01-01T00:06:40+00:00,compressor,Estado do compressor,I/O,1.0,bool,VÁLIDA,SIMULADOR,1,"{""controller"": ""VIRTUAL_REFRIGERATION_MACHINE"", ""scenario_id"": ""CEN-61CD6C86"", ""execution_id"": ""EXE-58F3DF8977C2"", ""session_id"": ""DIA-F2F2AB2EDFB3"", ""seed"": 1, ""machine_state"": ""RECUPERACAO""}"
2039,2026-01-01T00:06:40+00:00,evaporator_fan,Ventilador evaporador,I/O,1.0,bool,VÁLIDA,SIMULADOR,1,"{""controller"": ""VIRTUAL_REFRIGERATION_MACHINE"", ""scenario_id"": ""CEN-61CD6C86"", ""execution_id"": ""EXE-58F3DF8977C2"", ""session_id"": ""DIA-F2F2AB2EDFB3"", ""seed"": 1, ""machine_state"": ""RECUPERACAO""}"
2040,2026-01-01T00:06:40+00:00,condenser_fan,Ventilador condensador,I/O,1.0,bool,VÁLIDA,SIMULADOR,1,"{""controller"": ""VIRTUAL_REFRIGERATION_MACHINE"", ""scenario_id"": ""CEN-61CD6C86"", ""execution_id"": ""EXE-58F3DF8977C2"", ""session_id"": ""DIA-F2F2AB2EDFB3"", ""seed"": 1, ""machine_state"": ""RECUPERACAO""}"
2041,2026-01-01T00:06:40+00:00,defrost,Degelo,I/O,0.0,bool,VÁLIDA,SIMULADOR,1,"{""controller"": ""VIRTUAL_REFRIGERATION_MACHINE"", ""scenario_id"": ""CEN-61CD6C86"", ""execution_id"": ""EXE-58F3DF8977C2"", ""session_id"": ""DIA-F2F2AB2EDFB3"", ""seed"": 1, ""machine_state"": ""RECUPERACAO""}"
2042,2026-01-01T00:06:40+00:00,dripping,Gotejamento,I/O,0.0,bool,VÁLIDA,SIMULADOR,1,"{""controller"": ""VIRTUAL_REFRIGERATION_MACHINE"", ""scenario_id"": ""CEN-61CD6C86"", ""execution_id"": ""EXE-58F3DF8977C2"", ""session_id"": ""DIA-F2F2AB2EDFB3"", ""seed"": 1, ""machine_state"": ""RECUPERACAO""}"
2043,2026-01-01T00:06:40+00:00,communication,Comunicação simulada,COMUNICAÇÃO,1.0,bool,VÁLIDA,SIMULADOR,1,"{""controller"": ""VIRTUAL_REFRIGERATION_MACHINE"", ""scenario_id"": ""CEN-61CD6C86"", ""execution_id"": ""EXE-58F3DF8977C2"", ""session_id"": ""DIA-F2F2AB2EDFB3"", ""seed"": 1, ""machine_state"": ""RECUPERACAO""}"
2044,2026-01-01T00:06:40+00:00,current_total,Corrente total da máquina,MEDIÇÃO ELÉTRICA,19.009,A,VÁLIDA,SIMULADOR,1,"{""controller"": ""VIRTUAL_REFRIGERATION_MACHINE"", ""scenario_id"": ""CEN-61CD6C86"", ""execution_id"": ""EXE-58F3DF8977C2"", ""session_id"": ""DIA-F2F2AB2EDFB3"", ""seed"": 1, ""instrument"": ""EM210 #1 - TOTAL""}"
2045,2026-01-01T00:06:40+00:00,current_compressor,Corrente do compressor,MEDIÇÃO ELÉTRICA,12.014,A,VÁLIDA,SIMULADOR,1,"{""controller"": ""VIRTUAL_REFRIGERATION_MACHINE"", ""scenario_id"": ""CEN-61CD6C86"", ""execution_id"": ""EXE-58F3DF8977C2"", ""session_id"": ""DIA-F2F2AB2EDFB3"", ""seed"": 1, ""instrument"": ""EM210 #2 - COMPRESSOR""}"
2046,2026-01-01T00:06:40+00:00,current_l1,Corrente L1,MEDIÇÃO ELÉTRICA,6.347,A,VÁLIDA,SIMULADOR,1,"{""controller"": ""VIRTUAL_REFRIGERATION_MACHINE"", ""scenario_id"": ""CEN-61CD6C86"", ""execution_id"": ""EXE-58F3DF8977C2"", ""session_id"": ""DIA-F2F2AB2EDFB3"", ""seed"": 1, ""instrument"": ""EM210 #1 - TOTAL""}"
2047,2026-01-01T00:06:40+00:00,current_l2,Corrente L2,MEDIÇÃO ELÉTRICA,6.341,A,VÁLIDA,SIMULADOR,1,"{""controller"": ""VIRTUAL_REFRIGERATION_MACHINE"", ""scenario_id"": ""CEN-61CD6C86"", ""execution_id"": ""EXE-58F3DF8977C2"", ""session_id"": ""DIA-F2F2AB2EDFB3"", ""seed"": 1, ""instrument"": ""EM210 #1 - TOTAL""}"
2048,2026-01-01T00:06:40+00:00,current_l3,Corrente L3,MEDIÇÃO ELÉTRICA,6.314,A,VÁLIDA,SIMULADOR,1,"{""controller"": ""VIRTUAL_REFRIGERATION_MACHINE"", ""scenario_id"": ""CEN-61CD6C86"", ""execution_id"": ""EXE-58F3DF8977C2"", ""session_id"": ""DIA-F2F2AB2EDFB3"", ""seed"": 1, ""instrument"": ""EM210 #1 - TOTAL""}"
2049,2026-01-01T00:06:45+00:00,temperature_chamber,Temperatura da câmara,SENSORES,5.947122365798646,°C,VÁLIDA,SIMULADOR,1,"{""controller"": ""VIRTUAL_REFRIGERATION_MACHINE"", ""scenario_id"": ""CEN-61CD6C86"", ""execution_id"": ""EXE-58F3DF8977C2"", ""session_id"": ""DIA-F2F2AB2EDFB3"", ""seed"": 1, ""machine_state"": ""RECUPERACAO""}"
2050,2026-01-01T00:06:45+00:00,temperature_evaporator,Temperatura do evaporador,SENSORES,4.612389776823172,°C,VÁLIDA,SIMULADOR,1,"{""controller"": ""VIRTUAL_REFRIGERATION_MACHINE"", ""scenario_id"": ""CEN-61CD6C86"", ""execution_id"": ""EXE-58F3DF8977C2"", ""session_id"": ""DIA-F2F2AB2EDFB3"", ""seed"": 1, ""machine_state"": ""RECUPERACAO""}"
2051,2026-01-01T00:06:45+00:00,pressure_suction,Pressão de sucção,SENSORES,48.26406222263865,psi,VÁLIDA,SIMULADOR,1,"{""controller"": ""VIRTUAL_REFRIGERATION_MACHINE"", ""scenario_id"": ""CEN-61CD6C86"", ""execution_id"": ""EXE-58F3DF8977C2"", ""session_id"": ""DIA-F2F2AB2EDFB3"", ""seed"": 1, ""machine_state"": ""RECUPERACAO""}"
2052,2026-01-01T00:06:45+00:00,pressure_discharge,Pressão de descarga,SENSORES,181.83303872709627,psi,VÁLIDA,SIMULADOR,1,"{""controller"": ""VIRTUAL_REFRIGERATION_MACHINE"", ""scenario_id"": ""CEN-61CD6C86"", ""execution_id"": ""EXE-58F3DF8977C2"", ""session_id"": ""DIA-F2F2AB2EDFB3"", ""seed"": 1, ""machine_state"": ""RECUPERACAO""}"
2053,2026-01-01T00:06:45+00:00,compressor_command,Comando do compressor,I/O,1.0,bool,VÁLIDA,SIMULADOR,1,"{""controller"": ""VIRTUAL_REFRIGERATION_MACHINE"", ""scenario_id"": ""CEN-61CD6C86"", ""execution_id"": ""EXE-58F3DF8977C2"", ""session_id"": ""DIA-F2F2AB2EDFB3"", ""seed"": 1, ""machine_state"": ""RECUPERACAO""}"
2054,2026-01-01T00:06:45+00:00,compressor,Estado do compressor,I/O,1.0,bool,VÁLIDA,SIMULADOR,1,"{""controller"": ""VIRTUAL_REFRIGERATION_MACHINE"", ""scenario_id"": ""CEN-61CD6C86"", ""execution_id"": ""EXE-58F3DF8977C2"", ""session_id"": ""DIA-F2F2AB2EDFB3"", ""seed"": 1, ""machine_state"": ""RECUPERACAO""}"
2055,2026-01-01T00:06:45+00:00,evaporator_fan,Ventilador evaporador,I/O,1.0,bool,VÁLIDA,SIMULADOR,1,"{""controller"": ""VIRTUAL_REFRIGERATION_MACHINE"", ""scenario_id"": ""CEN-61CD6C86"", ""execution_id"": ""EXE-58F3DF8977C2"", ""session_id"": ""DIA-F2F2AB2EDFB3"", ""seed"": 1, ""machine_state"": ""RECUPERACAO""}"
2056,2026-01-01T00:06:45+00:00,condenser_fan,Ventilador condensador,I/O,1.0,bool,VÁLIDA,SIMULADOR,1,"{""controller"": ""VIRTUAL_REFRIGERATION_MACHINE"", ""scenario_id"": ""CEN-61CD6C86"", ""execution_id"": ""EXE-58F3DF8977C2"", ""session_id"": ""DIA-F2F2AB2EDFB3"", ""seed"": 1, ""machine_state"": ""RECUPERACAO""}"
2057,2026-01-01T00:06:45+00:00,defrost,Degelo,I/O,0.0,bool,VÁLIDA,SIMULADOR,1,"{""controller"": ""VIRTUAL_REFRIGERATION_MACHINE"", ""scenario_id"": ""CEN-61CD6C86"", ""execution_id"": ""EXE-58F3DF8977C2"", ""session_id"": ""DIA-F2F2AB2EDFB3"", ""seed"": 1, ""machine_state"": ""RECUPERACAO""}"
2058,2026-01-01T00:06:45+00:00,dripping,Gotejamento,I/O,0.0,bool,VÁLIDA,SIMULADOR,1,"{""controller"": ""VIRTUAL_REFRIGERATION_MACHINE"", ""scenario_id"": ""CEN-61CD6C86"", ""execution_id"": ""EXE-58F3DF8977C2"", ""session_id"": ""DIA-F2F2AB2EDFB3"", ""seed"": 1, ""machine_state"": ""RECUPERACAO""}"
2059,2026-01-01T00:06:45+00:00,communication,Comunicação simulada,COMUNICAÇÃO,1.0,bool,VÁLIDA,SIMULADOR,1,"{""controller"": ""VIRTUAL_REFRIGERATION_MACHINE"", ""scenario_id"": ""CEN-61CD6C86"", ""execution_id"": ""EXE-58F3DF8977C2"", ""session_id"": ""DIA-F2F2AB2EDFB3"", ""seed"": 1, ""machine_state"": ""RECUPERACAO""}"
2060,2026-01-01T00:06:45+00:00,current_total,Corrente total da máquina,MEDIÇÃO ELÉTRICA,18.986,A,VÁLIDA,SIMULADOR,1,"{""controller"": ""VIRTUAL_REFRIGERATION_MACHINE"", ""scenario_id"": ""CEN-61CD6C86"", ""execution_id"": ""EXE-58F3DF8977C2"", ""session_id"": ""DIA-F2F2AB2EDFB3"", ""seed"": 1, ""instrument"": ""EM210 #1 - TOTAL""}"
2061,2026-01-01T00:06:45+00:00,current_compressor,Corrente do compressor,MEDIÇÃO ELÉTRICA,12.016,A,VÁLIDA,SIMULADOR,1,"{""controller"": ""VIRTUAL_REFRIGERATION_MACHINE"", ""scenario_id"": ""CEN-61CD6C86"", ""execution_id"": ""EXE-58F3DF8977C2"", ""session_id"": ""DIA-F2F2AB2EDFB3"", ""seed"": 1, ""instrument"": ""EM210 #2 - COMPRESSOR""}"
2062,2026-01-01T00:06:45+00:00,current_l1,Corrente L1,MEDIÇÃO ELÉTRICA,6.331,A,VÁLIDA,SIMULADOR,1,"{""controller"": ""VIRTUAL_REFRIGERATION_MACHINE"", ""scenario_id"": ""CEN-61CD6C86"", ""execution_id"": ""EXE-58F3DF8977C2"", ""session_id"": ""DIA-F2F2AB2EDFB3"", ""seed"": 1, ""instrument"": ""EM210 #1 - TOTAL""}"
2063,2026-01-01T00:06:45+00:00,current_l2,Corrente L2,MEDIÇÃO ELÉTRICA,6.339,A,VÁLIDA,SIMULADOR,1,"{""controller"": ""VIRTUAL_REFRIGERATION_MACHINE"", ""scenario_id"": ""CEN-61CD6C86"", ""execution_id"": ""EXE-58F3DF8977C2"", ""session_id"": ""DIA-F2F2AB2EDFB3"", ""seed"": 1, ""instrument"": ""EM210 #1 - TOTAL""}"
2064,2026-01-01T00:06:45+00:00,current_l3,Corrente L3,MEDIÇÃO ELÉTRICA,6.331,A,VÁLIDA,SIMULADOR,1,"{""controller"": ""VIRTUAL_REFRIGERATION_MACHINE"", ""scenario_id"": ""CEN-61CD6C86"", ""execution_id"": ""EXE-58F3DF8977C2"", ""session_id"": ""DIA-F2F2AB2EDFB3"", ""seed"": 1, ""instrument"": ""EM210 #1 - TOTAL""}"
2065,2026-01-01T00:06:50+00:00,temperature_chamber,Temperatura da câmara,SENSORES,5.902477555918806,°C,VÁLIDA,SIMULADOR,1,"{""controller"": ""VIRTUAL_REFRIGERATION_MACHINE"", ""scenario_id"": ""CEN-61CD6C86"", ""execution_id"": ""EXE-58F3DF8977C2"", ""session_id"": ""DIA-F2F2AB2EDFB3"", ""seed"": 1, ""machine_state"": ""RECUPERACAO""}"
2066,2026-01-01T00:06:50+00:00,temperature_evaporator,Temperatura do evaporador,SENSORES,4.496911633609999,°C,VÁLIDA,SIMULADOR,1,"{""controller"": ""VIRTUAL_REFRIGERATION_MACHINE"", ""scenario_id"": ""CEN-61CD6C86"", ""execution_id"": ""EXE-58F3DF8977C2"", ""session_id"": ""DIA-F2F2AB2EDFB3"", ""seed"": 1, ""machine_state"": ""RECUPERACAO""}"
2067,2026-01-01T00:06:50+00:00,pressure_suction,Pressão de sucção,SENSORES,42.61124977811092,psi,VÁLIDA,SIMULADOR,1,"{""controller"": ""VIRTUAL_REFRIGERATION_MACHINE"", ""scenario_id"": ""CEN-61CD6C86"", ""execution_id"": ""EXE-58F3DF8977C2"", ""session_id"": ""DIA-F2F2AB2EDFB3"", ""seed"": 1, ""machine_state"": ""RECUPERACAO""}"
2068,2026-01-01T00:06:50+00:00,pressure_discharge,Pressão de descarga,SENSORES,194.466430981677,psi,VÁLIDA,SIMULADOR,1,"{""controller"": ""VIRTUAL_REFRIGERATION_MACHINE"", ""scenario_id"": ""CEN-61CD6C86"", ""execution_id"": ""EXE-58F3DF8977C2"", ""session_id"": ""DIA-F2F2AB2EDFB3"", ""seed"": 1, ""machine_state"": ""RECUPERACAO""}"
2069,2026-01-01T00:06:50+00:00,compressor_command,Comando do compressor,I/O,1.0,bool,VÁLIDA,SIMULADOR,1,"{""controller"": ""VIRTUAL_REFRIGERATION_MACHINE"", ""scenario_id"": ""CEN-61CD6C86"", ""execution_id"": ""EXE-58F3DF8977C2"", ""session_id"": ""DIA-F2F2AB2EDFB3"", ""seed"": 1, ""machine_state"": ""RECUPERACAO""}"
2070,2026-01-01T00:06:50+00:00,compressor,Estado do compressor,I/O,1.0,bool,VÁLIDA,SIMULADOR,1,"{""controller"": ""VIRTUAL_REFRIGERATION_MACHINE"", ""scenario_id"": ""CEN-61CD6C86"", ""execution_id"": ""EXE-58F3DF8977C2"", ""session_id"": ""DIA-F2F2AB2EDFB3"", ""seed"": 1, ""machine_state"": ""RECUPERACAO""}"
2071,2026-01-01T00:06:50+00:00,evaporator_fan,Ventilador evaporador,I/O,1.0,bool,VÁLIDA,SIMULADOR,1,"{""controller"": ""VIRTUAL_REFRIGERATION_MACHINE"", ""scenario_id"": ""CEN-61CD6C86"", ""execution_id"": ""EXE-58F3DF8977C2"", ""session_id"": ""DIA-F2F2AB2EDFB3"", ""seed"": 1, ""machine_state"": ""RECUPERACAO""}"
2072,2026-01-01T00:06:50+00:00,condenser_fan,Ventilador condensador,I/O,1.0,bool,VÁLIDA,SIMULADOR,1,"{""controller"": ""VIRTUAL_REFRIGERATION_MACHINE"", ""scenario_id"": ""CEN-61CD6C86"", ""execution_id"": ""EXE-58F3DF8977C2"", ""session_id"": ""DIA-F2F2AB2EDFB3"", ""seed"": 1, ""machine_state"": ""RECUPERACAO""}"
2073,2026-01-01T00:06:50+00:00,defrost,Degelo,I/O,0.0,bool,VÁLIDA,SIMULADOR,1,"{""controller"": ""VIRTUAL_REFRIGERATION_MACHINE"", ""scenario_id"": ""CEN-61CD6C86"", ""execution_id"": ""EXE-58F3DF8977C2"", ""session_id"": ""DIA-F2F2AB2EDFB3"", ""seed"": 1, ""machine_state"": ""RECUPERACAO""}"
2074,2026-01-01T00:06:50+00:00,dripping,Gotejamento,I/O,0.0,bool,VÁLIDA,SIMULADOR,1,"{""controller"": ""VIRTUAL_REFRIGERATION_MACHINE"", ""scenario_id"": ""CEN-61CD6C86"", ""execution_id"": ""EXE-58F3DF8977C2"", ""session_id"": ""DIA-F2F2AB2EDFB3"", ""seed"": 1, ""machine_state"": ""RECUPERACAO""}"
2075,2026-01-01T00:06:50+00:00,communication,Comunicação simulada,COMUNICAÇÃO,1.0,bool,VÁLIDA,SIMULADOR,1,"{""controller"": ""VIRTUAL_REFRIGERATION_MACHINE"", ""scenario_id"": ""CEN-61CD6C86"", ""execution_id"": ""EXE-58F3DF8977C2"", ""session_id"": ""DIA-F2F2AB2EDFB3"", ""seed"": 1, ""machine_state"": ""RECUPERACAO""}"
2076,2026-01-01T00:06:50+00:00,current_total,Corrente total da máquina,MEDIÇÃO ELÉTRICA,19.001,A,VÁLIDA,SIMULADOR,1,"{""controller"": ""VIRTUAL_REFRIGERATION_MACHINE"", ""scenario_id"": ""CEN-61CD6C86"", ""execution_id"": ""EXE-58F3DF8977C2"", ""session_id"": ""DIA-F2F2AB2EDFB3"", ""seed"": 1, ""instrument"": ""EM210 #1 - TOTAL""}"
2077,2026-01-01T00:06:50+00:00,current_compressor,Corrente do compressor,MEDIÇÃO ELÉTRICA,12.019,A,VÁLIDA,SIMULADOR,1,"{""controller"": ""VIRTUAL_REFRIGERATION_MACHINE"", ""scenario_id"": ""CEN-61CD6C86"", ""execution_id"": ""EXE-58F3DF8977C2"", ""session_id"": ""DIA-F2F2AB2EDFB3"", ""seed"": 1, ""instrument"": ""EM210 #2 - COMPRESSOR""}"
2078,2026-01-01T00:06:50+00:00,current_l1,Corrente L1,MEDIÇÃO ELÉTRICA,6.316,A,VÁLIDA,SIMULADOR,1,"{""controller"": ""VIRTUAL_REFRIGERATION_MACHINE"", ""scenario_id"": ""CEN-61CD6C86"", ""execution_id"": ""EXE-58F3DF8977C2"", ""session_id"": ""DIA-F2F2AB2EDFB3"", ""seed"": 1, ""instrument"": ""EM210 #1 - TOTAL""}"
2079,2026-01-01T00:06:50+00:00,current_l2,Corrente L2,MEDIÇÃO ELÉTRICA,6.338,A,VÁLIDA,SIMULADOR,1,"{""controller"": ""VIRTUAL_REFRIGERATION_MACHINE"", ""scenario_id"": ""CEN-61CD6C86"", ""execution_id"": ""EXE-58F3DF8977C2"", ""session_id"": ""DIA-F2F2AB2EDFB3"", ""seed"": 1, ""instrument"": ""EM210 #1 - TOTAL""}"
2080,2026-01-01T00:06:50+00:00,current_l3,Corrente L3,MEDIÇÃO ELÉTRICA,6.321,A,VÁLIDA,SIMULADOR,1,"{""controller"": ""VIRTUAL_REFRIGERATION_MACHINE"", ""scenario_id"": ""CEN-61CD6C86"", ""execution_id"": ""EXE-58F3DF8977C2"", ""session_id"": ""DIA-F2F2AB2EDFB3"", ""seed"": 1, ""instrument"": ""EM210 #1 - TOTAL""}"
2081,2026-01-01T00:06:55+00:00,temperature_chamber,Temperatura da câmara,SENSORES,5.963452780359618,°C,VÁLIDA,SIMULADOR,1,"{""controller"": ""VIRTUAL_REFRIGERATION_MACHINE"", ""scenario_id"": ""CEN-61CD6C86"", ""execution_id"": ""EXE-58F3DF8977C2"", ""session_id"": ""DIA-F2F2AB2EDFB3"", ""seed"": 1, ""machine_state"": ""RECUPERACAO""}"
2082,2026-01-01T00:06:55+00:00,temperature_evaporator,Temperatura do evaporador,SENSORES,4.57023869094748,°C,VÁLIDA,SIMULADOR,1,"{""controller"": ""VIRTUAL_REFRIGERATION_MACHINE"", ""scenario_id"": ""CEN-61CD6C86"", ""execution_id"": ""EXE-58F3DF8977C2"", ""session_id"": ""DIA-F2F2AB2EDFB3"", ""seed"": 1, ""machine_state"": ""RECUPERACAO""}"
2083,2026-01-01T00:06:55+00:00,pressure_suction,Pressão de sucção,SENSORES,47.350124800299824,psi,VÁLIDA,SIMULADOR,1,"{""controller"": ""VIRTUAL_REFRIGERATION_MACHINE"", ""scenario_id"": ""CEN-61CD6C86"", ""execution_id"": ""EXE-58F3DF8977C2"", ""session_id"": ""DIA-F2F2AB2EDFB3"", ""seed"": 1, ""machine_state"": ""RECUPERACAO""}"
2084,2026-01-01T00:06:55+00:00,pressure_discharge,Pressão de descarga,SENSORES,184.0197878835093,psi,VÁLIDA,SIMULADOR,1,"{""controller"": ""VIRTUAL_REFRIGERATION_MACHINE"", ""scenario_id"": ""CEN-61CD6C86"", ""execution_id"": ""EXE-58F3DF8977C2"", ""session_id"": ""DIA-F2F2AB2EDFB3"", ""seed"": 1, ""machine_state"": ""RECUPERACAO""}"
2085,2026-01-01T00:06:55+00:00,compressor_command,Comando do compressor,I/O,1.0,bool,VÁLIDA,SIMULADOR,1,"{""controller"": ""VIRTUAL_REFRIGERATION_MACHINE"", ""scenario_id"": ""CEN-61CD6C86"", ""execution_id"": ""EXE-58F3DF8977C2"", ""session_id"": ""DIA-F2F2AB2EDFB3"", ""seed"": 1, ""machine_state"": ""RECUPERACAO""}"
2086,2026-01-01T00:06:55+00:00,compressor,Estado do compressor,I/O,0.0,bool,VÁLIDA,SIMULADOR,1,"{""controller"": ""VIRTUAL_REFRIGERATION_MACHINE"", ""scenario_id"": ""CEN-61CD6C86"", ""execution_id"": ""EXE-58F3DF8977C2"", ""session_id"": ""DIA-F2F2AB2EDFB3"", ""seed"": 1, ""machine_state"": ""RECUPERACAO""}"
2087,2026-01-01T00:06:55+00:00,evaporator_fan,Ventilador evaporador,I/O,1.0,bool,VÁLIDA,SIMULADOR,1,"{""controller"": ""VIRTUAL_REFRIGERATION_MACHINE"", ""scenario_id"": ""CEN-61CD6C86"", ""execution_id"": ""EXE-58F3DF8977C2"", ""session_id"": ""DIA-F2F2AB2EDFB3"", ""seed"": 1, ""machine_state"": ""RECUPERACAO""}"
2088,2026-01-01T00:06:55+00:00,condenser_fan,Ventilador condensador,I/O,1.0,bool,VÁLIDA,SIMULADOR,1,"{""controller"": ""VIRTUAL_REFRIGERATION_MACHINE"", ""scenario_id"": ""CEN-61CD6C86"", ""execution_id"": ""EXE-58F3DF8977C2"", ""session_id"": ""DIA-F2F2AB2EDFB3"", ""seed"": 1, ""machine_state"": ""RECUPERACAO""}"
2089,2026-01-01T00:06:55+00:00,defrost,Degelo,I/O,0.0,bool,VÁLIDA,SIMULADOR,1,"{""controller"": ""VIRTUAL_REFRIGERATION_MACHINE"", ""scenario_id"": ""CEN-61CD6C86"", ""execution_id"": ""EXE-58F3DF8977C2"", ""session_id"": ""DIA-F2F2AB2EDFB3"", ""seed"": 1, ""machine_state"": ""RECUPERACAO""}"
2090,2026-01-01T00:06:55+00:00,dripping,Gotejamento,I/O,0.0,bool,VÁLIDA,SIMULADOR,1,"{""controller"": ""VIRTUAL_REFRIGERATION_MACHINE"", ""scenario_id"": ""CEN-61CD6C86"", ""execution_id"": ""EXE-58F3DF8977C2"", ""session_id"": ""DIA-F2F2AB2EDFB3"", ""seed"": 1, ""machine_state"": ""RECUPERACAO""}"
2091,2026-01-01T00:06:55+00:00,communication,Comunicação simulada,COMUNICAÇÃO,1.0,bool,VÁLIDA,SIMULADOR,1,"{""controller"": ""VIRTUAL_REFRIGERATION_MACHINE"", ""scenario_id"": ""CEN-61CD6C86"", ""execution_id"": ""EXE-58F3DF8977C2"", ""session_id"": ""DIA-F2F2AB2EDFB3"", ""seed"": 1, ""machine_state"": ""RECUPERACAO""}"
2092,2026-01-01T00:06:55+00:00,current_total,Corrente total da máquina,MEDIÇÃO ELÉTRICA,7.154,A,VÁLIDA,SIMULADOR,1,"{""controller"": ""VIRTUAL_REFRIGERATION_MACHINE"", ""scenario_id"": ""CEN-61CD6C86"", ""execution_id"": ""EXE-58F3DF8977C2"", ""session_id"": ""DIA-F2F2AB2EDFB3"", ""seed"": 1, ""instrument"": ""EM210 #1 - TOTAL""}"
2093,2026-01-01T00:06:55+00:00,current_compressor,Corrente do compressor,MEDIÇÃO ELÉTRICA,0.163,A,VÁLIDA,SIMULADOR,1,"{""controller"": ""VIRTUAL_REFRIGERATION_MACHINE"", ""scenario_id"": ""CEN-61CD6C86"", ""execution_id"": ""EXE-58F3DF8977C2"", ""session_id"": ""DIA-F2F2AB2EDFB3"", ""seed"": 1, ""instrument"": ""EM210 #2 - COMPRESSOR""}"
2094,2026-01-01T00:06:55+00:00,current_l1,Corrente L1,MEDIÇÃO ELÉTRICA,2.394,A,VÁLIDA,SIMULADOR,1,"{""controller"": ""VIRTUAL_REFRIGERATION_MACHINE"", ""scenario_id"": ""CEN-61CD6C86"", ""execution_id"": ""EXE-58F3DF8977C2"", ""session_id"": ""DIA-F2F2AB2EDFB3"", ""seed"": 1, ""instrument"": ""EM210 #1 - TOTAL""}"
2095,2026-01-01T00:06:55+00:00,current_l2,Corrente L2,MEDIÇÃO ELÉTRICA,2.388,A,VÁLIDA,SIMULADOR,1,"{""controller"": ""VIRTUAL_REFRIGERATION_MACHINE"", ""scenario_id"": ""CEN-61CD6C86"", ""execution_id"": ""EXE-58F3DF8977C2"", ""session_id"": ""DIA-F2F2AB2EDFB3"", ""seed"": 1, ""instrument"": ""EM210 #1 - TOTAL""}"
2096,2026-01-01T00:06:55+00:00,current_l3,Corrente L3,MEDIÇÃO ELÉTRICA,2.377,A,VÁLIDA,SIMULADOR,1,"{""controller"": ""VIRTUAL_REFRIGERATION_MACHINE"", ""scenario_id"": ""CEN-61CD6C86"", ""execution_id"": ""EXE-58F3DF8977C2"", ""session_id"": ""DIA-F2F2AB2EDFB3"", ""seed"": 1, ""instrument"": ""EM210 #1 - TOTAL""}"
2097,2026-01-01T00:07:00+00:00,temperature_chamber,Temperatura da câmara,SENSORES,6.023818252556022,°C,VÁLIDA,SIMULADOR,1,"{""controller"": ""VIRTUAL_REFRIGERATION_MACHINE"", ""scenario_id"": ""CEN-61CD6C86"", ""execution_id"": ""EXE-58F3DF8977C2"", ""session_id"": ""DIA-F2F2AB2EDFB3"", ""seed"": 1, ""machine_state"": ""RECUPERACAO""}"
2098,2026-01-01T00:07:00+00:00,temperature_evaporator,Temperatura do evaporador,SENSORES,4.6429176690279075,°C,VÁLIDA,SIMULADOR,1,"{""controller"": ""VIRTUAL_REFRIGERATION_MACHINE"", ""scenario_id"": ""CEN-61CD6C86"", ""execution_id"": ""EXE-58F3DF8977C2"", ""session_id"": ""DIA-F2F2AB2EDFB3"", ""seed"": 1, ""machine_state"": ""RECUPERACAO""}"
2099,2026-01-01T00:07:00+00:00,pressure_suction,Pressão de sucção,SENSORES,51.615112320269844,psi,VÁLIDA,SIMULADOR,1,"{""controller"": ""VIRTUAL_REFRIGERATION_MACHINE"", ""scenario_id"": ""CEN-61CD6C86"", ""execution_id"": ""EXE-58F3DF8977C2"", ""session_id"": ""DIA-F2F2AB2EDFB3"", ""seed"": 1, ""machine_state"": ""RECUPERACAO""}"
2100,2026-01-01T00:07:00+00:00,pressure_discharge,Pressão de descarga,SENSORES,174.61780909515838,psi,VÁLIDA,SIMULADOR,1,"{""controller"": ""VIRTUAL_REFRIGERATION_MACHINE"", ""scenario_id"": ""CEN-61CD6C86"", ""execution_id"": ""EXE-58F3DF8977C2"", ""session_id"": ""DIA-F2F2AB2EDFB3"", ""seed"": 1, ""machine_state"": ""RECUPERACAO""}"
2101,2026-01-01T00:07:00+00:00,compressor_command,Comando do compressor,I/O,1.0,bool,VÁLIDA,SIMULADOR,1,"{""controller"": ""VIRTUAL_REFRIGERATION_MACHINE"", ""scenario_id"": ""CEN-61CD6C86"", ""execution_id"": ""EXE-58F3DF8977C2"", ""session_id"": ""DIA-F2F2AB2EDFB3"", ""seed"": 1, ""machine_state"": ""RECUPERACAO""}"
2102,2026-01-01T00:07:00+00:00,compressor,Estado do compressor,I/O,0.0,bool,VÁLIDA,SIMULADOR,1,"{""controller"": ""VIRTUAL_REFRIGERATION_MACHINE"", ""scenario_id"": ""CEN-61CD6C86"", ""execution_id"": ""EXE-58F3DF8977C2"", ""session_id"": ""DIA-F2F2AB2EDFB3"", ""seed"": 1, ""machine_state"": ""RECUPERACAO""}"
2103,2026-01-01T00:07:00+00:00,evaporator_fan,Ventilador evaporador,I/O,1.0,bool,VÁLIDA,SIMULADOR,1,"{""controller"": ""VIRTUAL_REFRIGERATION_MACHINE"", ""scenario_id"": ""CEN-61CD6C86"", ""execution_id"": ""EXE-58F3DF8977C2"", ""session_id"": ""DIA-F2F2AB2EDFB3"", ""seed"": 1, ""machine_state"": ""RECUPERACAO""}"
2104,2026-01-01T00:07:00+00:00,condenser_fan,Ventilador condensador,I/O,1.0,bool,VÁLIDA,SIMULADOR,1,"{""controller"": ""VIRTUAL_REFRIGERATION_MACHINE"", ""scenario_id"": ""CEN-61CD6C86"", ""execution_id"": ""EXE-58F3DF8977C2"", ""session_id"": ""DIA-F2F2AB2EDFB3"", ""seed"": 1, ""machine_state"": ""RECUPERACAO""}"
2105,2026-01-01T00:07:00+00:00,defrost,Degelo,I/O,0.0,bool,VÁLIDA,SIMULADOR,1,"{""controller"": ""VIRTUAL_REFRIGERATION_MACHINE"", ""scenario_id"": ""CEN-61CD6C86"", ""execution_id"": ""EXE-58F3DF8977C2"", ""session_id"": ""DIA-F2F2AB2EDFB3"", ""seed"": 1, ""machine_state"": ""RECUPERACAO""}"
2106,2026-01-01T00:07:00+00:00,dripping,Gotejamento,I/O,0.0,bool,VÁLIDA,SIMULADOR,1,"{""controller"": ""VIRTUAL_REFRIGERATION_MACHINE"", ""scenario_id"": ""CEN-61CD6C86"", ""execution_id"": ""EXE-58F3DF8977C2"", ""session_id"": ""DIA-F2F2AB2EDFB3"", ""seed"": 1, ""machine_state"": ""RECUPERACAO""}"
2107,2026-01-01T00:07:00+00:00,communication,Comunicação simulada,COMUNICAÇÃO,1.0,bool,VÁLIDA,SIMULADOR,1,"{""controller"": ""VIRTUAL_REFRIGERATION_MACHINE"", ""scenario_id"": ""CEN-61CD6C86"", ""execution_id"": ""EXE-58F3DF8977C2"", ""session_id"": ""DIA-F2F2AB2EDFB3"", ""seed"": 1, ""machine_state"": ""RECUPERACAO""}"
2108,2026-01-01T00:07:00+00:00,current_total,Corrente total da máquina,MEDIÇÃO ELÉTRICA,7.162,A,VÁLIDA,SIMULADOR,1,"{""controller"": ""VIRTUAL_REFRIGERATION_MACHINE"", ""scenario_id"": ""CEN-61CD6C86"", ""execution_id"": ""EXE-58F3DF8977C2"", ""session_id"": ""DIA-F2F2AB2EDFB3"", ""seed"": 1, ""instrument"": ""EM210 #1 - TOTAL""}"
2109,2026-01-01T00:07:00+00:00,current_compressor,Corrente do compressor,MEDIÇÃO ELÉTRICA,0.135,A,VÁLIDA,SIMULADOR,1,"{""controller"": ""VIRTUAL_REFRIGERATION_MACHINE"", ""scenario_id"": ""CEN-61CD6C86"", ""execution_id"": ""EXE-58F3DF8977C2"", ""session_id"": ""DIA-F2F2AB2EDFB3"", ""seed"": 1, ""instrument"": ""EM210 #2 - COMPRESSOR""}"
2110,2026-01-01T00:07:00+00:00,current_l1,Corrente L1,MEDIÇÃO ELÉTRICA,2.395,A,VÁLIDA,SIMULADOR,1,"{""controller"": ""VIRTUAL_REFRIGERATION_MACHINE"", ""scenario_id"": ""CEN-61CD6C86"", ""execution_id"": ""EXE-58F3DF8977C2"", ""session_id"": ""DIA-F2F2AB2EDFB3"", ""seed"": 1, ""instrument"": ""EM210 #1 - TOTAL""}"
2111,2026-01-01T00:07:00+00:00,current_l2,Corrente L2,MEDIÇÃO ELÉTRICA,2.367,A,VÁLIDA,SIMULADOR,1,"{""controller"": ""VIRTUAL_REFRIGERATION_MACHINE"", ""scenario_id"": ""CEN-61CD6C86"", ""execution_id"": ""EXE-58F3DF8977C2"", ""session_id"": ""DIA-F2F2AB2EDFB3"", ""seed"": 1, ""instrument"": ""EM210 #1 - TOTAL""}"
2112,2026-01-01T00:07:00+00:00,current_l3,Corrente L3,MEDIÇÃO ELÉTRICA,2.397,A,VÁLIDA,SIMULADOR,1,"{""controller"": ""VIRTUAL_REFRIGERATION_MACHINE"", ""scenario_id"": ""CEN-61CD6C86"", ""execution_id"": ""EXE-58F3DF8977C2"", ""session_id"": ""DIA-F2F2AB2EDFB3"", ""seed"": 1, ""instrument"": ""EM210 #1 - TOTAL""}"
2113,2026-01-01T00:07:05+00:00,temperature_chamber,Temperatura da câmara,SENSORES,6.083580070030462,°C,VÁLIDA,SIMULADOR,1,"{""controller"": ""VIRTUAL_REFRIGERATION_MACHINE"", ""scenario_id"": ""CEN-61CD6C86"", ""execution_id"": ""EXE-58F3DF8977C2"", ""session_id"": ""DIA-F2F2AB2EDFB3"", ""seed"": 1, ""machine_state"": ""RECUPERACAO""}"
2114,2026-01-01T00:07:05+00:00,temperature_evaporator,Temperatura do evaporador,SENSORES,4.714950789078035,°C,VÁLIDA,SIMULADOR,1,"{""controller"": ""VIRTUAL_REFRIGERATION_MACHINE"", ""scenario_id"": ""CEN-61CD6C86"", ""execution_id"": ""EXE-58F3DF8977C2"", ""session_id"": ""DIA-F2F2AB2EDFB3"", ""seed"": 1, ""machine_state"": ""RECUPERACAO""}"
2115,2026-01-01T00:07:05+00:00,pressure_suction,Pressão de sucção,SENSORES,55.45360108824286,psi,VÁLIDA,SIMULADOR,1,"{""controller"": ""VIRTUAL_REFRIGERATION_MACHINE"", ""scenario_id"": ""CEN-61CD6C86"", ""execution_id"": ""EXE-58F3DF8977C2"", ""session_id"": ""DIA-F2F2AB2EDFB3"", ""seed"": 1, ""machine_state"": ""RECUPERACAO""}"
2116,2026-01-01T00:07:05+00:00,pressure_discharge,Pressão de descarga,SENSORES,166.15602818564253,psi,VÁLIDA,SIMULADOR,1,"{""controller"": ""VIRTUAL_REFRIGERATION_MACHINE"", ""scenario_id"": ""CEN-61CD6C86"", ""execution_id"": ""EXE-58F3DF8977C2"", ""session_id"": ""DIA-F2F2AB2EDFB3"", ""seed"": 1, ""machine_state"": ""RECUPERACAO""}"
2117,2026-01-01T00:07:05+00:00,compressor_command,Comando do compressor,I/O,1.0,bool,VÁLIDA,SIMULADOR,1,"{""controller"": ""VIRTUAL_REFRIGERATION_MACHINE"", ""scenario_id"": ""CEN-61CD6C86"", ""execution_id"": ""EXE-58F3DF8977C2"", ""session_id"": ""DIA-F2F2AB2EDFB3"", ""seed"": 1, ""machine_state"": ""RECUPERACAO""}"
2118,2026-01-01T00:07:05+00:00,compressor,Estado do compressor,I/O,0.0,bool,VÁLIDA,SIMULADOR,1,"{""controller"": ""VIRTUAL_REFRIGERATION_MACHINE"", ""scenario_id"": ""CEN-61CD6C86"", ""execution_id"": ""EXE-58F3DF8977C2"", ""session_id"": ""DIA-F2F2AB2EDFB3"", ""seed"": 1, ""machine_state"": ""RECUPERACAO""}"
2119,2026-01-01T00:07:05+00:00,evaporator_fan,Ventilador evaporador,I/O,1.0,bool,VÁLIDA,SIMULADOR,1,"{""controller"": ""VIRTUAL_REFRIGERATION_MACHINE"", ""scenario_id"": ""CEN-61CD6C86"", ""execution_id"": ""EXE-58F3DF8977C2"", ""session_id"": ""DIA-F2F2AB2EDFB3"", ""seed"": 1, ""machine_state"": ""RECUPERACAO""}"
2120,2026-01-01T00:07:05+00:00,condenser_fan,Ventilador condensador,I/O,1.0,bool,VÁLIDA,SIMULADOR,1,"{""controller"": ""VIRTUAL_REFRIGERATION_MACHINE"", ""scenario_id"": ""CEN-61CD6C86"", ""execution_id"": ""EXE-58F3DF8977C2"", ""session_id"": ""DIA-F2F2AB2EDFB3"", ""seed"": 1, ""machine_state"": ""RECUPERACAO""}"
2121,2026-01-01T00:07:05+00:00,defrost,Degelo,I/O,0.0,bool,VÁLIDA,SIMULADOR,1,"{""controller"": ""VIRTUAL_REFRIGERATION_MACHINE"", ""scenario_id"": ""CEN-61CD6C86"", ""execution_id"": ""EXE-58F3DF8977C2"", ""session_id"": ""DIA-F2F2AB2EDFB3"", ""seed"": 1, ""machine_state"": ""RECUPERACAO""}"
2122,2026-01-01T00:07:05+00:00,dripping,Gotejamento,I/O,0.0,bool,VÁLIDA,SIMULADOR,1,"{""controller"": ""VIRTUAL_REFRIGERATION_MACHINE"", ""scenario_id"": ""CEN-61CD6C86"", ""execution_id"": ""EXE-58F3DF8977C2"", ""session_id"": ""DIA-F2F2AB2EDFB3"", ""seed"": 1, ""machine_state"": ""RECUPERACAO""}"
2123,2026-01-01T00:07:05+00:00,communication,Comunicação simulada,COMUNICAÇÃO,1.0,bool,VÁLIDA,SIMULADOR,1,"{""controller"": ""VIRTUAL_REFRIGERATION_MACHINE"", ""scenario_id"": ""CEN-61CD6C86"", ""execution_id"": ""EXE-58F3DF8977C2"", ""session_id"": ""DIA-F2F2AB2EDFB3"", ""seed"": 1, ""machine_state"": ""RECUPERACAO""}"
2124,2026-01-01T00:07:05+00:00,current_total,Corrente total da máquina,MEDIÇÃO ELÉTRICA,7.159,A,VÁLIDA,SIMULADOR,1,"{""controller"": ""VIRTUAL_REFRIGERATION_MACHINE"", ""scenario_id"": ""CEN-61CD6C86"", ""execution_id"": ""EXE-58F3DF8977C2"", ""session_id"": ""DIA-F2F2AB2EDFB3"", ""seed"": 1, ""instrument"": ""EM210 #1 - TOTAL""}"
2125,2026-01-01T00:07:05+00:00,current_compressor,Corrente do compressor,MEDIÇÃO ELÉTRICA,0.165,A,VÁLIDA,SIMULADOR,1,"{""controller"": ""VIRTUAL_REFRIGERATION_MACHINE"", ""scenario_id"": ""CEN-61CD6C86"", ""execution_id"": ""EXE-58F3DF8977C2"", ""session_id"": ""DIA-F2F2AB2EDFB3"", ""seed"": 1, ""instrument"": ""EM210 #2 - COMPRESSOR""}"
2126,2026-01-01T00:07:05+00:00,current_l1,Corrente L1,MEDIÇÃO ELÉTRICA,2.37,A,VÁLIDA,SIMULADOR,1,"{""controller"": ""VIRTUAL_REFRIGERATION_MACHINE"", ""scenario_id"": ""CEN-61CD6C86"", ""execution_id"": ""EXE-58F3DF8977C2"", ""session_id"": ""DIA-F2F2AB2EDFB3"", ""seed"": 1, ""instrument"": ""EM210 #1 - TOTAL""}"
2127,2026-01-01T00:07:05+00:00,current_l2,Corrente L2,MEDIÇÃO ELÉTRICA,2.395,A,VÁLIDA,SIMULADOR,1,"{""controller"": ""VIRTUAL_REFRIGERATION_MACHINE"", ""scenario_id"": ""CEN-61CD6C86"", ""execution_id"": ""EXE-58F3DF8977C2"", ""session_id"": ""DIA-F2F2AB2EDFB3"", ""seed"": 1, ""instrument"": ""EM210 #1 - TOTAL""}"
2128,2026-01-01T00:07:05+00:00,current_l3,Corrente L3,MEDIÇÃO ELÉTRICA,2.379,A,VÁLIDA,SIMULADOR,1,"{""controller"": ""VIRTUAL_REFRIGERATION_MACHINE"", ""scenario_id"": ""CEN-61CD6C86"", ""execution_id"": ""EXE-58F3DF8977C2"", ""session_id"": ""DIA-F2F2AB2EDFB3"", ""seed"": 1, ""instrument"": ""EM210 #1 - TOTAL""}"
2129,2026-01-01T00:07:10+00:00,temperature_chamber,Temperatura da câmara,SENSORES,6.142744269330157,°C,VÁLIDA,SIMULADOR,1,"{""controller"": ""VIRTUAL_REFRIGERATION_MACHINE"", ""scenario_id"": ""CEN-61CD6C86"", ""execution_id"": ""EXE-58F3DF8977C2"", ""session_id"": ""DIA-F2F2AB2EDFB3"", ""seed"": 1, ""machine_state"": ""RECUPERACAO""}"
2130,2026-01-01T00:07:10+00:00,temperature_evaporator,Temperatura do evaporador,SENSORES,4.7863404630906405,°C,VÁLIDA,SIMULADOR,1,"{""controller"": ""VIRTUAL_REFRIGERATION_MACHINE"", ""scenario_id"": ""CEN-61CD6C86"", ""execution_id"": ""EXE-58F3DF8977C2"", ""session_id"": ""DIA-F2F2AB2EDFB3"", ""seed"": 1, ""machine_state"": ""RECUPERACAO""}"
2131,2026-01-01T00:07:10+00:00,pressure_suction,Pressão de sucção,SENSORES,58.90824097941858,psi,VÁLIDA,SIMULADOR,1,"{""controller"": ""VIRTUAL_REFRIGERATION_MACHINE"", ""scenario_id"": ""CEN-61CD6C86"", ""execution_id"": ""EXE-58F3DF8977C2"", ""session_id"": ""DIA-F2F2AB2EDFB3"", ""seed"": 1, ""machine_state"": ""RECUPERACAO""}"
2132,2026-01-01T00:07:10+00:00,pressure_discharge,Pressão de descarga,SENSORES,158.54042536707829,psi,VÁLIDA,SIMULADOR,1,"{""controller"": ""VIRTUAL_REFRIGERATION_MACHINE"", ""scenario_id"": ""CEN-61CD6C86"", ""execution_id"": ""EXE-58F3DF8977C2"", ""session_id"": ""DIA-F2F2AB2EDFB3"", ""seed"": 1, ""machine_state"": ""RECUPERACAO""}"
2133,2026-01-01T00:07:10+00:00,compressor_command,Comando do compressor,I/O,1.0,bool,VÁLIDA,SIMULADOR,1,"{""controller"": ""VIRTUAL_REFRIGERATION_MACHINE"", ""scenario_id"": ""CEN-61CD6C86"", ""execution_id"": ""EXE-58F3DF8977C2"", ""session_id"": ""DIA-F2F2AB2EDFB3"", ""seed"": 1, ""machine_state"": ""RECUPERACAO""}"
2134,2026-01-01T00:07:10+00:00,compressor,Estado do compressor,I/O,0.0,bool,VÁLIDA,SIMULADOR,1,"{""controller"": ""VIRTUAL_REFRIGERATION_MACHINE"", ""scenario_id"": ""CEN-61CD6C86"", ""execution_id"": ""EXE-58F3DF8977C2"", ""session_id"": ""DIA-F2F2AB2EDFB3"", ""seed"": 1, ""machine_state"": ""RECUPERACAO""}"
2135,2026-01-01T00:07:10+00:00,evaporator_fan,Ventilador evaporador,I/O,1.0,bool,VÁLIDA,SIMULADOR,1,"{""controller"": ""VIRTUAL_REFRIGERATION_MACHINE"", ""scenario_id"": ""CEN-61CD6C86"", ""execution_id"": ""EXE-58F3DF8977C2"", ""session_id"": ""DIA-F2F2AB2EDFB3"", ""seed"": 1, ""machine_state"": ""RECUPERACAO""}"
2136,2026-01-01T00:07:10+00:00,condenser_fan,Ventilador condensador,I/O,1.0,bool,VÁLIDA,SIMULADOR,1,"{""controller"": ""VIRTUAL_REFRIGERATION_MACHINE"", ""scenario_id"": ""CEN-61CD6C86"", ""execution_id"": ""EXE-58F3DF8977C2"", ""session_id"": ""DIA-F2F2AB2EDFB3"", ""seed"": 1, ""machine_state"": ""RECUPERACAO""}"
2137,2026-01-01T00:07:10+00:00,defrost,Degelo,I/O,0.0,bool,VÁLIDA,SIMULADOR,1,"{""controller"": ""VIRTUAL_REFRIGERATION_MACHINE"", ""scenario_id"": ""CEN-61CD6C86"", ""execution_id"": ""EXE-58F3DF8977C2"", ""session_id"": ""DIA-F2F2AB2EDFB3"", ""seed"": 1, ""machine_state"": ""RECUPERACAO""}"
2138,2026-01-01T00:07:10+00:00,dripping,Gotejamento,I/O,0.0,bool,VÁLIDA,SIMULADOR,1,"{""controller"": ""VIRTUAL_REFRIGERATION_MACHINE"", ""scenario_id"": ""CEN-61CD6C86"", ""execution_id"": ""EXE-58F3DF8977C2"", ""session_id"": ""DIA-F2F2AB2EDFB3"", ""seed"": 1, ""machine_state"": ""RECUPERACAO""}"
2139,2026-01-01T00:07:10+00:00,communication,Comunicação simulada,COMUNICAÇÃO,1.0,bool,VÁLIDA,SIMULADOR,1,"{""controller"": ""VIRTUAL_REFRIGERATION_MACHINE"", ""scenario_id"": ""CEN-61CD6C86"", ""execution_id"": ""EXE-58F3DF8977C2"", ""session_id"": ""DIA-F2F2AB2EDFB3"", ""seed"": 1, ""machine_state"": ""RECUPERACAO""}"
2140,2026-01-01T00:07:10+00:00,current_total,Corrente total da máquina,MEDIÇÃO ELÉTRICA,7.164,A,VÁLIDA,SIMULADOR,1,"{""controller"": ""VIRTUAL_REFRIGERATION_MACHINE"", ""scenario_id"": ""CEN-61CD6C86"", ""execution_id"": ""EXE-58F3DF8977C2"", ""session_id"": ""DIA-F2F2AB2EDFB3"", ""seed"": 1, ""instrument"": ""EM210 #1 - TOTAL""}"
2141,2026-01-01T00:07:10+00:00,current_compressor,Corrente do compressor,MEDIÇÃO ELÉTRICA,0.163,A,VÁLIDA,SIMULADOR,1,"{""controller"": ""VIRTUAL_REFRIGERATION_MACHINE"", ""scenario_id"": ""CEN-61CD6C86"", ""execution_id"": ""EXE-58F3DF8977C2"", ""session_id"": ""DIA-F2F2AB2EDFB3"", ""seed"": 1, ""instrument"": ""EM210 #2 - COMPRESSOR""}"
2142,2026-01-01T00:07:10+00:00,current_l1,Corrente L1,MEDIÇÃO ELÉTRICA,2.375,A,VÁLIDA,SIMULADOR,1,"{""controller"": ""VIRTUAL_REFRIGERATION_MACHINE"", ""scenario_id"": ""CEN-61CD6C86"", ""execution_id"": ""EXE-58F3DF8977C2"", ""session_id"": ""DIA-F2F2AB2EDFB3"", ""seed"": 1, ""instrument"": ""EM210 #1 - TOTAL""}"
2143,2026-01-01T00:07:10+00:00,current_l2,Corrente L2,MEDIÇÃO ELÉTRICA,2.384,A,VÁLIDA,SIMULADOR,1,"{""controller"": ""VIRTUAL_REFRIGERATION_MACHINE"", ""scenario_id"": ""CEN-61CD6C86"", ""execution_id"": ""EXE-58F3DF8977C2"", ""session_id"": ""DIA-F2F2AB2EDFB3"", ""seed"": 1, ""instrument"": ""EM210 #1 - TOTAL""}"
2144,2026-01-01T00:07:10+00:00,current_l3,Corrente L3,MEDIÇÃO ELÉTRICA,2.372,A,VÁLIDA,SIMULADOR,1,"{""controller"": ""VIRTUAL_REFRIGERATION_MACHINE"", ""scenario_id"": ""CEN-61CD6C86"", ""execution_id"": ""EXE-58F3DF8977C2"", ""session_id"": ""DIA-F2F2AB2EDFB3"", ""seed"": 1, ""instrument"": ""EM210 #1 - TOTAL""}"
2145,2026-01-01T00:07:15+00:00,temperature_chamber,Temperatura da câmara,SENSORES,6.201316826636855,°C,VÁLIDA,SIMULADOR,1,"{""controller"": ""VIRTUAL_REFRIGERATION_MACHINE"", ""scenario_id"": ""CEN-61CD6C86"", ""execution_id"": ""EXE-58F3DF8977C2"", ""session_id"": ""DIA-F2F2AB2EDFB3"", ""seed"": 1, ""machine_state"": ""RECUPERACAO""}"
2146,2026-01-01T00:07:15+00:00,temperature_evaporator,Temperatura do evaporador,SENSORES,4.857089281267951,°C,VÁLIDA,SIMULADOR,1,"{""controller"": ""VIRTUAL_REFRIGERATION_MACHINE"", ""scenario_id"": ""CEN-61CD6C86"", ""execution_id"": ""EXE-58F3DF8977C2"", ""session_id"": ""DIA-F2F2AB2EDFB3"", ""seed"": 1, ""machine_state"": ""RECUPERACAO""}"
2147,2026-01-01T00:07:15+00:00,pressure_suction,Pressão de sucção,SENSORES,62.01741688147672,psi,VÁLIDA,SIMULADOR,1,"{""controller"": ""VIRTUAL_REFRIGERATION_MACHINE"", ""scenario_id"": ""CEN-61CD6C86"", ""execution_id"": ""EXE-58F3DF8977C2"", ""session_id"": ""DIA-F2F2AB2EDFB3"", ""seed"": 1, ""machine_state"": ""RECUPERACAO""}"
2148,2026-01-01T00:07:15+00:00,pressure_discharge,Pressão de descarga,SENSORES,151.68638283037046,psi,VÁLIDA,SIMULADOR,1,"{""controller"": ""VIRTUAL_REFRIGERATION_MACHINE"", ""scenario_id"": ""CEN-61CD6C86"", ""execution_id"": ""EXE-58F3DF8977C2"", ""session_id"": ""DIA-F2F2AB2EDFB3"", ""seed"": 1, ""machine_state"": ""RECUPERACAO""}"
2149,2026-01-01T00:07:15+00:00,compressor_command,Comando do compressor,I/O,1.0,bool,VÁLIDA,SIMULADOR,1,"{""controller"": ""VIRTUAL_REFRIGERATION_MACHINE"", ""scenario_id"": ""CEN-61CD6C86"", ""execution_id"": ""EXE-58F3DF8977C2"", ""session_id"": ""DIA-F2F2AB2EDFB3"", ""seed"": 1, ""machine_state"": ""RECUPERACAO""}"
2150,2026-01-01T00:07:15+00:00,compressor,Estado do compressor,I/O,0.0,bool,VÁLIDA,SIMULADOR,1,"{""controller"": ""VIRTUAL_REFRIGERATION_MACHINE"", ""scenario_id"": ""CEN-61CD6C86"", ""execution_id"": ""EXE-58F3DF8977C2"", ""session_id"": ""DIA-F2F2AB2EDFB3"", ""seed"": 1, ""machine_state"": ""RECUPERACAO""}"
2151,2026-01-01T00:07:15+00:00,evaporator_fan,Ventilador evaporador,I/O,1.0,bool,VÁLIDA,SIMULADOR,1,"{""controller"": ""VIRTUAL_REFRIGERATION_MACHINE"", ""scenario_id"": ""CEN-61CD6C86"", ""execution_id"": ""EXE-58F3DF8977C2"", ""session_id"": ""DIA-F2F2AB2EDFB3"", ""seed"": 1, ""machine_state"": ""RECUPERACAO""}"
2152,2026-01-01T00:07:15+00:00,condenser_fan,Ventilador condensador,I/O,1.0,bool,VÁLIDA,SIMULADOR,1,"{""controller"": ""VIRTUAL_REFRIGERATION_MACHINE"", ""scenario_id"": ""CEN-61CD6C86"", ""execution_id"": ""EXE-58F3DF8977C2"", ""session_id"": ""DIA-F2F2AB2EDFB3"", ""seed"": 1, ""machine_state"": ""RECUPERACAO""}"
2153,2026-01-01T00:07:15+00:00,defrost,Degelo,I/O,0.0,bool,VÁLIDA,SIMULADOR,1,"{""controller"": ""VIRTUAL_REFRIGERATION_MACHINE"", ""scenario_id"": ""CEN-61CD6C86"", ""execution_id"": ""EXE-58F3DF8977C2"", ""session_id"": ""DIA-F2F2AB2EDFB3"", ""seed"": 1, ""machine_state"": ""RECUPERACAO""}"
2154,2026-01-01T00:07:15+00:00,dripping,Gotejamento,I/O,0.0,bool,VÁLIDA,SIMULADOR,1,"{""controller"": ""VIRTUAL_REFRIGERATION_MACHINE"", ""scenario_id"": ""CEN-61CD6C86"", ""execution_id"": ""EXE-58F3DF8977C2"", ""session_id"": ""DIA-F2F2AB2EDFB3"", ""seed"": 1, ""machine_state"": ""RECUPERACAO""}"
2155,2026-01-01T00:07:15+00:00,communication,Comunicação simulada,COMUNICAÇÃO,1.0,bool,VÁLIDA,SIMULADOR,1,"{""controller"": ""VIRTUAL_REFRIGERATION_MACHINE"", ""scenario_id"": ""CEN-61CD6C86"", ""execution_id"": ""EXE-58F3DF8977C2"", ""session_id"": ""DIA-F2F2AB2EDFB3"", ""seed"": 1, ""machine_state"": ""RECUPERACAO""}"
2156,2026-01-01T00:07:15+00:00,current_total,Corrente total da máquina,MEDIÇÃO ELÉTRICA,7.142,A,VÁLIDA,SIMULADOR,1,"{""controller"": ""VIRTUAL_REFRIGERATION_MACHINE"", ""scenario_id"": ""CEN-61CD6C86"", ""execution_id"": ""EXE-58F3DF8977C2"", ""session_id"": ""DIA-F2F2AB2EDFB3"", ""seed"": 1, ""instrument"": ""EM210 #1 - TOTAL""}"
2157,2026-01-01T00:07:15+00:00,current_compressor,Corrente do compressor,MEDIÇÃO ELÉTRICA,0.153,A,VÁLIDA,SIMULADOR,1,"{""controller"": ""VIRTUAL_REFRIGERATION_MACHINE"", ""scenario_id"": ""CEN-61CD6C86"", ""execution_id"": ""EXE-58F3DF8977C2"", ""session_id"": ""DIA-F2F2AB2EDFB3"", ""seed"": 1, ""instrument"": ""EM210 #2 - COMPRESSOR""}"
2158,2026-01-01T00:07:15+00:00,current_l1,Corrente L1,MEDIÇÃO ELÉTRICA,2.366,A,VÁLIDA,SIMULADOR,1,"{""controller"": ""VIRTUAL_REFRIGERATION_MACHINE"", ""scenario_id"": ""CEN-61CD6C86"", ""execution_id"": ""EXE-58F3DF8977C2"", ""session_id"": ""DIA-F2F2AB2EDFB3"", ""seed"": 1, ""instrument"": ""EM210 #1 - TOTAL""}"
2159,2026-01-01T00:07:15+00:00,current_l2,Corrente L2,MEDIÇÃO ELÉTRICA,2.372,A,VÁLIDA,SIMULADOR,1,"{""controller"": ""VIRTUAL_REFRIGERATION_MACHINE"", ""scenario_id"": ""CEN-61CD6C86"", ""execution_id"": ""EXE-58F3DF8977C2"", ""session_id"": ""DIA-F2F2AB2EDFB3"", ""seed"": 1, ""instrument"": ""EM210 #1 - TOTAL""}"
2160,2026-01-01T00:07:15+00:00,current_l3,Corrente L3,MEDIÇÃO ELÉTRICA,2.375,A,VÁLIDA,SIMULADOR,1,"{""controller"": ""VIRTUAL_REFRIGERATION_MACHINE"", ""scenario_id"": ""CEN-61CD6C86"", ""execution_id"": ""EXE-58F3DF8977C2"", ""session_id"": ""DIA-F2F2AB2EDFB3"", ""seed"": 1, ""instrument"": ""EM210 #1 - TOTAL""}"
2161,2026-01-01T00:07:20+00:00,temperature_chamber,Temperatura da câmara,SENSORES,6.259303658370487,°C,VÁLIDA,SIMULADOR,1,"{""controller"": ""VIRTUAL_REFRIGERATION_MACHINE"", ""scenario_id"": ""CEN-61CD6C86"", ""execution_id"": ""EXE-58F3DF8977C2"", ""session_id"": ""DIA-F2F2AB2EDFB3"", ""seed"": 1, ""machine_state"": ""RECUPERACAO""}"
2162,2026-01-01T00:07:20+00:00,temperature_evaporator,Temperatura do evaporador,SENSORES,4.9272000001230785,°C,VÁLIDA,SIMULADOR,1,"{""controller"": ""VIRTUAL_REFRIGERATION_MACHINE"", ""scenario_id"": ""CEN-61CD6C86"", ""execution_id"": ""EXE-58F3DF8977C2"", ""session_id"": ""DIA-F2F2AB2EDFB3"", ""seed"": 1, ""machine_state"": ""RECUPERACAO""}"
2163,2026-01-01T00:07:20+00:00,pressure_suction,Pressão de sucção,SENSORES,64.81567519332904,psi,VÁLIDA,SIMULADOR,1,"{""controller"": ""VIRTUAL_REFRIGERATION_MACHINE"", ""scenario_id"": ""CEN-61CD6C86"", ""execution_id"": ""EXE-58F3DF8977C2"", ""session_id"": ""DIA-F2F2AB2EDFB3"", ""seed"": 1, ""machine_state"": ""RECUPERACAO""}"
2164,2026-01-01T00:07:20+00:00,pressure_discharge,Pressão de descarga,SENSORES,145.51774454733342,psi,VÁLIDA,SIMULADOR,1,"{""controller"": ""VIRTUAL_REFRIGERATION_MACHINE"", ""scenario_id"": ""CEN-61CD6C86"", ""execution_id"": ""EXE-58F3DF8977C2"", ""session_id"": ""DIA-F2F2AB2EDFB3"", ""seed"": 1, ""machine_state"": ""RECUPERACAO""}"
2165,2026-01-01T00:07:20+00:00,compressor_command,Comando do compressor,I/O,1.0,bool,VÁLIDA,SIMULADOR,1,"{""controller"": ""VIRTUAL_REFRIGERATION_MACHINE"", ""scenario_id"": ""CEN-61CD6C86"", ""execution_id"": ""EXE-58F3DF8977C2"", ""session_id"": ""DIA-F2F2AB2EDFB3"", ""seed"": 1, ""machine_state"": ""RECUPERACAO""}"
2166,2026-01-01T00:07:20+00:00,compressor,Estado do compressor,I/O,0.0,bool,VÁLIDA,SIMULADOR,1,"{""controller"": ""VIRTUAL_REFRIGERATION_MACHINE"", ""scenario_id"": ""CEN-61CD6C86"", ""execution_id"": ""EXE-58F3DF8977C2"", ""session_id"": ""DIA-F2F2AB2EDFB3"", ""seed"": 1, ""machine_state"": ""RECUPERACAO""}"
2167,2026-01-01T00:07:20+00:00,evaporator_fan,Ventilador evaporador,I/O,1.0,bool,VÁLIDA,SIMULADOR,1,"{""controller"": ""VIRTUAL_REFRIGERATION_MACHINE"", ""scenario_id"": ""CEN-61CD6C86"", ""execution_id"": ""EXE-58F3DF8977C2"", ""session_id"": ""DIA-F2F2AB2EDFB3"", ""seed"": 1, ""machine_state"": ""RECUPERACAO""}"
2168,2026-01-01T00:07:20+00:00,condenser_fan,Ventilador condensador,I/O,1.0,bool,VÁLIDA,SIMULADOR,1,"{""controller"": ""VIRTUAL_REFRIGERATION_MACHINE"", ""scenario_id"": ""CEN-61CD6C86"", ""execution_id"": ""EXE-58F3DF8977C2"", ""session_id"": ""DIA-F2F2AB2EDFB3"", ""seed"": 1, ""machine_state"": ""RECUPERACAO""}"
2169,2026-01-01T00:07:20+00:00,defrost,Degelo,I/O,0.0,bool,VÁLIDA,SIMULADOR,1,"{""controller"": ""VIRTUAL_REFRIGERATION_MACHINE"", ""scenario_id"": ""CEN-61CD6C86"", ""execution_id"": ""EXE-58F3DF8977C2"", ""session_id"": ""DIA-F2F2AB2EDFB3"", ""seed"": 1, ""machine_state"": ""RECUPERACAO""}"
2170,2026-01-01T00:07:20+00:00,dripping,Gotejamento,I/O,0.0,bool,VÁLIDA,SIMULADOR,1,"{""controller"": ""VIRTUAL_REFRIGERATION_MACHINE"", ""scenario_id"": ""CEN-61CD6C86"", ""execution_id"": ""EXE-58F3DF8977C2"", ""session_id"": ""DIA-F2F2AB2EDFB3"", ""seed"": 1, ""machine_state"": ""RECUPERACAO""}"
2171,2026-01-01T00:07:20+00:00,communication,Comunicação simulada,COMUNICAÇÃO,1.0,bool,VÁLIDA,SIMULADOR,1,"{""controller"": ""VIRTUAL_REFRIGERATION_MACHINE"", ""scenario_id"": ""CEN-61CD6C86"", ""execution_id"": ""EXE-58F3DF8977C2"", ""session_id"": ""DIA-F2F2AB2EDFB3"", ""seed"": 1, ""machine_state"": ""RECUPERACAO""}"
2172,2026-01-01T00:07:20+00:00,current_total,Corrente total da máquina,MEDIÇÃO ELÉTRICA,7.15,A,VÁLIDA,SIMULADOR,1,"{""controller"": ""VIRTUAL_REFRIGERATION_MACHINE"", ""scenario_id"": ""CEN-61CD6C86"", ""execution_id"": ""EXE-58F3DF8977C2"", ""session_id"": ""DIA-F2F2AB2EDFB3"", ""seed"": 1, ""instrument"": ""EM210 #1 - TOTAL""}"
2173,2026-01-01T00:07:20+00:00,current_compressor,Corrente do compressor,MEDIÇÃO ELÉTRICA,0.141,A,VÁLIDA,SIMULADOR,1,"{""controller"": ""VIRTUAL_REFRIGERATION_MACHINE"", ""scenario_id"": ""CEN-61CD6C86"", ""execution_id"": ""EXE-58F3DF8977C2"", ""session_id"": ""DIA-F2F2AB2EDFB3"", ""seed"": 1, ""instrument"": ""EM210 #2 - COMPRESSOR""}"
2174,2026-01-01T00:07:20+00:00,current_l1,Corrente L1,MEDIÇÃO ELÉTRICA,2.366,A,VÁLIDA,SIMULADOR,1,"{""controller"": ""VIRTUAL_REFRIGERATION_MACHINE"", ""scenario_id"": ""CEN-61CD6C86"", ""execution_id"": ""EXE-58F3DF8977C2"", ""session_id"": ""DIA-F2F2AB2EDFB3"", ""seed"": 1, ""instrument"": ""EM210 #1 - TOTAL""}"
2175,2026-01-01T00:07:20+00:00,current_l2,Corrente L2,MEDIÇÃO ELÉTRICA,2.402,A,VÁLIDA,SIMULADOR,1,"{""controller"": ""VIRTUAL_REFRIGERATION_MACHINE"", ""scenario_id"": ""CEN-61CD6C86"", ""execution_id"": ""EXE-58F3DF8977C2"", ""session_id"": ""DIA-F2F2AB2EDFB3"", ""seed"": 1, ""instrument"": ""EM210 #1 - TOTAL""}"
2176,2026-01-01T00:07:20+00:00,current_l3,Corrente L3,MEDIÇÃO ELÉTRICA,2.375,A,VÁLIDA,SIMULADOR,1,"{""controller"": ""VIRTUAL_REFRIGERATION_MACHINE"", ""scenario_id"": ""CEN-61CD6C86"", ""execution_id"": ""EXE-58F3DF8977C2"", ""session_id"": ""DIA-F2F2AB2EDFB3"", ""seed"": 1, ""instrument"": ""EM210 #1 - TOTAL""}"
2177,2026-01-01T00:07:25+00:00,temperature_chamber,Temperatura da câmara,SENSORES,6.3167106217867826,°C,VÁLIDA,SIMULADOR,1,"{""controller"": ""VIRTUAL_REFRIGERATION_MACHINE"", ""scenario_id"": ""CEN-61CD6C86"", ""execution_id"": ""EXE-58F3DF8977C2"", ""session_id"": ""DIA-F2F2AB2EDFB3"", ""seed"": 1, ""machine_state"": ""RECUPERACAO""}"
2178,2026-01-01T00:07:25+00:00,temperature_evaporator,Temperatura do evaporador,SENSORES,4.996675531206264,°C,VÁLIDA,SIMULADOR,1,"{""controller"": ""VIRTUAL_REFRIGERATION_MACHINE"", ""scenario_id"": ""CEN-61CD6C86"", ""execution_id"": ""EXE-58F3DF8977C2"", ""session_id"": ""DIA-F2F2AB2EDFB3"", ""seed"": 1, ""machine_state"": ""RECUPERACAO""}"
2179,2026-01-01T00:07:25+00:00,pressure_suction,Pressão de sucção,SENSORES,67.33410767399614,psi,VÁLIDA,SIMULADOR,1,"{""controller"": ""VIRTUAL_REFRIGERATION_MACHINE"", ""scenario_id"": ""CEN-61CD6C86"", ""execution_id"": ""EXE-58F3DF8977C2"", ""session_id"": ""DIA-F2F2AB2EDFB3"", ""seed"": 1, ""machine_state"": ""RECUPERACAO""}"
2180,2026-01-01T00:07:25+00:00,pressure_discharge,Pressão de descarga,SENSORES,139.9659700926001,psi,VÁLIDA,SIMULADOR,1,"{""controller"": ""VIRTUAL_REFRIGERATION_MACHINE"", ""scenario_id"": ""CEN-61CD6C86"", ""execution_id"": ""EXE-58F3DF8977C2"", ""session_id"": ""DIA-F2F2AB2EDFB3"", ""seed"": 1, ""machine_state"": ""RECUPERACAO""}"
2181,2026-01-01T00:07:25+00:00,compressor_command,Comando do compressor,I/O,1.0,bool,VÁLIDA,SIMULADOR,1,"{""controller"": ""VIRTUAL_REFRIGERATION_MACHINE"", ""scenario_id"": ""CEN-61CD6C86"", ""execution_id"": ""EXE-58F3DF8977C2"", ""session_id"": ""DIA-F2F2AB2EDFB3"", ""seed"": 1, ""machine_state"": ""RECUPERACAO""}"
2182,2026-01-01T00:07:25+00:00,compressor,Estado do compressor,I/O,0.0,bool,VÁLIDA,SIMULADOR,1,"{""controller"": ""VIRTUAL_REFRIGERATION_MACHINE"", ""scenario_id"": ""CEN-61CD6C86"", ""execution_id"": ""EXE-58F3DF8977C2"", ""session_id"": ""DIA-F2F2AB2EDFB3"", ""seed"": 1, ""machine_state"": ""RECUPERACAO""}"
2183,2026-01-01T00:07:25+00:00,evaporator_fan,Ventilador evaporador,I/O,1.0,bool,VÁLIDA,SIMULADOR,1,"{""controller"": ""VIRTUAL_REFRIGERATION_MACHINE"", ""scenario_id"": ""CEN-61CD6C86"", ""execution_id"": ""EXE-58F3DF8977C2"", ""session_id"": ""DIA-F2F2AB2EDFB3"", ""seed"": 1, ""machine_state"": ""RECUPERACAO""}"
2184,2026-01-01T00:07:25+00:00,condenser_fan,Ventilador condensador,I/O,1.0,bool,VÁLIDA,SIMULADOR,1,"{""controller"": ""VIRTUAL_REFRIGERATION_MACHINE"", ""scenario_id"": ""CEN-61CD6C86"", ""execution_id"": ""EXE-58F3DF8977C2"", ""session_id"": ""DIA-F2F2AB2EDFB3"", ""seed"": 1, ""machine_state"": ""RECUPERACAO""}"
2185,2026-01-01T00:07:25+00:00,defrost,Degelo,I/O,0.0,bool,VÁLIDA,SIMULADOR,1,"{""controller"": ""VIRTUAL_REFRIGERATION_MACHINE"", ""scenario_id"": ""CEN-61CD6C86"", ""execution_id"": ""EXE-58F3DF8977C2"", ""session_id"": ""DIA-F2F2AB2EDFB3"", ""seed"": 1, ""machine_state"": ""RECUPERACAO""}"
2186,2026-01-01T00:07:25+00:00,dripping,Gotejamento,I/O,0.0,bool,VÁLIDA,SIMULADOR,1,"{""controller"": ""VIRTUAL_REFRIGERATION_MACHINE"", ""scenario_id"": ""CEN-61CD6C86"", ""execution_id"": ""EXE-58F3DF8977C2"", ""session_id"": ""DIA-F2F2AB2EDFB3"", ""seed"": 1, ""machine_state"": ""RECUPERACAO""}"
2187,2026-01-01T00:07:25+00:00,communication,Comunicação simulada,COMUNICAÇÃO,1.0,bool,VÁLIDA,SIMULADOR,1,"{""controller"": ""VIRTUAL_REFRIGERATION_MACHINE"", ""scenario_id"": ""CEN-61CD6C86"", ""execution_id"": ""EXE-58F3DF8977C2"", ""session_id"": ""DIA-F2F2AB2EDFB3"", ""seed"": 1, ""machine_state"": ""RECUPERACAO""}"
2188,2026-01-01T00:07:25+00:00,current_total,Corrente total da máquina,MEDIÇÃO ELÉTRICA,7.15,A,VÁLIDA,SIMULADOR,1,"{""controller"": ""VIRTUAL_REFRIGERATION_MACHINE"", ""scenario_id"": ""CEN-61CD6C86"", ""execution_id"": ""EXE-58F3DF8977C2"", ""session_id"": ""DIA-F2F2AB2EDFB3"", ""seed"": 1, ""instrument"": ""EM210 #1 - TOTAL""}"
2189,2026-01-01T00:07:25+00:00,current_compressor,Corrente do compressor,MEDIÇÃO ELÉTRICA,0.163,A,VÁLIDA,SIMULADOR,1,"{""controller"": ""VIRTUAL_REFRIGERATION_MACHINE"", ""scenario_id"": ""CEN-61CD6C86"", ""execution_id"": ""EXE-58F3DF8977C2"", ""session_id"": ""DIA-F2F2AB2EDFB3"", ""seed"": 1, ""instrument"": ""EM210 #2 - COMPRESSOR""}"
2190,2026-01-01T00:07:25+00:00,current_l1,Corrente L1,MEDIÇÃO ELÉTRICA,2.378,A,VÁLIDA,SIMULADOR,1,"{""controller"": ""VIRTUAL_REFRIGERATION_MACHINE"", ""scenario_id"": ""CEN-61CD6C86"", ""execution_id"": ""EXE-58F3DF8977C2"", ""session_id"": ""DIA-F2F2AB2EDFB3"", ""seed"": 1, ""instrument"": ""EM210 #1 - TOTAL""}"
2191,2026-01-01T00:07:25+00:00,current_l2,Corrente L2,MEDIÇÃO ELÉTRICA,2.388,A,VÁLIDA,SIMULADOR,1,"{""controller"": ""VIRTUAL_REFRIGERATION_MACHINE"", ""scenario_id"": ""CEN-61CD6C86"", ""execution_id"": ""EXE-58F3DF8977C2"", ""session_id"": ""DIA-F2F2AB2EDFB3"", ""seed"": 1, ""instrument"": ""EM210 #1 - TOTAL""}"
2192,2026-01-01T00:07:25+00:00,current_l3,Corrente L3,MEDIÇÃO ELÉTRICA,2.378,A,VÁLIDA,SIMULADOR,1,"{""controller"": ""VIRTUAL_REFRIGERATION_MACHINE"", ""scenario_id"": ""CEN-61CD6C86"", ""execution_id"": ""EXE-58F3DF8977C2"", ""session_id"": ""DIA-F2F2AB2EDFB3"", ""seed"": 1, ""instrument"": ""EM210 #1 - TOTAL""}"
2193,2026-01-01T00:07:30+00:00,temperature_chamber,Temperatura da câmara,SENSORES,6.373543515568914,°C,VÁLIDA,SIMULADOR,1,"{""controller"": ""VIRTUAL_REFRIGERATION_MACHINE"", ""scenario_id"": ""CEN-61CD6C86"", ""execution_id"": ""EXE-58F3DF8977C2"", ""session_id"": ""DIA-F2F2AB2EDFB3"", ""seed"": 1, ""machine_state"": ""RECUPERACAO""}"
2194,2026-01-01T00:07:30+00:00,temperature_evaporator,Temperatura do evaporador,SENSORES,5.065518930424396,°C,VÁLIDA,SIMULADOR,1,"{""controller"": ""VIRTUAL_REFRIGERATION_MACHINE"", ""scenario_id"": ""CEN-61CD6C86"", ""execution_id"": ""EXE-58F3DF8977C2"", ""session_id"": ""DIA-F2F2AB2EDFB3"", ""seed"": 1, ""machine_state"": ""RECUPERACAO""}"
2195,2026-01-01T00:07:30+00:00,pressure_suction,Pressão de sucção,SENSORES,69.60069690659653,psi,VÁLIDA,SIMULADOR,1,"{""controller"": ""VIRTUAL_REFRIGERATION_MACHINE"", ""scenario_id"": ""CEN-61CD6C86"", ""execution_id"": ""EXE-58F3DF8977C2"", ""session_id"": ""DIA-F2F2AB2EDFB3"", ""seed"": 1, ""machine_state"": ""RECUPERACAO""}"
2196,2026-01-01T00:07:30+00:00,pressure_discharge,Pressão de descarga,SENSORES,134.9693730833401,psi,VÁLIDA,SIMULADOR,1,"{""controller"": ""VIRTUAL_REFRIGERATION_MACHINE"", ""scenario_id"": ""CEN-61CD6C86"", ""execution_id"": ""EXE-58F3DF8977C2"", ""session_id"": ""DIA-F2F2AB2EDFB3"", ""seed"": 1, ""machine_state"": ""RECUPERACAO""}"
2197,2026-01-01T00:07:30+00:00,compressor_command,Comando do compressor,I/O,1.0,bool,VÁLIDA,SIMULADOR,1,"{""controller"": ""VIRTUAL_REFRIGERATION_MACHINE"", ""scenario_id"": ""CEN-61CD6C86"", ""execution_id"": ""EXE-58F3DF8977C2"", ""session_id"": ""DIA-F2F2AB2EDFB3"", ""seed"": 1, ""machine_state"": ""RECUPERACAO""}"
2198,2026-01-01T00:07:30+00:00,compressor,Estado do compressor,I/O,0.0,bool,VÁLIDA,SIMULADOR,1,"{""controller"": ""VIRTUAL_REFRIGERATION_MACHINE"", ""scenario_id"": ""CEN-61CD6C86"", ""execution_id"": ""EXE-58F3DF8977C2"", ""session_id"": ""DIA-F2F2AB2EDFB3"", ""seed"": 1, ""machine_state"": ""RECUPERACAO""}"
2199,2026-01-01T00:07:30+00:00,evaporator_fan,Ventilador evaporador,I/O,1.0,bool,VÁLIDA,SIMULADOR,1,"{""controller"": ""VIRTUAL_REFRIGERATION_MACHINE"", ""scenario_id"": ""CEN-61CD6C86"", ""execution_id"": ""EXE-58F3DF8977C2"", ""session_id"": ""DIA-F2F2AB2EDFB3"", ""seed"": 1, ""machine_state"": ""RECUPERACAO""}"
2200,2026-01-01T00:07:30+00:00,condenser_fan,Ventilador condensador,I/O,1.0,bool,VÁLIDA,SIMULADOR,1,"{""controller"": ""VIRTUAL_REFRIGERATION_MACHINE"", ""scenario_id"": ""CEN-61CD6C86"", ""execution_id"": ""EXE-58F3DF8977C2"", ""session_id"": ""DIA-F2F2AB2EDFB3"", ""seed"": 1, ""machine_state"": ""RECUPERACAO""}"
2201,2026-01-01T00:07:30+00:00,defrost,Degelo,I/O,0.0,bool,VÁLIDA,SIMULADOR,1,"{""controller"": ""VIRTUAL_REFRIGERATION_MACHINE"", ""scenario_id"": ""CEN-61CD6C86"", ""execution_id"": ""EXE-58F3DF8977C2"", ""session_id"": ""DIA-F2F2AB2EDFB3"", ""seed"": 1, ""machine_state"": ""RECUPERACAO""}"
2202,2026-01-01T00:07:30+00:00,dripping,Gotejamento,I/O,0.0,bool,VÁLIDA,SIMULADOR,1,"{""controller"": ""VIRTUAL_REFRIGERATION_MACHINE"", ""scenario_id"": ""CEN-61CD6C86"", ""execution_id"": ""EXE-58F3DF8977C2"", ""session_id"": ""DIA-F2F2AB2EDFB3"", ""seed"": 1, ""machine_state"": ""RECUPERACAO""}"
2203,2026-01-01T00:07:30+00:00,communication,Comunicação simulada,COMUNICAÇÃO,1.0,bool,VÁLIDA,SIMULADOR,1,"{""controller"": ""VIRTUAL_REFRIGERATION_MACHINE"", ""scenario_id"": ""CEN-61CD6C86"", ""execution_id"": ""EXE-58F3DF8977C2"", ""session_id"": ""DIA-F2F2AB2EDFB3"", ""seed"": 1, ""machine_state"": ""RECUPERACAO""}"
2204,2026-01-01T00:07:30+00:00,current_total,Corrente total da máquina,MEDIÇÃO ELÉTRICA,7.16,A,VÁLIDA,SIMULADOR,1,"{""controller"": ""VIRTUAL_REFRIGERATION_MACHINE"", ""scenario_id"": ""CEN-61CD6C86"", ""execution_id"": ""EXE-58F3DF8977C2"", ""session_id"": ""DIA-F2F2AB2EDFB3"", ""seed"": 1, ""instrument"": ""EM210 #1 - TOTAL""}"
2205,2026-01-01T00:07:30+00:00,current_compressor,Corrente do compressor,MEDIÇÃO ELÉTRICA,0.166,A,VÁLIDA,SIMULADOR,1,"{""controller"": ""VIRTUAL_REFRIGERATION_MACHINE"", ""scenario_id"": ""CEN-61CD6C86"", ""execution_id"": ""EXE-58F3DF8977C2"", ""session_id"": ""DIA-F2F2AB2EDFB3"", ""seed"": 1, ""instrument"": ""EM210 #2 - COMPRESSOR""}"
2206,2026-01-01T00:07:30+00:00,current_l1,Corrente L1,MEDIÇÃO ELÉTRICA,2.402,A,VÁLIDA,SIMULADOR,1,"{""controller"": ""VIRTUAL_REFRIGERATION_MACHINE"", ""scenario_id"": ""CEN-61CD6C86"", ""execution_id"": ""EXE-58F3DF8977C2"", ""session_id"": ""DIA-F2F2AB2EDFB3"", ""seed"": 1, ""instrument"": ""EM210 #1 - TOTAL""}"
2207,2026-01-01T00:07:30+00:00,current_l2,Corrente L2,MEDIÇÃO ELÉTRICA,2.397,A,VÁLIDA,SIMULADOR,1,"{""controller"": ""VIRTUAL_REFRIGERATION_MACHINE"", ""scenario_id"": ""CEN-61CD6C86"", ""execution_id"": ""EXE-58F3DF8977C2"", ""session_id"": ""DIA-F2F2AB2EDFB3"", ""seed"": 1, ""instrument"": ""EM210 #1 - TOTAL""}"
2208,2026-01-01T00:07:30+00:00,current_l3,Corrente L3,MEDIÇÃO ELÉTRICA,2.389,A,VÁLIDA,SIMULADOR,1,"{""controller"": ""VIRTUAL_REFRIGERATION_MACHINE"", ""scenario_id"": ""CEN-61CD6C86"", ""execution_id"": ""EXE-58F3DF8977C2"", ""session_id"": ""DIA-F2F2AB2EDFB3"", ""seed"": 1, ""instrument"": ""EM210 #1 - TOTAL""}"
2209,2026-01-01T00:07:35+00:00,temperature_chamber,Temperatura da câmara,SENSORES,6.429808080413225,°C,VÁLIDA,SIMULADOR,1,"{""controller"": ""VIRTUAL_REFRIGERATION_MACHINE"", ""scenario_id"": ""CEN-61CD6C86"", ""execution_id"": ""EXE-58F3DF8977C2"", ""session_id"": ""DIA-F2F2AB2EDFB3"", ""seed"": 1, ""machine_state"": ""RECUPERACAO""}"
2210,2026-01-01T00:07:35+00:00,temperature_evaporator,Temperatura do evaporador,SENSORES,5.133733387923837,°C,VÁLIDA,SIMULADOR,1,"{""controller"": ""VIRTUAL_REFRIGERATION_MACHINE"", ""scenario_id"": ""CEN-61CD6C86"", ""execution_id"": ""EXE-58F3DF8977C2"", ""session_id"": ""DIA-F2F2AB2EDFB3"", ""seed"": 1, ""machine_state"": ""RECUPERACAO""}"
2211,2026-01-01T00:07:35+00:00,pressure_suction,Pressão de sucção,SENSORES,71.64062721593687,psi,VÁLIDA,SIMULADOR,1,"{""controller"": ""VIRTUAL_REFRIGERATION_MACHINE"", ""scenario_id"": ""CEN-61CD6C86"", ""execution_id"": ""EXE-58F3DF8977C2"", ""session_id"": ""DIA-F2F2AB2EDFB3"", ""seed"": 1, ""machine_state"": ""RECUPERACAO""}"
2212,2026-01-01T00:07:35+00:00,pressure_discharge,Pressão de descarga,SENSORES,130.4724357750061,psi,VÁLIDA,SIMULADOR,1,"{""controller"": ""VIRTUAL_REFRIGERATION_MACHINE"", ""scenario_id"": ""CEN-61CD6C86"", ""execution_id"": ""EXE-58F3DF8977C2"", ""session_id"": ""DIA-F2F2AB2EDFB3"", ""seed"": 1, ""machine_state"": ""RECUPERACAO""}"
2213,2026-01-01T00:07:35+00:00,compressor_command,Comando do compressor,I/O,1.0,bool,VÁLIDA,SIMULADOR,1,"{""controller"": ""VIRTUAL_REFRIGERATION_MACHINE"", ""scenario_id"": ""CEN-61CD6C86"", ""execution_id"": ""EXE-58F3DF8977C2"", ""session_id"": ""DIA-F2F2AB2EDFB3"", ""seed"": 1, ""machine_state"": ""RECUPERACAO""}"
2214,2026-01-01T00:07:35+00:00,compressor,Estado do compressor,I/O,0.0,bool,VÁLIDA,SIMULADOR,1,"{""controller"": ""VIRTUAL_REFRIGERATION_MACHINE"", ""scenario_id"": ""CEN-61CD6C86"", ""execution_id"": ""EXE-58F3DF8977C2"", ""session_id"": ""DIA-F2F2AB2EDFB3"", ""seed"": 1, ""machine_state"": ""RECUPERACAO""}"
2215,2026-01-01T00:07:35+00:00,evaporator_fan,Ventilador evaporador,I/O,1.0,bool,VÁLIDA,SIMULADOR,1,"{""controller"": ""VIRTUAL_REFRIGERATION_MACHINE"", ""scenario_id"": ""CEN-61CD6C86"", ""execution_id"": ""EXE-58F3DF8977C2"", ""session_id"": ""DIA-F2F2AB2EDFB3"", ""seed"": 1, ""machine_state"": ""RECUPERACAO""}"
2216,2026-01-01T00:07:35+00:00,condenser_fan,Ventilador condensador,I/O,1.0,bool,VÁLIDA,SIMULADOR,1,"{""controller"": ""VIRTUAL_REFRIGERATION_MACHINE"", ""scenario_id"": ""CEN-61CD6C86"", ""execution_id"": ""EXE-58F3DF8977C2"", ""session_id"": ""DIA-F2F2AB2EDFB3"", ""seed"": 1, ""machine_state"": ""RECUPERACAO""}"
2217,2026-01-01T00:07:35+00:00,defrost,Degelo,I/O,0.0,bool,VÁLIDA,SIMULADOR,1,"{""controller"": ""VIRTUAL_REFRIGERATION_MACHINE"", ""scenario_id"": ""CEN-61CD6C86"", ""execution_id"": ""EXE-58F3DF8977C2"", ""session_id"": ""DIA-F2F2AB2EDFB3"", ""seed"": 1, ""machine_state"": ""RECUPERACAO""}"
2218,2026-01-01T00:07:35+00:00,dripping,Gotejamento,I/O,0.0,bool,VÁLIDA,SIMULADOR,1,"{""controller"": ""VIRTUAL_REFRIGERATION_MACHINE"", ""scenario_id"": ""CEN-61CD6C86"", ""execution_id"": ""EXE-58F3DF8977C2"", ""session_id"": ""DIA-F2F2AB2EDFB3"", ""seed"": 1, ""machine_state"": ""RECUPERACAO""}"
2219,2026-01-01T00:07:35+00:00,communication,Comunicação simulada,COMUNICAÇÃO,1.0,bool,VÁLIDA,SIMULADOR,1,"{""controller"": ""VIRTUAL_REFRIGERATION_MACHINE"", ""scenario_id"": ""CEN-61CD6C86"", ""execution_id"": ""EXE-58F3DF8977C2"", ""session_id"": ""DIA-F2F2AB2EDFB3"", ""seed"": 1, ""machine_state"": ""RECUPERACAO""}"
2220,2026-01-01T00:07:35+00:00,current_total,Corrente total da máquina,MEDIÇÃO ELÉTRICA,7.16,A,VÁLIDA,SIMULADOR,1,"{""controller"": ""VIRTUAL_REFRIGERATION_MACHINE"", ""scenario_id"": ""CEN-61CD6C86"", ""execution_id"": ""EXE-58F3DF8977C2"", ""session_id"": ""DIA-F2F2AB2EDFB3"", ""seed"": 1, ""instrument"": ""EM210 #1 - TOTAL""}"
2221,2026-01-01T00:07:35+00:00,current_compressor,Corrente do compressor,MEDIÇÃO ELÉTRICA,0.156,A,VÁLIDA,SIMULADOR,1,"{""controller"": ""VIRTUAL_REFRIGERATION_MACHINE"", ""scenario_id"": ""CEN-61CD6C86"", ""execution_id"": ""EXE-58F3DF8977C2"", ""session_id"": ""DIA-F2F2AB2EDFB3"", ""seed"": 1, ""instrument"": ""EM210 #2 - COMPRESSOR""}"
2222,2026-01-01T00:07:35+00:00,current_l1,Corrente L1,MEDIÇÃO ELÉTRICA,2.377,A,VÁLIDA,SIMULADOR,1,"{""controller"": ""VIRTUAL_REFRIGERATION_MACHINE"", ""scenario_id"": ""CEN-61CD6C86"", ""execution_id"": ""EXE-58F3DF8977C2"", ""session_id"": ""DIA-F2F2AB2EDFB3"", ""seed"": 1, ""instrument"": ""EM210 #1 - TOTAL""}"
2223,2026-01-01T00:07:35+00:00,current_l2,Corrente L2,MEDIÇÃO ELÉTRICA,2.388,A,VÁLIDA,SIMULADOR,1,"{""controller"": ""VIRTUAL_REFRIGERATION_MACHINE"", ""scenario_id"": ""CEN-61CD6C86"", ""execution_id"": ""EXE-58F3DF8977C2"", ""session_id"": ""DIA-F2F2AB2EDFB3"", ""seed"": 1, ""instrument"": ""EM210 #1 - TOTAL""}"
2224,2026-01-01T00:07:35+00:00,current_l3,Corrente L3,MEDIÇÃO ELÉTRICA,2.376,A,VÁLIDA,SIMULADOR,1,"{""controller"": ""VIRTUAL_REFRIGERATION_MACHINE"", ""scenario_id"": ""CEN-61CD6C86"", ""execution_id"": ""EXE-58F3DF8977C2"", ""session_id"": ""DIA-F2F2AB2EDFB3"", ""seed"": 1, ""instrument"": ""EM210 #1 - TOTAL""}"
2225,2026-01-01T00:07:40+00:00,temperature_chamber,Temperatura da câmara,SENSORES,6.485509999609093,°C,VÁLIDA,SIMULADOR,1,"{""controller"": ""VIRTUAL_REFRIGERATION_MACHINE"", ""scenario_id"": ""CEN-61CD6C86"", ""execution_id"": ""EXE-58F3DF8977C2"", ""session_id"": ""DIA-F2F2AB2EDFB3"", ""seed"": 1, ""machine_state"": ""RECUPERACAO""}"
2226,2026-01-01T00:07:40+00:00,temperature_evaporator,Temperatura do evaporador,SENSORES,5.2013222185081,°C,VÁLIDA,SIMULADOR,1,"{""controller"": ""VIRTUAL_REFRIGERATION_MACHINE"", ""scenario_id"": ""CEN-61CD6C86"", ""execution_id"": ""EXE-58F3DF8977C2"", ""session_id"": ""DIA-F2F2AB2EDFB3"", ""seed"": 1, ""machine_state"": ""RECUPERACAO""}"
2227,2026-01-01T00:07:40+00:00,pressure_suction,Pressão de sucção,SENSORES,73.4765644943432,psi,VÁLIDA,SIMULADOR,1,"{""controller"": ""VIRTUAL_REFRIGERATION_MACHINE"", ""scenario_id"": ""CEN-61CD6C86"", ""execution_id"": ""EXE-58F3DF8977C2"", ""session_id"": ""DIA-F2F2AB2EDFB3"", ""seed"": 1, ""machine_state"": ""RECUPERACAO""}"
2228,2026-01-01T00:07:40+00:00,pressure_discharge,Pressão de descarga,SENSORES,126.42519219750548,psi,VÁLIDA,SIMULADOR,1,"{""controller"": ""VIRTUAL_REFRIGERATION_MACHINE"", ""scenario_id"": ""CEN-61CD6C86"", ""execution_id"": ""EXE-58F3DF8977C2"", ""session_id"": ""DIA-F2F2AB2EDFB3"", ""seed"": 1, ""machine_state"": ""RECUPERACAO""}"
2229,2026-01-01T00:07:40+00:00,compressor_command,Comando do compressor,I/O,1.0,bool,VÁLIDA,SIMULADOR,1,"{""controller"": ""VIRTUAL_REFRIGERATION_MACHINE"", ""scenario_id"": ""CEN-61CD6C86"", ""execution_id"": ""EXE-58F3DF8977C2"", ""session_id"": ""DIA-F2F2AB2EDFB3"", ""seed"": 1, ""machine_state"": ""RECUPERACAO""}"
2230,2026-01-01T00:07:40+00:00,compressor,Estado do compressor,I/O,0.0,bool,VÁLIDA,SIMULADOR,1,"{""controller"": ""VIRTUAL_REFRIGERATION_MACHINE"", ""scenario_id"": ""CEN-61CD6C86"", ""execution_id"": ""EXE-58F3DF8977C2"", ""session_id"": ""DIA-F2F2AB2EDFB3"", ""seed"": 1, ""machine_state"": ""RECUPERACAO""}"
2231,2026-01-01T00:07:40+00:00,evaporator_fan,Ventilador evaporador,I/O,1.0,bool,VÁLIDA,SIMULADOR,1,"{""controller"": ""VIRTUAL_REFRIGERATION_MACHINE"", ""scenario_id"": ""CEN-61CD6C86"", ""execution_id"": ""EXE-58F3DF8977C2"", ""session_id"": ""DIA-F2F2AB2EDFB3"", ""seed"": 1, ""machine_state"": ""RECUPERACAO""}"
2232,2026-01-01T00:07:40+00:00,condenser_fan,Ventilador condensador,I/O,1.0,bool,VÁLIDA,SIMULADOR,1,"{""controller"": ""VIRTUAL_REFRIGERATION_MACHINE"", ""scenario_id"": ""CEN-61CD6C86"", ""execution_id"": ""EXE-58F3DF8977C2"", ""session_id"": ""DIA-F2F2AB2EDFB3"", ""seed"": 1, ""machine_state"": ""RECUPERACAO""}"
2233,2026-01-01T00:07:40+00:00,defrost,Degelo,I/O,0.0,bool,VÁLIDA,SIMULADOR,1,"{""controller"": ""VIRTUAL_REFRIGERATION_MACHINE"", ""scenario_id"": ""CEN-61CD6C86"", ""execution_id"": ""EXE-58F3DF8977C2"", ""session_id"": ""DIA-F2F2AB2EDFB3"", ""seed"": 1, ""machine_state"": ""RECUPERACAO""}"
2234,2026-01-01T00:07:40+00:00,dripping,Gotejamento,I/O,0.0,bool,VÁLIDA,SIMULADOR,1,"{""controller"": ""VIRTUAL_REFRIGERATION_MACHINE"", ""scenario_id"": ""CEN-61CD6C86"", ""execution_id"": ""EXE-58F3DF8977C2"", ""session_id"": ""DIA-F2F2AB2EDFB3"", ""seed"": 1, ""machine_state"": ""RECUPERACAO""}"
2235,2026-01-01T00:07:40+00:00,communication,Comunicação simulada,COMUNICAÇÃO,1.0,bool,VÁLIDA,SIMULADOR,1,"{""controller"": ""VIRTUAL_REFRIGERATION_MACHINE"", ""scenario_id"": ""CEN-61CD6C86"", ""execution_id"": ""EXE-58F3DF8977C2"", ""session_id"": ""DIA-F2F2AB2EDFB3"", ""seed"": 1, ""machine_state"": ""RECUPERACAO""}"
2236,2026-01-01T00:07:40+00:00,current_total,Corrente total da máquina,MEDIÇÃO ELÉTRICA,7.167,A,VÁLIDA,SIMULADOR,1,"{""controller"": ""VIRTUAL_REFRIGERATION_MACHINE"", ""scenario_id"": ""CEN-61CD6C86"", ""execution_id"": ""EXE-58F3DF8977C2"", ""session_id"": ""DIA-F2F2AB2EDFB3"", ""seed"": 1, ""instrument"": ""EM210 #1 - TOTAL""}"
2237,2026-01-01T00:07:40+00:00,current_compressor,Corrente do compressor,MEDIÇÃO ELÉTRICA,0.169,A,VÁLIDA,SIMULADOR,1,"{""controller"": ""VIRTUAL_REFRIGERATION_MACHINE"", ""scenario_id"": ""CEN-61CD6C86"", ""execution_id"": ""EXE-58F3DF8977C2"", ""session_id"": ""DIA-F2F2AB2EDFB3"", ""seed"": 1, ""instrument"": ""EM210 #2 - COMPRESSOR""}"
2238,2026-01-01T00:07:40+00:00,current_l1,Corrente L1,MEDIÇÃO ELÉTRICA,2.369,A,VÁLIDA,SIMULADOR,1,"{""controller"": ""VIRTUAL_REFRIGERATION_MACHINE"", ""scenario_id"": ""CEN-61CD6C86"", ""execution_id"": ""EXE-58F3DF8977C2"", ""session_id"": ""DIA-F2F2AB2EDFB3"", ""seed"": 1, ""instrument"": ""EM210 #1 - TOTAL""}"
2239,2026-01-01T00:07:40+00:00,current_l2,Corrente L2,MEDIÇÃO ELÉTRICA,2.367,A,VÁLIDA,SIMULADOR,1,"{""controller"": ""VIRTUAL_REFRIGERATION_MACHINE"", ""scenario_id"": ""CEN-61CD6C86"", ""execution_id"": ""EXE-58F3DF8977C2"", ""session_id"": ""DIA-F2F2AB2EDFB3"", ""seed"": 1, ""instrument"": ""EM210 #1 - TOTAL""}"
2240,2026-01-01T00:07:40+00:00,current_l3,Corrente L3,MEDIÇÃO ELÉTRICA,2.39,A,VÁLIDA,SIMULADOR,1,"{""controller"": ""VIRTUAL_REFRIGERATION_MACHINE"", ""scenario_id"": ""CEN-61CD6C86"", ""execution_id"": ""EXE-58F3DF8977C2"", ""session_id"": ""DIA-F2F2AB2EDFB3"", ""seed"": 1, ""instrument"": ""EM210 #1 - TOTAL""}"
2241,2026-01-01T00:07:45+00:00,temperature_chamber,Temperatura da câmara,SENSORES,6.540654899613002,°C,VÁLIDA,SIMULADOR,1,"{""controller"": ""VIRTUAL_REFRIGERATION_MACHINE"", ""scenario_id"": ""CEN-61CD6C86"", ""execution_id"": ""EXE-58F3DF8977C2"", ""session_id"": ""DIA-F2F2AB2EDFB3"", ""seed"": 1, ""machine_state"": ""RECUPERACAO""}"
2242,2026-01-01T00:07:45+00:00,temperature_evaporator,Temperatura do evaporador,SENSORES,5.268288852563345,°C,VÁLIDA,SIMULADOR,1,"{""controller"": ""VIRTUAL_REFRIGERATION_MACHINE"", ""scenario_id"": ""CEN-61CD6C86"", ""execution_id"": ""EXE-58F3DF8977C2"", ""session_id"": ""DIA-F2F2AB2EDFB3"", ""seed"": 1, ""machine_state"": ""RECUPERACAO""}"
2243,2026-01-01T00:07:45+00:00,pressure_suction,Pressão de sucção,SENSORES,75.12890804490887,psi,VÁLIDA,SIMULADOR,1,"{""controller"": ""VIRTUAL_REFRIGERATION_MACHINE"", ""scenario_id"": ""CEN-61CD6C86"", ""execution_id"": ""EXE-58F3DF8977C2"", ""session_id"": ""DIA-F2F2AB2EDFB3"", ""seed"": 1, ""machine_state"": ""RECUPERACAO""}"
2244,2026-01-01T00:07:45+00:00,pressure_discharge,Pressão de descarga,SENSORES,122.78267297775493,psi,VÁLIDA,SIMULADOR,1,"{""controller"": ""VIRTUAL_REFRIGERATION_MACHINE"", ""scenario_id"": ""CEN-61CD6C86"", ""execution_id"": ""EXE-58F3DF8977C2"", ""session_id"": ""DIA-F2F2AB2EDFB3"", ""seed"": 1, ""machine_state"": ""RECUPERACAO""}"
2245,2026-01-01T00:07:45+00:00,compressor_command,Comando do compressor,I/O,1.0,bool,VÁLIDA,SIMULADOR,1,"{""controller"": ""VIRTUAL_REFRIGERATION_MACHINE"", ""scenario_id"": ""CEN-61CD6C86"", ""execution_id"": ""EXE-58F3DF8977C2"", ""session_id"": ""DIA-F2F2AB2EDFB3"", ""seed"": 1, ""machine_state"": ""RECUPERACAO""}"
2246,2026-01-01T00:07:45+00:00,compressor,Estado do compressor,I/O,0.0,bool,VÁLIDA,SIMULADOR,1,"{""controller"": ""VIRTUAL_REFRIGERATION_MACHINE"", ""scenario_id"": ""CEN-61CD6C86"", ""execution_id"": ""EXE-58F3DF8977C2"", ""session_id"": ""DIA-F2F2AB2EDFB3"", ""seed"": 1, ""machine_state"": ""RECUPERACAO""}"
2247,2026-01-01T00:07:45+00:00,evaporator_fan,Ventilador evaporador,I/O,1.0,bool,VÁLIDA,SIMULADOR,1,"{""controller"": ""VIRTUAL_REFRIGERATION_MACHINE"", ""scenario_id"": ""CEN-61CD6C86"", ""execution_id"": ""EXE-58F3DF8977C2"", ""session_id"": ""DIA-F2F2AB2EDFB3"", ""seed"": 1, ""machine_state"": ""RECUPERACAO""}"
2248,2026-01-01T00:07:45+00:00,condenser_fan,Ventilador condensador,I/O,1.0,bool,VÁLIDA,SIMULADOR,1,"{""controller"": ""VIRTUAL_REFRIGERATION_MACHINE"", ""scenario_id"": ""CEN-61CD6C86"", ""execution_id"": ""EXE-58F3DF8977C2"", ""session_id"": ""DIA-F2F2AB2EDFB3"", ""seed"": 1, ""machine_state"": ""RECUPERACAO""}"
2249,2026-01-01T00:07:45+00:00,defrost,Degelo,I/O,0.0,bool,VÁLIDA,SIMULADOR,1,"{""controller"": ""VIRTUAL_REFRIGERATION_MACHINE"", ""scenario_id"": ""CEN-61CD6C86"", ""execution_id"": ""EXE-58F3DF8977C2"", ""session_id"": ""DIA-F2F2AB2EDFB3"", ""seed"": 1, ""machine_state"": ""RECUPERACAO""}"
2250,2026-01-01T00:07:45+00:00,dripping,Gotejamento,I/O,0.0,bool,VÁLIDA,SIMULADOR,1,"{""controller"": ""VIRTUAL_REFRIGERATION_MACHINE"", ""scenario_id"": ""CEN-61CD6C86"", ""execution_id"": ""EXE-58F3DF8977C2"", ""session_id"": ""DIA-F2F2AB2EDFB3"", ""seed"": 1, ""machine_state"": ""RECUPERACAO""}"
2251,2026-01-01T00:07:45+00:00,communication,Comunicação simulada,COMUNICAÇÃO,1.0,bool,VÁLIDA,SIMULADOR,1,"{""controller"": ""VIRTUAL_REFRIGERATION_MACHINE"", ""scenario_id"": ""CEN-61CD6C86"", ""execution_id"": ""EXE-58F3DF8977C2"", ""session_id"": ""DIA-F2F2AB2EDFB3"", ""seed"": 1, ""machine_state"": ""RECUPERACAO""}"
2252,2026-01-01T00:07:45+00:00,current_total,Corrente total da máquina,MEDIÇÃO ELÉTRICA,7.151,A,VÁLIDA,SIMULADOR,1,"{""controller"": ""VIRTUAL_REFRIGERATION_MACHINE"", ""scenario_id"": ""CEN-61CD6C86"", ""execution_id"": ""EXE-58F3DF8977C2"", ""session_id"": ""DIA-F2F2AB2EDFB3"", ""seed"": 1, ""instrument"": ""EM210 #1 - TOTAL""}"
2253,2026-01-01T00:07:45+00:00,current_compressor,Corrente do compressor,MEDIÇÃO ELÉTRICA,0.156,A,VÁLIDA,SIMULADOR,1,"{""controller"": ""VIRTUAL_REFRIGERATION_MACHINE"", ""scenario_id"": ""CEN-61CD6C86"", ""execution_id"": ""EXE-58F3DF8977C2"", ""session_id"": ""DIA-F2F2AB2EDFB3"", ""seed"": 1, ""instrument"": ""EM210 #2 - COMPRESSOR""}"
2254,2026-01-01T00:07:45+00:00,current_l1,Corrente L1,MEDIÇÃO ELÉTRICA,2.364,A,VÁLIDA,SIMULADOR,1,"{""controller"": ""VIRTUAL_REFRIGERATION_MACHINE"", ""scenario_id"": ""CEN-61CD6C86"", ""execution_id"": ""EXE-58F3DF8977C2"", ""session_id"": ""DIA-F2F2AB2EDFB3"", ""seed"": 1, ""instrument"": ""EM210 #1 - TOTAL""}"
2255,2026-01-01T00:07:45+00:00,current_l2,Corrente L2,MEDIÇÃO ELÉTRICA,2.396,A,VÁLIDA,SIMULADOR,1,"{""controller"": ""VIRTUAL_REFRIGERATION_MACHINE"", ""scenario_id"": ""CEN-61CD6C86"", ""execution_id"": ""EXE-58F3DF8977C2"", ""session_id"": ""DIA-F2F2AB2EDFB3"", ""seed"": 1, ""instrument"": ""EM210 #1 - TOTAL""}"
2256,2026-01-01T00:07:45+00:00,current_l3,Corrente L3,MEDIÇÃO ELÉTRICA,2.386,A,VÁLIDA,SIMULADOR,1,"{""controller"": ""VIRTUAL_REFRIGERATION_MACHINE"", ""scenario_id"": ""CEN-61CD6C86"", ""execution_id"": ""EXE-58F3DF8977C2"", ""session_id"": ""DIA-F2F2AB2EDFB3"", ""seed"": 1, ""instrument"": ""EM210 #1 - TOTAL""}"
2257,2026-01-01T00:07:50+00:00,temperature_chamber,Temperatura da câmara,SENSORES,6.595248350616872,°C,VÁLIDA,SIMULADOR,1,"{""controller"": ""VIRTUAL_REFRIGERATION_MACHINE"", ""scenario_id"": ""CEN-61CD6C86"", ""execution_id"": ""EXE-58F3DF8977C2"", ""session_id"": ""DIA-F2F2AB2EDFB3"", ""seed"": 1, ""machine_state"": ""RECUPERACAO""}"
2258,2026-01-01T00:07:50+00:00,temperature_evaporator,Temperatura do evaporador,SENSORES,5.334636827466022,°C,VÁLIDA,SIMULADOR,1,"{""controller"": ""VIRTUAL_REFRIGERATION_MACHINE"", ""scenario_id"": ""CEN-61CD6C86"", ""execution_id"": ""EXE-58F3DF8977C2"", ""session_id"": ""DIA-F2F2AB2EDFB3"", ""seed"": 1, ""machine_state"": ""RECUPERACAO""}"
2259,2026-01-01T00:07:50+00:00,pressure_suction,Pressão de sucção,SENSORES,76.61601724041799,psi,VÁLIDA,SIMULADOR,1,"{""controller"": ""VIRTUAL_REFRIGERATION_MACHINE"", ""scenario_id"": ""CEN-61CD6C86"", ""execution_id"": ""EXE-58F3DF8977C2"", ""session_id"": ""DIA-F2F2AB2EDFB3"", ""seed"": 1, ""machine_state"": ""RECUPERACAO""}"
2260,2026-01-01T00:07:50+00:00,pressure_discharge,Pressão de descarga,SENSORES,119.50440567997944,psi,VÁLIDA,SIMULADOR,1,"{""controller"": ""VIRTUAL_REFRIGERATION_MACHINE"", ""scenario_id"": ""CEN-61CD6C86"", ""execution_id"": ""EXE-58F3DF8977C2"", ""session_id"": ""DIA-F2F2AB2EDFB3"", ""seed"": 1, ""machine_state"": ""RECUPERACAO""}"
2261,2026-01-01T00:07:50+00:00,compressor_command,Comando do compressor,I/O,1.0,bool,VÁLIDA,SIMULADOR,1,"{""controller"": ""VIRTUAL_REFRIGERATION_MACHINE"", ""scenario_id"": ""CEN-61CD6C86"", ""execution_id"": ""EXE-58F3DF8977C2"", ""session_id"": ""DIA-F2F2AB2EDFB3"", ""seed"": 1, ""machine_state"": ""RECUPERACAO""}"
2262,2026-01-01T00:07:50+00:00,compressor,Estado do compressor,I/O,0.0,bool,VÁLIDA,SIMULADOR,1,"{""controller"": ""VIRTUAL_REFRIGERATION_MACHINE"", ""scenario_id"": ""CEN-61CD6C86"", ""execution_id"": ""EXE-58F3DF8977C2"", ""session_id"": ""DIA-F2F2AB2EDFB3"", ""seed"": 1, ""machine_state"": ""RECUPERACAO""}"
2263,2026-01-01T00:07:50+00:00,evaporator_fan,Ventilador evaporador,I/O,1.0,bool,VÁLIDA,SIMULADOR,1,"{""controller"": ""VIRTUAL_REFRIGERATION_MACHINE"", ""scenario_id"": ""CEN-61CD6C86"", ""execution_id"": ""EXE-58F3DF8977C2"", ""session_id"": ""DIA-F2F2AB2EDFB3"", ""seed"": 1, ""machine_state"": ""RECUPERACAO""}"
2264,2026-01-01T00:07:50+00:00,condenser_fan,Ventilador condensador,I/O,1.0,bool,VÁLIDA,SIMULADOR,1,"{""controller"": ""VIRTUAL_REFRIGERATION_MACHINE"", ""scenario_id"": ""CEN-61CD6C86"", ""execution_id"": ""EXE-58F3DF8977C2"", ""session_id"": ""DIA-F2F2AB2EDFB3"", ""seed"": 1, ""machine_state"": ""RECUPERACAO""}"
2265,2026-01-01T00:07:50+00:00,defrost,Degelo,I/O,0.0,bool,VÁLIDA,SIMULADOR,1,"{""controller"": ""VIRTUAL_REFRIGERATION_MACHINE"", ""scenario_id"": ""CEN-61CD6C86"", ""execution_id"": ""EXE-58F3DF8977C2"", ""session_id"": ""DIA-F2F2AB2EDFB3"", ""seed"": 1, ""machine_state"": ""RECUPERACAO""}"
2266,2026-01-01T00:07:50+00:00,dripping,Gotejamento,I/O,0.0,bool,VÁLIDA,SIMULADOR,1,"{""controller"": ""VIRTUAL_REFRIGERATION_MACHINE"", ""scenario_id"": ""CEN-61CD6C86"", ""execution_id"": ""EXE-58F3DF8977C2"", ""session_id"": ""DIA-F2F2AB2EDFB3"", ""seed"": 1, ""machine_state"": ""RECUPERACAO""}"
2267,2026-01-01T00:07:50+00:00,communication,Comunicação simulada,COMUNICAÇÃO,1.0,bool,VÁLIDA,SIMULADOR,1,"{""controller"": ""VIRTUAL_REFRIGERATION_MACHINE"", ""scenario_id"": ""CEN-61CD6C86"", ""execution_id"": ""EXE-58F3DF8977C2"", ""session_id"": ""DIA-F2F2AB2EDFB3"", ""seed"": 1, ""machine_state"": ""RECUPERACAO""}"
2268,2026-01-01T00:07:50+00:00,current_total,Corrente total da máquina,MEDIÇÃO ELÉTRICA,7.16,A,VÁLIDA,SIMULADOR,1,"{""controller"": ""VIRTUAL_REFRIGERATION_MACHINE"", ""scenario_id"": ""CEN-61CD6C86"", ""execution_id"": ""EXE-58F3DF8977C2"", ""session_id"": ""DIA-F2F2AB2EDFB3"", ""seed"": 1, ""instrument"": ""EM210 #1 - TOTAL""}"
2269,2026-01-01T00:07:50+00:00,current_compressor,Corrente do compressor,MEDIÇÃO ELÉTRICA,0.154,A,VÁLIDA,SIMULADOR,1,"{""controller"": ""VIRTUAL_REFRIGERATION_MACHINE"", ""scenario_id"": ""CEN-61CD6C86"", ""execution_id"": ""EXE-58F3DF8977C2"", ""session_id"": ""DIA-F2F2AB2EDFB3"", ""seed"": 1, ""instrument"": ""EM210 #2 - COMPRESSOR""}"
2270,2026-01-01T00:07:50+00:00,current_l1,Corrente L1,MEDIÇÃO ELÉTRICA,2.374,A,VÁLIDA,SIMULADOR,1,"{""controller"": ""VIRTUAL_REFRIGERATION_MACHINE"", ""scenario_id"": ""CEN-61CD6C86"", ""execution_id"": ""EXE-58F3DF8977C2"", ""session_id"": ""DIA-F2F2AB2EDFB3"", ""seed"": 1, ""instrument"": ""EM210 #1 - TOTAL""}"
2271,2026-01-01T00:07:50+00:00,current_l2,Corrente L2,MEDIÇÃO ELÉTRICA,2.378,A,VÁLIDA,SIMULADOR,1,"{""controller"": ""VIRTUAL_REFRIGERATION_MACHINE"", ""scenario_id"": ""CEN-61CD6C86"", ""execution_id"": ""EXE-58F3DF8977C2"", ""session_id"": ""DIA-F2F2AB2EDFB3"", ""seed"": 1, ""instrument"": ""EM210 #1 - TOTAL""}"
2272,2026-01-01T00:07:50+00:00,current_l3,Corrente L3,MEDIÇÃO ELÉTRICA,2.393,A,VÁLIDA,SIMULADOR,1,"{""controller"": ""VIRTUAL_REFRIGERATION_MACHINE"", ""scenario_id"": ""CEN-61CD6C86"", ""execution_id"": ""EXE-58F3DF8977C2"", ""session_id"": ""DIA-F2F2AB2EDFB3"", ""seed"": 1, ""instrument"": ""EM210 #1 - TOTAL""}"
2273,2026-01-01T00:07:55+00:00,temperature_chamber,Temperatura da câmara,SENSORES,6.649295867110704,°C,VÁLIDA,SIMULADOR,1,"{""controller"": ""VIRTUAL_REFRIGERATION_MACHINE"", ""scenario_id"": ""CEN-61CD6C86"", ""execution_id"": ""EXE-58F3DF8977C2"", ""session_id"": ""DIA-F2F2AB2EDFB3"", ""seed"": 1, ""machine_state"": ""RECUPERACAO""}"
2274,2026-01-01T00:07:55+00:00,temperature_evaporator,Temperatura do evaporador,SENSORES,5.400369779448256,°C,VÁLIDA,SIMULADOR,1,"{""controller"": ""VIRTUAL_REFRIGERATION_MACHINE"", ""scenario_id"": ""CEN-61CD6C86"", ""execution_id"": ""EXE-58F3DF8977C2"", ""session_id"": ""DIA-F2F2AB2EDFB3"", ""seed"": 1, ""machine_state"": ""RECUPERACAO""}"
2275,2026-01-01T00:07:55+00:00,pressure_suction,Pressão de sucção,SENSORES,77.95441551637619,psi,VÁLIDA,SIMULADOR,1,"{""controller"": ""VIRTUAL_REFRIGERATION_MACHINE"", ""scenario_id"": ""CEN-61CD6C86"", ""execution_id"": ""EXE-58F3DF8977C2"", ""session_id"": ""DIA-F2F2AB2EDFB3"", ""seed"": 1, ""machine_state"": ""RECUPERACAO""}"
2276,2026-01-01T00:07:55+00:00,pressure_discharge,Pressão de descarga,SENSORES,116.5539651119815,psi,VÁLIDA,SIMULADOR,1,"{""controller"": ""VIRTUAL_REFRIGERATION_MACHINE"", ""scenario_id"": ""CEN-61CD6C86"", ""execution_id"": ""EXE-58F3DF8977C2"", ""session_id"": ""DIA-F2F2AB2EDFB3"", ""seed"": 1, ""machine_state"": ""RECUPERACAO""}"
2277,2026-01-01T00:07:55+00:00,compressor_command,Comando do compressor,I/O,1.0,bool,VÁLIDA,SIMULADOR,1,"{""controller"": ""VIRTUAL_REFRIGERATION_MACHINE"", ""scenario_id"": ""CEN-61CD6C86"", ""execution_id"": ""EXE-58F3DF8977C2"", ""session_id"": ""DIA-F2F2AB2EDFB3"", ""seed"": 1, ""machine_state"": ""RECUPERACAO""}"
2278,2026-01-01T00:07:55+00:00,compressor,Estado do compressor,I/O,0.0,bool,VÁLIDA,SIMULADOR,1,"{""controller"": ""VIRTUAL_REFRIGERATION_MACHINE"", ""scenario_id"": ""CEN-61CD6C86"", ""execution_id"": ""EXE-58F3DF8977C2"", ""session_id"": ""DIA-F2F2AB2EDFB3"", ""seed"": 1, ""machine_state"": ""RECUPERACAO""}"
2279,2026-01-01T00:07:55+00:00,evaporator_fan,Ventilador evaporador,I/O,1.0,bool,VÁLIDA,SIMULADOR,1,"{""controller"": ""VIRTUAL_REFRIGERATION_MACHINE"", ""scenario_id"": ""CEN-61CD6C86"", ""execution_id"": ""EXE-58F3DF8977C2"", ""session_id"": ""DIA-F2F2AB2EDFB3"", ""seed"": 1, ""machine_state"": ""RECUPERACAO""}"
2280,2026-01-01T00:07:55+00:00,condenser_fan,Ventilador condensador,I/O,1.0,bool,VÁLIDA,SIMULADOR,1,"{""controller"": ""VIRTUAL_REFRIGERATION_MACHINE"", ""scenario_id"": ""CEN-61CD6C86"", ""execution_id"": ""EXE-58F3DF8977C2"", ""session_id"": ""DIA-F2F2AB2EDFB3"", ""seed"": 1, ""machine_state"": ""RECUPERACAO""}"
2281,2026-01-01T00:07:55+00:00,defrost,Degelo,I/O,0.0,bool,VÁLIDA,SIMULADOR,1,"{""controller"": ""VIRTUAL_REFRIGERATION_MACHINE"", ""scenario_id"": ""CEN-61CD6C86"", ""execution_id"": ""EXE-58F3DF8977C2"", ""session_id"": ""DIA-F2F2AB2EDFB3"", ""seed"": 1, ""machine_state"": ""RECUPERACAO""}"
2282,2026-01-01T00:07:55+00:00,dripping,Gotejamento,I/O,0.0,bool,VÁLIDA,SIMULADOR,1,"{""controller"": ""VIRTUAL_REFRIGERATION_MACHINE"", ""scenario_id"": ""CEN-61CD6C86"", ""execution_id"": ""EXE-58F3DF8977C2"", ""session_id"": ""DIA-F2F2AB2EDFB3"", ""seed"": 1, ""machine_state"": ""RECUPERACAO""}"
2283,2026-01-01T00:07:55+00:00,communication,Comunicação simulada,COMUNICAÇÃO,1.0,bool,VÁLIDA,SIMULADOR,1,"{""controller"": ""VIRTUAL_REFRIGERATION_MACHINE"", ""scenario_id"": ""CEN-61CD6C86"", ""execution_id"": ""EXE-58F3DF8977C2"", ""session_id"": ""DIA-F2F2AB2EDFB3"", ""seed"": 1, ""machine_state"": ""RECUPERACAO""}"
2284,2026-01-01T00:07:55+00:00,current_total,Corrente total da máquina,MEDIÇÃO ELÉTRICA,7.17,A,VÁLIDA,SIMULADOR,1,"{""controller"": ""VIRTUAL_REFRIGERATION_MACHINE"", ""scenario_id"": ""CEN-61CD6C86"", ""execution_id"": ""EXE-58F3DF8977C2"", ""session_id"": ""DIA-F2F2AB2EDFB3"", ""seed"": 1, ""instrument"": ""EM210 #1 - TOTAL""}"
2285,2026-01-01T00:07:55+00:00,current_compressor,Corrente do compressor,MEDIÇÃO ELÉTRICA,0.167,A,VÁLIDA,SIMULADOR,1,"{""controller"": ""VIRTUAL_REFRIGERATION_MACHINE"", ""scenario_id"": ""CEN-61CD6C86"", ""execution_id"": ""EXE-58F3DF8977C2"", ""session_id"": ""DIA-F2F2AB2EDFB3"", ""seed"": 1, ""instrument"": ""EM210 #2 - COMPRESSOR""}"
2286,2026-01-01T00:07:55+00:00,current_l1,Corrente L1,MEDIÇÃO ELÉTRICA,2.371,A,VÁLIDA,SIMULADOR,1,"{""controller"": ""VIRTUAL_REFRIGERATION_MACHINE"", ""scenario_id"": ""CEN-61CD6C86"", ""execution_id"": ""EXE-58F3DF8977C2"", ""session_id"": ""DIA-F2F2AB2EDFB3"", ""seed"": 1, ""instrument"": ""EM210 #1 - TOTAL""}"
2287,2026-01-01T00:07:55+00:00,current_l2,Corrente L2,MEDIÇÃO ELÉTRICA,2.376,A,VÁLIDA,SIMULADOR,1,"{""controller"": ""VIRTUAL_REFRIGERATION_MACHINE"", ""scenario_id"": ""CEN-61CD6C86"", ""execution_id"": ""EXE-58F3DF8977C2"", ""session_id"": ""DIA-F2F2AB2EDFB3"", ""seed"": 1, ""instrument"": ""EM210 #1 - TOTAL""}"
2288,2026-01-01T00:07:55+00:00,current_l3,Corrente L3,MEDIÇÃO ELÉTRICA,2.373,A,VÁLIDA,SIMULADOR,1,"{""controller"": ""VIRTUAL_REFRIGERATION_MACHINE"", ""scenario_id"": ""CEN-61CD6C86"", ""execution_id"": ""EXE-58F3DF8977C2"", ""session_id"": ""DIA-F2F2AB2EDFB3"", ""seed"": 1, ""instrument"": ""EM210 #1 - TOTAL""}"
2289,2026-01-01T00:08:00+00:00,temperature_chamber,Temperatura da câmara,SENSORES,6.702802908439597,°C,VÁLIDA,SIMULADOR,1,"{""controller"": ""VIRTUAL_REFRIGERATION_MACHINE"", ""scenario_id"": ""CEN-61CD6C86"", ""execution_id"": ""EXE-58F3DF8977C2"", ""session_id"": ""DIA-F2F2AB2EDFB3"", ""seed"": 1, ""machine_state"": ""RECUPERACAO""}"
2290,2026-01-01T00:08:00+00:00,temperature_evaporator,Temperatura do evaporador,SENSORES,5.465491435897823,°C,VÁLIDA,SIMULADOR,1,"{""controller"": ""VIRTUAL_REFRIGERATION_MACHINE"", ""scenario_id"": ""CEN-61CD6C86"", ""execution_id"": ""EXE-58F3DF8977C2"", ""session_id"": ""DIA-F2F2AB2EDFB3"", ""seed"": 1, ""machine_state"": ""RECUPERACAO""}"
2291,2026-01-01T00:08:00+00:00,pressure_suction,Pressão de sucção,SENSORES,79.15897396473856,psi,VÁLIDA,SIMULADOR,1,"{""controller"": ""VIRTUAL_REFRIGERATION_MACHINE"", ""scenario_id"": ""CEN-61CD6C86"", ""execution_id"": ""EXE-58F3DF8977C2"", ""session_id"": ""DIA-F2F2AB2EDFB3"", ""seed"": 1, ""machine_state"": ""RECUPERACAO""}"
2292,2026-01-01T00:08:00+00:00,pressure_discharge,Pressão de descarga,SENSORES,113.89856860078335,psi,VÁLIDA,SIMULADOR,1,"{""controller"": ""VIRTUAL_REFRIGERATION_MACHINE"", ""scenario_id"": ""CEN-61CD6C86"", ""execution_id"": ""EXE-58F3DF8977C2"", ""session_id"": ""DIA-F2F2AB2EDFB3"", ""seed"": 1, ""machine_state"": ""RECUPERACAO""}"
2293,2026-01-01T00:08:00+00:00,compressor_command,Comando do compressor,I/O,1.0,bool,VÁLIDA,SIMULADOR,1,"{""controller"": ""VIRTUAL_REFRIGERATION_MACHINE"", ""scenario_id"": ""CEN-61CD6C86"", ""execution_id"": ""EXE-58F3DF8977C2"", ""session_id"": ""DIA-F2F2AB2EDFB3"", ""seed"": 1, ""machine_state"": ""RECUPERACAO""}"
2294,2026-01-01T00:08:00+00:00,compressor,Estado do compressor,I/O,0.0,bool,VÁLIDA,SIMULADOR,1,"{""controller"": ""VIRTUAL_REFRIGERATION_MACHINE"", ""scenario_id"": ""CEN-61CD6C86"", ""execution_id"": ""EXE-58F3DF8977C2"", ""session_id"": ""DIA-F2F2AB2EDFB3"", ""seed"": 1, ""machine_state"": ""RECUPERACAO""}"
2295,2026-01-01T00:08:00+00:00,evaporator_fan,Ventilador evaporador,I/O,1.0,bool,VÁLIDA,SIMULADOR,1,"{""controller"": ""VIRTUAL_REFRIGERATION_MACHINE"", ""scenario_id"": ""CEN-61CD6C86"", ""execution_id"": ""EXE-58F3DF8977C2"", ""session_id"": ""DIA-F2F2AB2EDFB3"", ""seed"": 1, ""machine_state"": ""RECUPERACAO""}"
2296,2026-01-01T00:08:00+00:00,condenser_fan,Ventilador condensador,I/O,1.0,bool,VÁLIDA,SIMULADOR,1,"{""controller"": ""VIRTUAL_REFRIGERATION_MACHINE"", ""scenario_id"": ""CEN-61CD6C86"", ""execution_id"": ""EXE-58F3DF8977C2"", ""session_id"": ""DIA-F2F2AB2EDFB3"", ""seed"": 1, ""machine_state"": ""RECUPERACAO""}"
2297,2026-01-01T00:08:00+00:00,defrost,Degelo,I/O,0.0,bool,VÁLIDA,SIMULADOR,1,"{""controller"": ""VIRTUAL_REFRIGERATION_MACHINE"", ""scenario_id"": ""CEN-61CD6C86"", ""execution_id"": ""EXE-58F3DF8977C2"", ""session_id"": ""DIA-F2F2AB2EDFB3"", ""seed"": 1, ""machine_state"": ""RECUPERACAO""}"
2298,2026-01-01T00:08:00+00:00,dripping,Gotejamento,I/O,0.0,bool,VÁLIDA,SIMULADOR,1,"{""controller"": ""VIRTUAL_REFRIGERATION_MACHINE"", ""scenario_id"": ""CEN-61CD6C86"", ""execution_id"": ""EXE-58F3DF8977C2"", ""session_id"": ""DIA-F2F2AB2EDFB3"", ""seed"": 1, ""machine_state"": ""RECUPERACAO""}"
2299,2026-01-01T00:08:00+00:00,communication,Comunicação simulada,COMUNICAÇÃO,1.0,bool,VÁLIDA,SIMULADOR,1,"{""controller"": ""VIRTUAL_REFRIGERATION_MACHINE"", ""scenario_id"": ""CEN-61CD6C86"", ""execution_id"": ""EXE-58F3DF8977C2"", ""session_id"": ""DIA-F2F2AB2EDFB3"", ""seed"": 1, ""machine_state"": ""RECUPERACAO""}"
2300,2026-01-01T00:08:00+00:00,current_total,Corrente total da máquina,MEDIÇÃO ELÉTRICA,7.166,A,VÁLIDA,SIMULADOR,1,"{""controller"": ""VIRTUAL_REFRIGERATION_MACHINE"", ""scenario_id"": ""CEN-61CD6C86"", ""execution_id"": ""EXE-58F3DF8977C2"", ""session_id"": ""DIA-F2F2AB2EDFB3"", ""seed"": 1, ""instrument"": ""EM210 #1 - TOTAL""}"
2301,2026-01-01T00:08:00+00:00,current_compressor,Corrente do compressor,MEDIÇÃO ELÉTRICA,0.163,A,VÁLIDA,SIMULADOR,1,"{""controller"": ""VIRTUAL_REFRIGERATION_MACHINE"", ""scenario_id"": ""CEN-61CD6C86"", ""execution_id"": ""EXE-58F3DF8977C2"", ""session_id"": ""DIA-F2F2AB2EDFB3"", ""seed"": 1, ""instrument"": ""EM210 #2 - COMPRESSOR""}"
2302,2026-01-01T00:08:00+00:00,current_l1,Corrente L1,MEDIÇÃO ELÉTRICA,2.397,A,VÁLIDA,SIMULADOR,1,"{""controller"": ""VIRTUAL_REFRIGERATION_MACHINE"", ""scenario_id"": ""CEN-61CD6C86"", ""execution_id"": ""EXE-58F3DF8977C2"", ""session_id"": ""DIA-F2F2AB2EDFB3"", ""seed"": 1, ""instrument"": ""EM210 #1 - TOTAL""}"
2303,2026-01-01T00:08:00+00:00,current_l2,Corrente L2,MEDIÇÃO ELÉTRICA,2.38,A,VÁLIDA,SIMULADOR,1,"{""controller"": ""VIRTUAL_REFRIGERATION_MACHINE"", ""scenario_id"": ""CEN-61CD6C86"", ""execution_id"": ""EXE-58F3DF8977C2"", ""session_id"": ""DIA-F2F2AB2EDFB3"", ""seed"": 1, ""instrument"": ""EM210 #1 - TOTAL""}"
2304,2026-01-01T00:08:00+00:00,current_l3,Corrente L3,MEDIÇÃO ELÉTRICA,2.393,A,VÁLIDA,SIMULADOR,1,"{""controller"": ""VIRTUAL_REFRIGERATION_MACHINE"", ""scenario_id"": ""CEN-61CD6C86"", ""execution_id"": ""EXE-58F3DF8977C2"", ""session_id"": ""DIA-F2F2AB2EDFB3"", ""seed"": 1, ""instrument"": ""EM210 #1 - TOTAL""}"
2305,2026-01-01T00:08:05+00:00,temperature_chamber,Temperatura da câmara,SENSORES,6.755774879355201,°C,VÁLIDA,SIMULADOR,1,"{""controller"": ""VIRTUAL_REFRIGERATION_MACHINE"", ""scenario_id"": ""CEN-61CD6C86"", ""execution_id"": ""EXE-58F3DF8977C2"", ""session_id"": ""DIA-F2F2AB2EDFB3"", ""seed"": 1, ""machine_state"": ""RECUPERACAO""}"
2306,2026-01-01T00:08:05+00:00,temperature_evaporator,Temperatura do evaporador,SENSORES,5.530005608070692,°C,VÁLIDA,SIMULADOR,1,"{""controller"": ""VIRTUAL_REFRIGERATION_MACHINE"", ""scenario_id"": ""CEN-61CD6C86"", ""execution_id"": ""EXE-58F3DF8977C2"", ""session_id"": ""DIA-F2F2AB2EDFB3"", ""seed"": 1, ""machine_state"": ""RECUPERACAO""}"
2307,2026-01-01T00:08:05+00:00,pressure_suction,Pressão de sucção,SENSORES,80.24307656826471,psi,VÁLIDA,SIMULADOR,1,"{""controller"": ""VIRTUAL_REFRIGERATION_MACHINE"", ""scenario_id"": ""CEN-61CD6C86"", ""execution_id"": ""EXE-58F3DF8977C2"", ""session_id"": ""DIA-F2F2AB2EDFB3"", ""seed"": 1, ""machine_state"": ""RECUPERACAO""}"
2308,2026-01-01T00:08:05+00:00,pressure_discharge,Pressão de descarga,SENSORES,111.50871174070501,psi,VÁLIDA,SIMULADOR,1,"{""controller"": ""VIRTUAL_REFRIGERATION_MACHINE"", ""scenario_id"": ""CEN-61CD6C86"", ""execution_id"": ""EXE-58F3DF8977C2"", ""session_id"": ""DIA-F2F2AB2EDFB3"", ""seed"": 1, ""machine_state"": ""RECUPERACAO""}"
2309,2026-01-01T00:08:05+00:00,compressor_command,Comando do compressor,I/O,1.0,bool,VÁLIDA,SIMULADOR,1,"{""controller"": ""VIRTUAL_REFRIGERATION_MACHINE"", ""scenario_id"": ""CEN-61CD6C86"", ""execution_id"": ""EXE-58F3DF8977C2"", ""session_id"": ""DIA-F2F2AB2EDFB3"", ""seed"": 1, ""machine_state"": ""RECUPERACAO""}"
2310,2026-01-01T00:08:05+00:00,compressor,Estado do compressor,I/O,0.0,bool,VÁLIDA,SIMULADOR,1,"{""controller"": ""VIRTUAL_REFRIGERATION_MACHINE"", ""scenario_id"": ""CEN-61CD6C86"", ""execution_id"": ""EXE-58F3DF8977C2"", ""session_id"": ""DIA-F2F2AB2EDFB3"", ""seed"": 1, ""machine_state"": ""RECUPERACAO""}"
2311,2026-01-01T00:08:05+00:00,evaporator_fan,Ventilador evaporador,I/O,1.0,bool,VÁLIDA,SIMULADOR,1,"{""controller"": ""VIRTUAL_REFRIGERATION_MACHINE"", ""scenario_id"": ""CEN-61CD6C86"", ""execution_id"": ""EXE-58F3DF8977C2"", ""session_id"": ""DIA-F2F2AB2EDFB3"", ""seed"": 1, ""machine_state"": ""RECUPERACAO""}"
2312,2026-01-01T00:08:05+00:00,condenser_fan,Ventilador condensador,I/O,1.0,bool,VÁLIDA,SIMULADOR,1,"{""controller"": ""VIRTUAL_REFRIGERATION_MACHINE"", ""scenario_id"": ""CEN-61CD6C86"", ""execution_id"": ""EXE-58F3DF8977C2"", ""session_id"": ""DIA-F2F2AB2EDFB3"", ""seed"": 1, ""machine_state"": ""RECUPERACAO""}"
2313,2026-01-01T00:08:05+00:00,defrost,Degelo,I/O,0.0,bool,VÁLIDA,SIMULADOR,1,"{""controller"": ""VIRTUAL_REFRIGERATION_MACHINE"", ""scenario_id"": ""CEN-61CD6C86"", ""execution_id"": ""EXE-58F3DF8977C2"", ""session_id"": ""DIA-F2F2AB2EDFB3"", ""seed"": 1, ""machine_state"": ""RECUPERACAO""}"
2314,2026-01-01T00:08:05+00:00,dripping,Gotejamento,I/O,0.0,bool,VÁLIDA,SIMULADOR,1,"{""controller"": ""VIRTUAL_REFRIGERATION_MACHINE"", ""scenario_id"": ""CEN-61CD6C86"", ""execution_id"": ""EXE-58F3DF8977C2"", ""session_id"": ""DIA-F2F2AB2EDFB3"", ""seed"": 1, ""machine_state"": ""RECUPERACAO""}"
2315,2026-01-01T00:08:05+00:00,communication,Comunicação simulada,COMUNICAÇÃO,1.0,bool,VÁLIDA,SIMULADOR,1,"{""controller"": ""VIRTUAL_REFRIGERATION_MACHINE"", ""scenario_id"": ""CEN-61CD6C86"", ""execution_id"": ""EXE-58F3DF8977C2"", ""session_id"": ""DIA-F2F2AB2EDFB3"", ""seed"": 1, ""machine_state"": ""RECUPERACAO""}"
2316,2026-01-01T00:08:05+00:00,current_total,Corrente total da máquina,MEDIÇÃO ELÉTRICA,7.16,A,VÁLIDA,SIMULADOR,1,"{""controller"": ""VIRTUAL_REFRIGERATION_MACHINE"", ""scenario_id"": ""CEN-61CD6C86"", ""execution_id"": ""EXE-58F3DF8977C2"", ""session_id"": ""DIA-F2F2AB2EDFB3"", ""seed"": 1, ""instrument"": ""EM210 #1 - TOTAL""}"
2317,2026-01-01T00:08:05+00:00,current_compressor,Corrente do compressor,MEDIÇÃO ELÉTRICA,0.155,A,VÁLIDA,SIMULADOR,1,"{""controller"": ""VIRTUAL_REFRIGERATION_MACHINE"", ""scenario_id"": ""CEN-61CD6C86"", ""execution_id"": ""EXE-58F3DF8977C2"", ""session_id"": ""DIA-F2F2AB2EDFB3"", ""seed"": 1, ""instrument"": ""EM210 #2 - COMPRESSOR""}"
2318,2026-01-01T00:08:05+00:00,current_l1,Corrente L1,MEDIÇÃO ELÉTRICA,2.392,A,VÁLIDA,SIMULADOR,1,"{""controller"": ""VIRTUAL_REFRIGERATION_MACHINE"", ""scenario_id"": ""CEN-61CD6C86"", ""execution_id"": ""EXE-58F3DF8977C2"", ""session_id"": ""DIA-F2F2AB2EDFB3"", ""seed"": 1, ""instrument"": ""EM210 #1 - TOTAL""}"
2319,2026-01-01T00:08:05+00:00,current_l2,Corrente L2,MEDIÇÃO ELÉTRICA,2.371,A,VÁLIDA,SIMULADOR,1,"{""controller"": ""VIRTUAL_REFRIGERATION_MACHINE"", ""scenario_id"": ""CEN-61CD6C86"", ""execution_id"": ""EXE-58F3DF8977C2"", ""session_id"": ""DIA-F2F2AB2EDFB3"", ""seed"": 1, ""instrument"": ""EM210 #1 - TOTAL""}"
2320,2026-01-01T00:08:05+00:00,current_l3,Corrente L3,MEDIÇÃO ELÉTRICA,2.369,A,VÁLIDA,SIMULADOR,1,"{""controller"": ""VIRTUAL_REFRIGERATION_MACHINE"", ""scenario_id"": ""CEN-61CD6C86"", ""execution_id"": ""EXE-58F3DF8977C2"", ""session_id"": ""DIA-F2F2AB2EDFB3"", ""seed"": 1, ""instrument"": ""EM210 #1 - TOTAL""}"
2321,2026-01-01T00:08:10+00:00,temperature_chamber,Temperatura da câmara,SENSORES,6.808217130561649,°C,VÁLIDA,SIMULADOR,1,"{""controller"": ""VIRTUAL_REFRIGERATION_MACHINE"", ""scenario_id"": ""CEN-61CD6C86"", ""execution_id"": ""EXE-58F3DF8977C2"", ""session_id"": ""DIA-F2F2AB2EDFB3"", ""seed"": 1, ""machine_state"": ""RECUPERACAO""}"
2322,2026-01-01T00:08:10+00:00,temperature_evaporator,Temperatura do evaporador,SENSORES,5.59391618419524,°C,VÁLIDA,SIMULADOR,1,"{""controller"": ""VIRTUAL_REFRIGERATION_MACHINE"", ""scenario_id"": ""CEN-61CD6C86"", ""execution_id"": ""EXE-58F3DF8977C2"", ""session_id"": ""DIA-F2F2AB2EDFB3"", ""seed"": 1, ""machine_state"": ""RECUPERACAO""}"
2323,2026-01-01T00:08:10+00:00,pressure_suction,Pressão de sucção,SENSORES,81.21876891143825,psi,VÁLIDA,SIMULADOR,1,"{""controller"": ""VIRTUAL_REFRIGERATION_MACHINE"", ""scenario_id"": ""CEN-61CD6C86"", ""execution_id"": ""EXE-58F3DF8977C2"", ""session_id"": ""DIA-F2F2AB2EDFB3"", ""seed"": 1, ""machine_state"": ""RECUPERACAO""}"
2324,2026-01-01T00:08:10+00:00,pressure_discharge,Pressão de descarga,SENSORES,109.35784056663451,psi,VÁLIDA,SIMULADOR,1,"{""controller"": ""VIRTUAL_REFRIGERATION_MACHINE"", ""scenario_id"": ""CEN-61CD6C86"", ""execution_id"": ""EXE-58F3DF8977C2"", ""session_id"": ""DIA-F2F2AB2EDFB3"", ""seed"": 1, ""machine_state"": ""RECUPERACAO""}"
2325,2026-01-01T00:08:10+00:00,compressor_command,Comando do compressor,I/O,1.0,bool,VÁLIDA,SIMULADOR,1,"{""controller"": ""VIRTUAL_REFRIGERATION_MACHINE"", ""scenario_id"": ""CEN-61CD6C86"", ""execution_id"": ""EXE-58F3DF8977C2"", ""session_id"": ""DIA-F2F2AB2EDFB3"", ""seed"": 1, ""machine_state"": ""RECUPERACAO""}"
2326,2026-01-01T00:08:10+00:00,compressor,Estado do compressor,I/O,0.0,bool,VÁLIDA,SIMULADOR,1,"{""controller"": ""VIRTUAL_REFRIGERATION_MACHINE"", ""scenario_id"": ""CEN-61CD6C86"", ""execution_id"": ""EXE-58F3DF8977C2"", ""session_id"": ""DIA-F2F2AB2EDFB3"", ""seed"": 1, ""machine_state"": ""RECUPERACAO""}"
2327,2026-01-01T00:08:10+00:00,evaporator_fan,Ventilador evaporador,I/O,1.0,bool,VÁLIDA,SIMULADOR,1,"{""controller"": ""VIRTUAL_REFRIGERATION_MACHINE"", ""scenario_id"": ""CEN-61CD6C86"", ""execution_id"": ""EXE-58F3DF8977C2"", ""session_id"": ""DIA-F2F2AB2EDFB3"", ""seed"": 1, ""machine_state"": ""RECUPERACAO""}"
2328,2026-01-01T00:08:10+00:00,condenser_fan,Ventilador condensador,I/O,1.0,bool,VÁLIDA,SIMULADOR,1,"{""controller"": ""VIRTUAL_REFRIGERATION_MACHINE"", ""scenario_id"": ""CEN-61CD6C86"", ""execution_id"": ""EXE-58F3DF8977C2"", ""session_id"": ""DIA-F2F2AB2EDFB3"", ""seed"": 1, ""machine_state"": ""RECUPERACAO""}"
2329,2026-01-01T00:08:10+00:00,defrost,Degelo,I/O,0.0,bool,VÁLIDA,SIMULADOR,1,"{""controller"": ""VIRTUAL_REFRIGERATION_MACHINE"", ""scenario_id"": ""CEN-61CD6C86"", ""execution_id"": ""EXE-58F3DF8977C2"", ""session_id"": ""DIA-F2F2AB2EDFB3"", ""seed"": 1, ""machine_state"": ""RECUPERACAO""}"
2330,2026-01-01T00:08:10+00:00,dripping,Gotejamento,I/O,0.0,bool,VÁLIDA,SIMULADOR,1,"{""controller"": ""VIRTUAL_REFRIGERATION_MACHINE"", ""scenario_id"": ""CEN-61CD6C86"", ""execution_id"": ""EXE-58F3DF8977C2"", ""session_id"": ""DIA-F2F2AB2EDFB3"", ""seed"": 1, ""machine_state"": ""RECUPERACAO""}"
2331,2026-01-01T00:08:10+00:00,communication,Comunicação simulada,COMUNICAÇÃO,1.0,bool,VÁLIDA,SIMULADOR,1,"{""controller"": ""VIRTUAL_REFRIGERATION_MACHINE"", ""scenario_id"": ""CEN-61CD6C86"", ""execution_id"": ""EXE-58F3DF8977C2"", ""session_id"": ""DIA-F2F2AB2EDFB3"", ""seed"": 1, ""machine_state"": ""RECUPERACAO""}"
2332,2026-01-01T00:08:10+00:00,current_total,Corrente total da máquina,MEDIÇÃO ELÉTRICA,7.161,A,VÁLIDA,SIMULADOR,1,"{""controller"": ""VIRTUAL_REFRIGERATION_MACHINE"", ""scenario_id"": ""CEN-61CD6C86"", ""execution_id"": ""EXE-58F3DF8977C2"", ""session_id"": ""DIA-F2F2AB2EDFB3"", ""seed"": 1, ""instrument"": ""EM210 #1 - TOTAL""}"
2333,2026-01-01T00:08:10+00:00,current_compressor,Corrente do compressor,MEDIÇÃO ELÉTRICA,0.143,A,VÁLIDA,SIMULADOR,1,"{""controller"": ""VIRTUAL_REFRIGERATION_MACHINE"", ""scenario_id"": ""CEN-61CD6C86"", ""execution_id"": ""EXE-58F3DF8977C2"", ""session_id"": ""DIA-F2F2AB2EDFB3"", ""seed"": 1, ""instrument"": ""EM210 #2 - COMPRESSOR""}"
2334,2026-01-01T00:08:10+00:00,current_l1,Corrente L1,MEDIÇÃO ELÉTRICA,2.402,A,VÁLIDA,SIMULADOR,1,"{""controller"": ""VIRTUAL_REFRIGERATION_MACHINE"", ""scenario_id"": ""CEN-61CD6C86"", ""execution_id"": ""EXE-58F3DF8977C2"", ""session_id"": ""DIA-F2F2AB2EDFB3"", ""seed"": 1, ""instrument"": ""EM210 #1 - TOTAL""}"
2335,2026-01-01T00:08:10+00:00,current_l2,Corrente L2,MEDIÇÃO ELÉTRICA,2.374,A,VÁLIDA,SIMULADOR,1,"{""controller"": ""VIRTUAL_REFRIGERATION_MACHINE"", ""scenario_id"": ""CEN-61CD6C86"", ""execution_id"": ""EXE-58F3DF8977C2"", ""session_id"": ""DIA-F2F2AB2EDFB3"", ""seed"": 1, ""instrument"": ""EM210 #1 - TOTAL""}"
2336,2026-01-01T00:08:10+00:00,current_l3,Corrente L3,MEDIÇÃO ELÉTRICA,2.397,A,VÁLIDA,SIMULADOR,1,"{""controller"": ""VIRTUAL_REFRIGERATION_MACHINE"", ""scenario_id"": ""CEN-61CD6C86"", ""execution_id"": ""EXE-58F3DF8977C2"", ""session_id"": ""DIA-F2F2AB2EDFB3"", ""seed"": 1, ""instrument"": ""EM210 #1 - TOTAL""}"
2337,2026-01-01T00:08:15+00:00,temperature_chamber,Temperatura da câmara,SENSORES,6.860134959256032,°C,VÁLIDA,SIMULADOR,1,"{""controller"": ""VIRTUAL_REFRIGERATION_MACHINE"", ""scenario_id"": ""CEN-61CD6C86"", ""execution_id"": ""EXE-58F3DF8977C2"", ""session_id"": ""DIA-F2F2AB2EDFB3"", ""seed"": 1, ""machine_state"": ""RECUPERACAO""}"
2338,2026-01-01T00:08:15+00:00,temperature_evaporator,Temperatura do evaporador,SENSORES,5.657227122948279,°C,VÁLIDA,SIMULADOR,1,"{""controller"": ""VIRTUAL_REFRIGERATION_MACHINE"", ""scenario_id"": ""CEN-61CD6C86"", ""execution_id"": ""EXE-58F3DF8977C2"", ""session_id"": ""DIA-F2F2AB2EDFB3"", ""seed"": 1, ""machine_state"": ""RECUPERACAO""}"
2339,2026-01-01T00:08:15+00:00,pressure_suction,Pressão de sucção,SENSORES,82.09689202029442,psi,VÁLIDA,SIMULADOR,1,"{""controller"": ""VIRTUAL_REFRIGERATION_MACHINE"", ""scenario_id"": ""CEN-61CD6C86"", ""execution_id"": ""EXE-58F3DF8977C2"", ""session_id"": ""DIA-F2F2AB2EDFB3"", ""seed"": 1, ""machine_state"": ""RECUPERACAO""}"
2340,2026-01-01T00:08:15+00:00,pressure_discharge,Pressão de descarga,SENSORES,107.42205650997106,psi,VÁLIDA,SIMULADOR,1,"{""controller"": ""VIRTUAL_REFRIGERATION_MACHINE"", ""scenario_id"": ""CEN-61CD6C86"", ""execution_id"": ""EXE-58F3DF8977C2"", ""session_id"": ""DIA-F2F2AB2EDFB3"", ""seed"": 1, ""machine_state"": ""RECUPERACAO""}"
2341,2026-01-01T00:08:15+00:00,compressor_command,Comando do compressor,I/O,1.0,bool,VÁLIDA,SIMULADOR,1,"{""controller"": ""VIRTUAL_REFRIGERATION_MACHINE"", ""scenario_id"": ""CEN-61CD6C86"", ""execution_id"": ""EXE-58F3DF8977C2"", ""session_id"": ""DIA-F2F2AB2EDFB3"", ""seed"": 1, ""machine_state"": ""RECUPERACAO""}"
2342,2026-01-01T00:08:15+00:00,compressor,Estado do compressor,I/O,0.0,bool,VÁLIDA,SIMULADOR,1,"{""controller"": ""VIRTUAL_REFRIGERATION_MACHINE"", ""scenario_id"": ""CEN-61CD6C86"", ""execution_id"": ""EXE-58F3DF8977C2"", ""session_id"": ""DIA-F2F2AB2EDFB3"", ""seed"": 1, ""machine_state"": ""RECUPERACAO""}"
2343,2026-01-01T00:08:15+00:00,evaporator_fan,Ventilador evaporador,I/O,1.0,bool,VÁLIDA,SIMULADOR,1,"{""controller"": ""VIRTUAL_REFRIGERATION_MACHINE"", ""scenario_id"": ""CEN-61CD6C86"", ""execution_id"": ""EXE-58F3DF8977C2"", ""session_id"": ""DIA-F2F2AB2EDFB3"", ""seed"": 1, ""machine_state"": ""RECUPERACAO""}"
2344,2026-01-01T00:08:15+00:00,condenser_fan,Ventilador condensador,I/O,1.0,bool,VÁLIDA,SIMULADOR,1,"{""controller"": ""VIRTUAL_REFRIGERATION_MACHINE"", ""scenario_id"": ""CEN-61CD6C86"", ""execution_id"": ""EXE-58F3DF8977C2"", ""session_id"": ""DIA-F2F2AB2EDFB3"", ""seed"": 1, ""machine_state"": ""RECUPERACAO""}"
2345,2026-01-01T00:08:15+00:00,defrost,Degelo,I/O,0.0,bool,VÁLIDA,SIMULADOR,1,"{""controller"": ""VIRTUAL_REFRIGERATION_MACHINE"", ""scenario_id"": ""CEN-61CD6C86"", ""execution_id"": ""EXE-58F3DF8977C2"", ""session_id"": ""DIA-F2F2AB2EDFB3"", ""seed"": 1, ""machine_state"": ""RECUPERACAO""}"
2346,2026-01-01T00:08:15+00:00,dripping,Gotejamento,I/O,0.0,bool,VÁLIDA,SIMULADOR,1,"{""controller"": ""VIRTUAL_REFRIGERATION_MACHINE"", ""scenario_id"": ""CEN-61CD6C86"", ""execution_id"": ""EXE-58F3DF8977C2"", ""session_id"": ""DIA-F2F2AB2EDFB3"", ""seed"": 1, ""machine_state"": ""RECUPERACAO""}"
2347,2026-01-01T00:08:15+00:00,communication,Comunicação simulada,COMUNICAÇÃO,1.0,bool,VÁLIDA,SIMULADOR,1,"{""controller"": ""VIRTUAL_REFRIGERATION_MACHINE"", ""scenario_id"": ""CEN-61CD6C86"", ""execution_id"": ""EXE-58F3DF8977C2"", ""session_id"": ""DIA-F2F2AB2EDFB3"", ""seed"": 1, ""machine_state"": ""RECUPERACAO""}"
2348,2026-01-01T00:08:15+00:00,current_total,Corrente total da máquina,MEDIÇÃO ELÉTRICA,7.169,A,VÁLIDA,SIMULADOR,1,"{""controller"": ""VIRTUAL_REFRIGERATION_MACHINE"", ""scenario_id"": ""CEN-61CD6C86"", ""execution_id"": ""EXE-58F3DF8977C2"", ""session_id"": ""DIA-F2F2AB2EDFB3"", ""seed"": 1, ""instrument"": ""EM210 #1 - TOTAL""}"
2349,2026-01-01T00:08:15+00:00,current_compressor,Corrente do compressor,MEDIÇÃO ELÉTRICA,0.166,A,VÁLIDA,SIMULADOR,1,"{""controller"": ""VIRTUAL_REFRIGERATION_MACHINE"", ""scenario_id"": ""CEN-61CD6C86"", ""execution_id"": ""EXE-58F3DF8977C2"", ""session_id"": ""DIA-F2F2AB2EDFB3"", ""seed"": 1, ""instrument"": ""EM210 #2 - COMPRESSOR""}"
2350,2026-01-01T00:08:15+00:00,current_l1,Corrente L1,MEDIÇÃO ELÉTRICA,2.39,A,VÁLIDA,SIMULADOR,1,"{""controller"": ""VIRTUAL_REFRIGERATION_MACHINE"", ""scenario_id"": ""CEN-61CD6C86"", ""execution_id"": ""EXE-58F3DF8977C2"", ""session_id"": ""DIA-F2F2AB2EDFB3"", ""seed"": 1, ""instrument"": ""EM210 #1 - TOTAL""}"
2351,2026-01-01T00:08:15+00:00,current_l2,Corrente L2,MEDIÇÃO ELÉTRICA,2.38,A,VÁLIDA,SIMULADOR,1,"{""controller"": ""VIRTUAL_REFRIGERATION_MACHINE"", ""scenario_id"": ""CEN-61CD6C86"", ""execution_id"": ""EXE-58F3DF8977C2"", ""session_id"": ""DIA-F2F2AB2EDFB3"", ""seed"": 1, ""instrument"": ""EM210 #1 - TOTAL""}"
2352,2026-01-01T00:08:15+00:00,current_l3,Corrente L3,MEDIÇÃO ELÉTRICA,2.394,A,VÁLIDA,SIMULADOR,1,"{""controller"": ""VIRTUAL_REFRIGERATION_MACHINE"", ""scenario_id"": ""CEN-61CD6C86"", ""execution_id"": ""EXE-58F3DF8977C2"", ""session_id"": ""DIA-F2F2AB2EDFB3"", ""seed"": 1, ""instrument"": ""EM210 #1 - TOTAL""}"
2353,2026-01-01T00:08:20+00:00,temperature_chamber,Temperatura da câmara,SENSORES,6.911533609663472,°C,VÁLIDA,SIMULADOR,1,"{""controller"": ""VIRTUAL_REFRIGERATION_MACHINE"", ""scenario_id"": ""CEN-61CD6C86"", ""execution_id"": ""EXE-58F3DF8977C2"", ""session_id"": ""DIA-F2F2AB2EDFB3"", ""seed"": 1, ""machine_state"": ""RECUPERACAO""}"
2354,2026-01-01T00:08:20+00:00,temperature_evaporator,Temperatura do evaporador,SENSORES,5.719942447284039,°C,VÁLIDA,SIMULADOR,1,"{""controller"": ""VIRTUAL_REFRIGERATION_MACHINE"", ""scenario_id"": ""CEN-61CD6C86"", ""execution_id"": ""EXE-58F3DF8977C2"", ""session_id"": ""DIA-F2F2AB2EDFB3"", ""seed"": 1, ""machine_state"": ""RECUPERACAO""}"
2355,2026-01-01T00:08:20+00:00,pressure_suction,Pressão de sucção,SENSORES,82.88720281826498,psi,VÁLIDA,SIMULADOR,1,"{""controller"": ""VIRTUAL_REFRIGERATION_MACHINE"", ""scenario_id"": ""CEN-61CD6C86"", ""execution_id"": ""EXE-58F3DF8977C2"", ""session_id"": ""DIA-F2F2AB2EDFB3"", ""seed"": 1, ""machine_state"": ""RECUPERACAO""}"
2356,2026-01-01T00:08:20+00:00,pressure_discharge,Pressão de descarga,SENSORES,105.67985085897395,psi,VÁLIDA,SIMULADOR,1,"{""controller"": ""VIRTUAL_REFRIGERATION_MACHINE"", ""scenario_id"": ""CEN-61CD6C86"", ""execution_id"": ""EXE-58F3DF8977C2"", ""session_id"": ""DIA-F2F2AB2EDFB3"", ""seed"": 1, ""machine_state"": ""RECUPERACAO""}"
2357,2026-01-01T00:08:20+00:00,compressor_command,Comando do compressor,I/O,1.0,bool,VÁLIDA,SIMULADOR,1,"{""controller"": ""VIRTUAL_REFRIGERATION_MACHINE"", ""scenario_id"": ""CEN-61CD6C86"", ""execution_id"": ""EXE-58F3DF8977C2"", ""session_id"": ""DIA-F2F2AB2EDFB3"", ""seed"": 1, ""machine_state"": ""RECUPERACAO""}"
2358,2026-01-01T00:08:20+00:00,compressor,Estado do compressor,I/O,0.0,bool,VÁLIDA,SIMULADOR,1,"{""controller"": ""VIRTUAL_REFRIGERATION_MACHINE"", ""scenario_id"": ""CEN-61CD6C86"", ""execution_id"": ""EXE-58F3DF8977C2"", ""session_id"": ""DIA-F2F2AB2EDFB3"", ""seed"": 1, ""machine_state"": ""RECUPERACAO""}"
2359,2026-01-01T00:08:20+00:00,evaporator_fan,Ventilador evaporador,I/O,1.0,bool,VÁLIDA,SIMULADOR,1,"{""controller"": ""VIRTUAL_REFRIGERATION_MACHINE"", ""scenario_id"": ""CEN-61CD6C86"", ""execution_id"": ""EXE-58F3DF8977C2"", ""session_id"": ""DIA-F2F2AB2EDFB3"", ""seed"": 1, ""machine_state"": ""RECUPERACAO""}"
2360,2026-01-01T00:08:20+00:00,condenser_fan,Ventilador condensador,I/O,1.0,bool,VÁLIDA,SIMULADOR,1,"{""controller"": ""VIRTUAL_REFRIGERATION_MACHINE"", ""scenario_id"": ""CEN-61CD6C86"", ""execution_id"": ""EXE-58F3DF8977C2"", ""session_id"": ""DIA-F2F2AB2EDFB3"", ""seed"": 1, ""machine_state"": ""RECUPERACAO""}"
2361,2026-01-01T00:08:20+00:00,defrost,Degelo,I/O,0.0,bool,VÁLIDA,SIMULADOR,1,"{""controller"": ""VIRTUAL_REFRIGERATION_MACHINE"", ""scenario_id"": ""CEN-61CD6C86"", ""execution_id"": ""EXE-58F3DF8977C2"", ""session_id"": ""DIA-F2F2AB2EDFB3"", ""seed"": 1, ""machine_state"": ""RECUPERACAO""}"
2362,2026-01-01T00:08:20+00:00,dripping,Gotejamento,I/O,0.0,bool,VÁLIDA,SIMULADOR,1,"{""controller"": ""VIRTUAL_REFRIGERATION_MACHINE"", ""scenario_id"": ""CEN-61CD6C86"", ""execution_id"": ""EXE-58F3DF8977C2"", ""session_id"": ""DIA-F2F2AB2EDFB3"", ""seed"": 1, ""machine_state"": ""RECUPERACAO""}"
2363,2026-01-01T00:08:20+00:00,communication,Comunicação simulada,COMUNICAÇÃO,1.0,bool,VÁLIDA,SIMULADOR,1,"{""controller"": ""VIRTUAL_REFRIGERATION_MACHINE"", ""scenario_id"": ""CEN-61CD6C86"", ""execution_id"": ""EXE-58F3DF8977C2"", ""session_id"": ""DIA-F2F2AB2EDFB3"", ""seed"": 1, ""machine_state"": ""RECUPERACAO""}"
2364,2026-01-01T00:08:20+00:00,current_total,Corrente total da máquina,MEDIÇÃO ELÉTRICA,7.165,A,VÁLIDA,SIMULADOR,1,"{""controller"": ""VIRTUAL_REFRIGERATION_MACHINE"", ""scenario_id"": ""CEN-61CD6C86"", ""execution_id"": ""EXE-58F3DF8977C2"", ""session_id"": ""DIA-F2F2AB2EDFB3"", ""seed"": 1, ""instrument"": ""EM210 #1 - TOTAL""}"
2365,2026-01-01T00:08:20+00:00,current_compressor,Corrente do compressor,MEDIÇÃO ELÉTRICA,0.14,A,VÁLIDA,SIMULADOR,1,"{""controller"": ""VIRTUAL_REFRIGERATION_MACHINE"", ""scenario_id"": ""CEN-61CD6C86"", ""execution_id"": ""EXE-58F3DF8977C2"", ""session_id"": ""DIA-F2F2AB2EDFB3"", ""seed"": 1, ""instrument"": ""EM210 #2 - COMPRESSOR""}"
2366,2026-01-01T00:08:20+00:00,current_l1,Corrente L1,MEDIÇÃO ELÉTRICA,2.382,A,VÁLIDA,SIMULADOR,1,"{""controller"": ""VIRTUAL_REFRIGERATION_MACHINE"", ""scenario_id"": ""CEN-61CD6C86"", ""execution_id"": ""EXE-58F3DF8977C2"", ""session_id"": ""DIA-F2F2AB2EDFB3"", ""seed"": 1, ""instrument"": ""EM210 #1 - TOTAL""}"
2367,2026-01-01T00:08:20+00:00,current_l2,Corrente L2,MEDIÇÃO ELÉTRICA,2.383,A,VÁLIDA,SIMULADOR,1,"{""controller"": ""VIRTUAL_REFRIGERATION_MACHINE"", ""scenario_id"": ""CEN-61CD6C86"", ""execution_id"": ""EXE-58F3DF8977C2"", ""session_id"": ""DIA-F2F2AB2EDFB3"", ""seed"": 1, ""instrument"": ""EM210 #1 - TOTAL""}"
2368,2026-01-01T00:08:20+00:00,current_l3,Corrente L3,MEDIÇÃO ELÉTRICA,2.387,A,VÁLIDA,SIMULADOR,1,"{""controller"": ""VIRTUAL_REFRIGERATION_MACHINE"", ""scenario_id"": ""CEN-61CD6C86"", ""execution_id"": ""EXE-58F3DF8977C2"", ""session_id"": ""DIA-F2F2AB2EDFB3"", ""seed"": 1, ""instrument"": ""EM210 #1 - TOTAL""}"
2369,2026-01-01T00:08:25+00:00,temperature_chamber,Temperatura da câmara,SENSORES,6.962418273566837,°C,VÁLIDA,SIMULADOR,1,"{""controller"": ""VIRTUAL_REFRIGERATION_MACHINE"", ""scenario_id"": ""CEN-61CD6C86"", ""execution_id"": ""EXE-58F3DF8977C2"", ""session_id"": ""DIA-F2F2AB2EDFB3"", ""seed"": 1, ""machine_state"": ""RECUPERACAO""}"
2370,2026-01-01T00:08:25+00:00,temperature_evaporator,Temperatura do evaporador,SENSORES,5.782066238598179,°C,VÁLIDA,SIMULADOR,1,"{""controller"": ""VIRTUAL_REFRIGERATION_MACHINE"", ""scenario_id"": ""CEN-61CD6C86"", ""execution_id"": ""EXE-58F3DF8977C2"", ""session_id"": ""DIA-F2F2AB2EDFB3"", ""seed"": 1, ""machine_state"": ""RECUPERACAO""}"
2371,2026-01-01T00:08:25+00:00,pressure_suction,Pressão de sucção,SENSORES,83.59848253643848,psi,VÁLIDA,SIMULADOR,1,"{""controller"": ""VIRTUAL_REFRIGERATION_MACHINE"", ""scenario_id"": ""CEN-61CD6C86"", ""execution_id"": ""EXE-58F3DF8977C2"", ""session_id"": ""DIA-F2F2AB2EDFB3"", ""seed"": 1, ""machine_state"": ""RECUPERACAO""}"
2372,2026-01-01T00:08:25+00:00,pressure_discharge,Pressão de descarga,SENSORES,104.11186577307656,psi,VÁLIDA,SIMULADOR,1,"{""controller"": ""VIRTUAL_REFRIGERATION_MACHINE"", ""scenario_id"": ""CEN-61CD6C86"", ""execution_id"": ""EXE-58F3DF8977C2"", ""session_id"": ""DIA-F2F2AB2EDFB3"", ""seed"": 1, ""machine_state"": ""RECUPERACAO""}"
2373,2026-01-01T00:08:25+00:00,compressor_command,Comando do compressor,I/O,1.0,bool,VÁLIDA,SIMULADOR,1,"{""controller"": ""VIRTUAL_REFRIGERATION_MACHINE"", ""scenario_id"": ""CEN-61CD6C86"", ""execution_id"": ""EXE-58F3DF8977C2"", ""session_id"": ""DIA-F2F2AB2EDFB3"", ""seed"": 1, ""machine_state"": ""RECUPERACAO""}"
2374,2026-01-01T00:08:25+00:00,compressor,Estado do compressor,I/O,0.0,bool,VÁLIDA,SIMULADOR,1,"{""controller"": ""VIRTUAL_REFRIGERATION_MACHINE"", ""scenario_id"": ""CEN-61CD6C86"", ""execution_id"": ""EXE-58F3DF8977C2"", ""session_id"": ""DIA-F2F2AB2EDFB3"", ""seed"": 1, ""machine_state"": ""RECUPERACAO""}"
2375,2026-01-01T00:08:25+00:00,evaporator_fan,Ventilador evaporador,I/O,1.0,bool,VÁLIDA,SIMULADOR,1,"{""controller"": ""VIRTUAL_REFRIGERATION_MACHINE"", ""scenario_id"": ""CEN-61CD6C86"", ""execution_id"": ""EXE-58F3DF8977C2"", ""session_id"": ""DIA-F2F2AB2EDFB3"", ""seed"": 1, ""machine_state"": ""RECUPERACAO""}"
2376,2026-01-01T00:08:25+00:00,condenser_fan,Ventilador condensador,I/O,1.0,bool,VÁLIDA,SIMULADOR,1,"{""controller"": ""VIRTUAL_REFRIGERATION_MACHINE"", ""scenario_id"": ""CEN-61CD6C86"", ""execution_id"": ""EXE-58F3DF8977C2"", ""session_id"": ""DIA-F2F2AB2EDFB3"", ""seed"": 1, ""machine_state"": ""RECUPERACAO""}"
2377,2026-01-01T00:08:25+00:00,defrost,Degelo,I/O,0.0,bool,VÁLIDA,SIMULADOR,1,"{""controller"": ""VIRTUAL_REFRIGERATION_MACHINE"", ""scenario_id"": ""CEN-61CD6C86"", ""execution_id"": ""EXE-58F3DF8977C2"", ""session_id"": ""DIA-F2F2AB2EDFB3"", ""seed"": 1, ""machine_state"": ""RECUPERACAO""}"
2378,2026-01-01T00:08:25+00:00,dripping,Gotejamento,I/O,0.0,bool,VÁLIDA,SIMULADOR,1,"{""controller"": ""VIRTUAL_REFRIGERATION_MACHINE"", ""scenario_id"": ""CEN-61CD6C86"", ""execution_id"": ""EXE-58F3DF8977C2"", ""session_id"": ""DIA-F2F2AB2EDFB3"", ""seed"": 1, ""machine_state"": ""RECUPERACAO""}"
2379,2026-01-01T00:08:25+00:00,communication,Comunicação simulada,COMUNICAÇÃO,1.0,bool,VÁLIDA,SIMULADOR,1,"{""controller"": ""VIRTUAL_REFRIGERATION_MACHINE"", ""scenario_id"": ""CEN-61CD6C86"", ""execution_id"": ""EXE-58F3DF8977C2"", ""session_id"": ""DIA-F2F2AB2EDFB3"", ""seed"": 1, ""machine_state"": ""RECUPERACAO""}"
2380,2026-01-01T00:08:25+00:00,current_total,Corrente total da máquina,MEDIÇÃO ELÉTRICA,7.168,A,VÁLIDA,SIMULADOR,1,"{""controller"": ""VIRTUAL_REFRIGERATION_MACHINE"", ""scenario_id"": ""CEN-61CD6C86"", ""execution_id"": ""EXE-58F3DF8977C2"", ""session_id"": ""DIA-F2F2AB2EDFB3"", ""seed"": 1, ""instrument"": ""EM210 #1 - TOTAL""}"
2381,2026-01-01T00:08:25+00:00,current_compressor,Corrente do compressor,MEDIÇÃO ELÉTRICA,0.139,A,VÁLIDA,SIMULADOR,1,"{""controller"": ""VIRTUAL_REFRIGERATION_MACHINE"", ""scenario_id"": ""CEN-61CD6C86"", ""execution_id"": ""EXE-58F3DF8977C2"", ""session_id"": ""DIA-F2F2AB2EDFB3"", ""seed"": 1, ""instrument"": ""EM210 #2 - COMPRESSOR""}"
2382,2026-01-01T00:08:25+00:00,current_l1,Corrente L1,MEDIÇÃO ELÉTRICA,2.386,A,VÁLIDA,SIMULADOR,1,"{""controller"": ""VIRTUAL_REFRIGERATION_MACHINE"", ""scenario_id"": ""CEN-61CD6C86"", ""execution_id"": ""EXE-58F3DF8977C2"", ""session_id"": ""DIA-F2F2AB2EDFB3"", ""seed"": 1, ""instrument"": ""EM210 #1 - TOTAL""}"
2383,2026-01-01T00:08:25+00:00,current_l2,Corrente L2,MEDIÇÃO ELÉTRICA,2.373,A,VÁLIDA,SIMULADOR,1,"{""controller"": ""VIRTUAL_REFRIGERATION_MACHINE"", ""scenario_id"": ""CEN-61CD6C86"", ""execution_id"": ""EXE-58F3DF8977C2"", ""session_id"": ""DIA-F2F2AB2EDFB3"", ""seed"": 1, ""instrument"": ""EM210 #1 - TOTAL""}"
2384,2026-01-01T00:08:25+00:00,current_l3,Corrente L3,MEDIÇÃO ELÉTRICA,2.363,A,VÁLIDA,SIMULADOR,1,"{""controller"": ""VIRTUAL_REFRIGERATION_MACHINE"", ""scenario_id"": ""CEN-61CD6C86"", ""execution_id"": ""EXE-58F3DF8977C2"", ""session_id"": ""DIA-F2F2AB2EDFB3"", ""seed"": 1, ""instrument"": ""EM210 #1 - TOTAL""}"
2385,2026-01-01T00:08:30+00:00,temperature_chamber,Temperatura da câmara,SENSORES,7.012794090831169,°C,VÁLIDA,SIMULADOR,1,"{""controller"": ""VIRTUAL_REFRIGERATION_MACHINE"", ""scenario_id"": ""CEN-61CD6C86"", ""execution_id"": ""EXE-58F3DF8977C2"", ""session_id"": ""DIA-F2F2AB2EDFB3"", ""seed"": 1, ""machine_state"": ""RECUPERACAO""}"
2386,2026-01-01T00:08:30+00:00,temperature_evaporator,Temperatura do evaporador,SENSORES,5.843602631209828,°C,VÁLIDA,SIMULADOR,1,"{""controller"": ""VIRTUAL_REFRIGERATION_MACHINE"", ""scenario_id"": ""CEN-61CD6C86"", ""execution_id"": ""EXE-58F3DF8977C2"", ""session_id"": ""DIA-F2F2AB2EDFB3"", ""seed"": 1, ""machine_state"": ""RECUPERACAO""}"
2387,2026-01-01T00:08:30+00:00,pressure_suction,Pressão de sucção,SENSORES,84.23863428279464,psi,VÁLIDA,SIMULADOR,1,"{""controller"": ""VIRTUAL_REFRIGERATION_MACHINE"", ""scenario_id"": ""CEN-61CD6C86"", ""execution_id"": ""EXE-58F3DF8977C2"", ""session_id"": ""DIA-F2F2AB2EDFB3"", ""seed"": 1, ""machine_state"": ""RECUPERACAO""}"
2388,2026-01-01T00:08:30+00:00,pressure_discharge,Pressão de descarga,SENSORES,102.7006791957689,psi,VÁLIDA,SIMULADOR,1,"{""controller"": ""VIRTUAL_REFRIGERATION_MACHINE"", ""scenario_id"": ""CEN-61CD6C86"", ""execution_id"": ""EXE-58F3DF8977C2"", ""session_id"": ""DIA-F2F2AB2EDFB3"", ""seed"": 1, ""machine_state"": ""RECUPERACAO""}"
2389,2026-01-01T00:08:30+00:00,compressor_command,Comando do compressor,I/O,1.0,bool,VÁLIDA,SIMULADOR,1,"{""controller"": ""VIRTUAL_REFRIGERATION_MACHINE"", ""scenario_id"": ""CEN-61CD6C86"", ""execution_id"": ""EXE-58F3DF8977C2"", ""session_id"": ""DIA-F2F2AB2EDFB3"", ""seed"": 1, ""machine_state"": ""RECUPERACAO""}"
2390,2026-01-01T00:08:30+00:00,compressor,Estado do compressor,I/O,0.0,bool,VÁLIDA,SIMULADOR,1,"{""controller"": ""VIRTUAL_REFRIGERATION_MACHINE"", ""scenario_id"": ""CEN-61CD6C86"", ""execution_id"": ""EXE-58F3DF8977C2"", ""session_id"": ""DIA-F2F2AB2EDFB3"", ""seed"": 1, ""machine_state"": ""RECUPERACAO""}"
2391,2026-01-01T00:08:30+00:00,evaporator_fan,Ventilador evaporador,I/O,1.0,bool,VÁLIDA,SIMULADOR,1,"{""controller"": ""VIRTUAL_REFRIGERATION_MACHINE"", ""scenario_id"": ""CEN-61CD6C86"", ""execution_id"": ""EXE-58F3DF8977C2"", ""session_id"": ""DIA-F2F2AB2EDFB3"", ""seed"": 1, ""machine_state"": ""RECUPERACAO""}"
2392,2026-01-01T00:08:30+00:00,condenser_fan,Ventilador condensador,I/O,1.0,bool,VÁLIDA,SIMULADOR,1,"{""controller"": ""VIRTUAL_REFRIGERATION_MACHINE"", ""scenario_id"": ""CEN-61CD6C86"", ""execution_id"": ""EXE-58F3DF8977C2"", ""session_id"": ""DIA-F2F2AB2EDFB3"", ""seed"": 1, ""machine_state"": ""RECUPERACAO""}"
2393,2026-01-01T00:08:30+00:00,defrost,Degelo,I/O,0.0,bool,VÁLIDA,SIMULADOR,1,"{""controller"": ""VIRTUAL_REFRIGERATION_MACHINE"", ""scenario_id"": ""CEN-61CD6C86"", ""execution_id"": ""EXE-58F3DF8977C2"", ""session_id"": ""DIA-F2F2AB2EDFB3"", ""seed"": 1, ""machine_state"": ""RECUPERACAO""}"
2394,2026-01-01T00:08:30+00:00,dripping,Gotejamento,I/O,0.0,bool,VÁLIDA,SIMULADOR,1,"{""controller"": ""VIRTUAL_REFRIGERATION_MACHINE"", ""scenario_id"": ""CEN-61CD6C86"", ""execution_id"": ""EXE-58F3DF8977C2"", ""session_id"": ""DIA-F2F2AB2EDFB3"", ""seed"": 1, ""machine_state"": ""RECUPERACAO""}"
2395,2026-01-01T00:08:30+00:00,communication,Comunicação simulada,COMUNICAÇÃO,1.0,bool,VÁLIDA,SIMULADOR,1,"{""controller"": ""VIRTUAL_REFRIGERATION_MACHINE"", ""scenario_id"": ""CEN-61CD6C86"", ""execution_id"": ""EXE-58F3DF8977C2"", ""session_id"": ""DIA-F2F2AB2EDFB3"", ""seed"": 1, ""machine_state"": ""RECUPERACAO""}"
2396,2026-01-01T00:08:30+00:00,current_total,Corrente total da máquina,MEDIÇÃO ELÉTRICA,7.137,A,VÁLIDA,SIMULADOR,1,"{""controller"": ""VIRTUAL_REFRIGERATION_MACHINE"", ""scenario_id"": ""CEN-61CD6C86"", ""execution_id"": ""EXE-58F3DF8977C2"", ""session_id"": ""DIA-F2F2AB2EDFB3"", ""seed"": 1, ""instrument"": ""EM210 #1 - TOTAL""}"
2397,2026-01-01T00:08:30+00:00,current_compressor,Corrente do compressor,MEDIÇÃO ELÉTRICA,0.14,A,VÁLIDA,SIMULADOR,1,"{""controller"": ""VIRTUAL_REFRIGERATION_MACHINE"", ""scenario_id"": ""CEN-61CD6C86"", ""execution_id"": ""EXE-58F3DF8977C2"", ""session_id"": ""DIA-F2F2AB2EDFB3"", ""seed"": 1, ""instrument"": ""EM210 #2 - COMPRESSOR""}"
2398,2026-01-01T00:08:30+00:00,current_l1,Corrente L1,MEDIÇÃO ELÉTRICA,2.368,A,VÁLIDA,SIMULADOR,1,"{""controller"": ""VIRTUAL_REFRIGERATION_MACHINE"", ""scenario_id"": ""CEN-61CD6C86"", ""execution_id"": ""EXE-58F3DF8977C2"", ""session_id"": ""DIA-F2F2AB2EDFB3"", ""seed"": 1, ""instrument"": ""EM210 #1 - TOTAL""}"
2399,2026-01-01T00:08:30+00:00,current_l2,Corrente L2,MEDIÇÃO ELÉTRICA,2.396,A,VÁLIDA,SIMULADOR,1,"{""controller"": ""VIRTUAL_REFRIGERATION_MACHINE"", ""scenario_id"": ""CEN-61CD6C86"", ""execution_id"": ""EXE-58F3DF8977C2"", ""session_id"": ""DIA-F2F2AB2EDFB3"", ""seed"": 1, ""instrument"": ""EM210 #1 - TOTAL""}"
2400,2026-01-01T00:08:30+00:00,current_l3,Corrente L3,MEDIÇÃO ELÉTRICA,2.384,A,VÁLIDA,SIMULADOR,1,"{""controller"": ""VIRTUAL_REFRIGERATION_MACHINE"", ""scenario_id"": ""CEN-61CD6C86"", ""execution_id"": ""EXE-58F3DF8977C2"", ""session_id"": ""DIA-F2F2AB2EDFB3"", ""seed"": 1, ""instrument"": ""EM210 #1 - TOTAL""}"
2401,2026-01-01T00:08:35+00:00,temperature_chamber,Temperatura da câmara,SENSORES,7.062666149922857,°C,VÁLIDA,SIMULADOR,1,"{""controller"": ""VIRTUAL_REFRIGERATION_MACHINE"", ""scenario_id"": ""CEN-61CD6C86"", ""execution_id"": ""EXE-58F3DF8977C2"", ""session_id"": ""DIA-F2F2AB2EDFB3"", ""seed"": 1, ""machine_state"": ""RECUPERACAO""}"
2402,2026-01-01T00:08:35+00:00,temperature_evaporator,Temperatura do evaporador,SENSORES,5.90455580714548,°C,VÁLIDA,SIMULADOR,1,"{""controller"": ""VIRTUAL_REFRIGERATION_MACHINE"", ""scenario_id"": ""CEN-61CD6C86"", ""execution_id"": ""EXE-58F3DF8977C2"", ""session_id"": ""DIA-F2F2AB2EDFB3"", ""seed"": 1, ""machine_state"": ""RECUPERACAO""}"
2403,2026-01-01T00:08:35+00:00,pressure_suction,Pressão de sucção,SENSORES,84.81477085451517,psi,VÁLIDA,SIMULADOR,1,"{""controller"": ""VIRTUAL_REFRIGERATION_MACHINE"", ""scenario_id"": ""CEN-61CD6C86"", ""execution_id"": ""EXE-58F3DF8977C2"", ""session_id"": ""DIA-F2F2AB2EDFB3"", ""seed"": 1, ""machine_state"": ""RECUPERACAO""}"
2404,2026-01-01T00:08:35+00:00,pressure_discharge,Pressão de descarga,SENSORES,101.43061127619201,psi,VÁLIDA,SIMULADOR,1,"{""controller"": ""VIRTUAL_REFRIGERATION_MACHINE"", ""scenario_id"": ""CEN-61CD6C86"", ""execution_id"": ""EXE-58F3DF8977C2"", ""session_id"": ""DIA-F2F2AB2EDFB3"", ""seed"": 1, ""machine_state"": ""RECUPERACAO""}"
2405,2026-01-01T00:08:35+00:00,compressor_command,Comando do compressor,I/O,1.0,bool,VÁLIDA,SIMULADOR,1,"{""controller"": ""VIRTUAL_REFRIGERATION_MACHINE"", ""scenario_id"": ""CEN-61CD6C86"", ""execution_id"": ""EXE-58F3DF8977C2"", ""session_id"": ""DIA-F2F2AB2EDFB3"", ""seed"": 1, ""machine_state"": ""RECUPERACAO""}"
2406,2026-01-01T00:08:35+00:00,compressor,Estado do compressor,I/O,0.0,bool,VÁLIDA,SIMULADOR,1,"{""controller"": ""VIRTUAL_REFRIGERATION_MACHINE"", ""scenario_id"": ""CEN-61CD6C86"", ""execution_id"": ""EXE-58F3DF8977C2"", ""session_id"": ""DIA-F2F2AB2EDFB3"", ""seed"": 1, ""machine_state"": ""RECUPERACAO""}"
2407,2026-01-01T00:08:35+00:00,evaporator_fan,Ventilador evaporador,I/O,1.0,bool,VÁLIDA,SIMULADOR,1,"{""controller"": ""VIRTUAL_REFRIGERATION_MACHINE"", ""scenario_id"": ""CEN-61CD6C86"", ""execution_id"": ""EXE-58F3DF8977C2"", ""session_id"": ""DIA-F2F2AB2EDFB3"", ""seed"": 1, ""machine_state"": ""RECUPERACAO""}"
2408,2026-01-01T00:08:35+00:00,condenser_fan,Ventilador condensador,I/O,1.0,bool,VÁLIDA,SIMULADOR,1,"{""controller"": ""VIRTUAL_REFRIGERATION_MACHINE"", ""scenario_id"": ""CEN-61CD6C86"", ""execution_id"": ""EXE-58F3DF8977C2"", ""session_id"": ""DIA-F2F2AB2EDFB3"", ""seed"": 1, ""machine_state"": ""RECUPERACAO""}"
2409,2026-01-01T00:08:35+00:00,defrost,Degelo,I/O,0.0,bool,VÁLIDA,SIMULADOR,1,"{""controller"": ""VIRTUAL_REFRIGERATION_MACHINE"", ""scenario_id"": ""CEN-61CD6C86"", ""execution_id"": ""EXE-58F3DF8977C2"", ""session_id"": ""DIA-F2F2AB2EDFB3"", ""seed"": 1, ""machine_state"": ""RECUPERACAO""}"
2410,2026-01-01T00:08:35+00:00,dripping,Gotejamento,I/O,0.0,bool,VÁLIDA,SIMULADOR,1,"{""controller"": ""VIRTUAL_REFRIGERATION_MACHINE"", ""scenario_id"": ""CEN-61CD6C86"", ""execution_id"": ""EXE-58F3DF8977C2"", ""session_id"": ""DIA-F2F2AB2EDFB3"", ""seed"": 1, ""machine_state"": ""RECUPERACAO""}"
2411,2026-01-01T00:08:35+00:00,communication,Comunicação simulada,COMUNICAÇÃO,1.0,bool,VÁLIDA,SIMULADOR,1,"{""controller"": ""VIRTUAL_REFRIGERATION_MACHINE"", ""scenario_id"": ""CEN-61CD6C86"", ""execution_id"": ""EXE-58F3DF8977C2"", ""session_id"": ""DIA-F2F2AB2EDFB3"", ""seed"": 1, ""machine_state"": ""RECUPERACAO""}"
2412,2026-01-01T00:08:35+00:00,current_total,Corrente total da máquina,MEDIÇÃO ELÉTRICA,7.148,A,VÁLIDA,SIMULADOR,1,"{""controller"": ""VIRTUAL_REFRIGERATION_MACHINE"", ""scenario_id"": ""CEN-61CD6C86"", ""execution_id"": ""EXE-58F3DF8977C2"", ""session_id"": ""DIA-F2F2AB2EDFB3"", ""seed"": 1, ""instrument"": ""EM210 #1 - TOTAL""}"
2413,2026-01-01T00:08:35+00:00,current_compressor,Corrente do compressor,MEDIÇÃO ELÉTRICA,0.148,A,VÁLIDA,SIMULADOR,1,"{""controller"": ""VIRTUAL_REFRIGERATION_MACHINE"", ""scenario_id"": ""CEN-61CD6C86"", ""execution_id"": ""EXE-58F3DF8977C2"", ""session_id"": ""DIA-F2F2AB2EDFB3"", ""seed"": 1, ""instrument"": ""EM210 #2 - COMPRESSOR""}"
2414,2026-01-01T00:08:35+00:00,current_l1,Corrente L1,MEDIÇÃO ELÉTRICA,2.366,A,VÁLIDA,SIMULADOR,1,"{""controller"": ""VIRTUAL_REFRIGERATION_MACHINE"", ""scenario_id"": ""CEN-61CD6C86"", ""execution_id"": ""EXE-58F3DF8977C2"", ""session_id"": ""DIA-F2F2AB2EDFB3"", ""seed"": 1, ""instrument"": ""EM210 #1 - TOTAL""}"
2415,2026-01-01T00:08:35+00:00,current_l2,Corrente L2,MEDIÇÃO ELÉTRICA,2.39,A,VÁLIDA,SIMULADOR,1,"{""controller"": ""VIRTUAL_REFRIGERATION_MACHINE"", ""scenario_id"": ""CEN-61CD6C86"", ""execution_id"": ""EXE-58F3DF8977C2"", ""session_id"": ""DIA-F2F2AB2EDFB3"", ""seed"": 1, ""instrument"": ""EM210 #1 - TOTAL""}"
2416,2026-01-01T00:08:35+00:00,current_l3,Corrente L3,MEDIÇÃO ELÉTRICA,2.376,A,VÁLIDA,SIMULADOR,1,"{""controller"": ""VIRTUAL_REFRIGERATION_MACHINE"", ""scenario_id"": ""CEN-61CD6C86"", ""execution_id"": ""EXE-58F3DF8977C2"", ""session_id"": ""DIA-F2F2AB2EDFB3"", ""seed"": 1, ""instrument"": ""EM210 #1 - TOTAL""}"
2417,2026-01-01T00:08:40+00:00,temperature_chamber,Temperatura da câmara,SENSORES,7.112039488423629,°C,VÁLIDA,SIMULADOR,1,"{""controller"": ""VIRTUAL_REFRIGERATION_MACHINE"", ""scenario_id"": ""CEN-61CD6C86"", ""execution_id"": ""EXE-58F3DF8977C2"", ""session_id"": ""DIA-F2F2AB2EDFB3"", ""seed"": 1, ""machine_state"": ""RECUPERACAO""}"
2418,2026-01-01T00:08:40+00:00,temperature_evaporator,Temperatura do evaporador,SENSORES,5.964929991209387,°C,VÁLIDA,SIMULADOR,1,"{""controller"": ""VIRTUAL_REFRIGERATION_MACHINE"", ""scenario_id"": ""CEN-61CD6C86"", ""execution_id"": ""EXE-58F3DF8977C2"", ""session_id"": ""DIA-F2F2AB2EDFB3"", ""seed"": 1, ""machine_state"": ""RECUPERACAO""}"
2419,2026-01-01T00:08:40+00:00,pressure_suction,Pressão de sucção,SENSORES,85.33329376906366,psi,VÁLIDA,SIMULADOR,1,"{""controller"": ""VIRTUAL_REFRIGERATION_MACHINE"", ""scenario_id"": ""CEN-61CD6C86"", ""execution_id"": ""EXE-58F3DF8977C2"", ""session_id"": ""DIA-F2F2AB2EDFB3"", ""seed"": 1, ""machine_state"": ""RECUPERACAO""}"
2420,2026-01-01T00:08:40+00:00,pressure_discharge,Pressão de descarga,SENSORES,100.2875501485728,psi,VÁLIDA,SIMULADOR,1,"{""controller"": ""VIRTUAL_REFRIGERATION_MACHINE"", ""scenario_id"": ""CEN-61CD6C86"", ""execution_id"": ""EXE-58F3DF8977C2"", ""session_id"": ""DIA-F2F2AB2EDFB3"", ""seed"": 1, ""machine_state"": ""RECUPERACAO""}"
2421,2026-01-01T00:08:40+00:00,compressor_command,Comando do compressor,I/O,1.0,bool,VÁLIDA,SIMULADOR,1,"{""controller"": ""VIRTUAL_REFRIGERATION_MACHINE"", ""scenario_id"": ""CEN-61CD6C86"", ""execution_id"": ""EXE-58F3DF8977C2"", ""session_id"": ""DIA-F2F2AB2EDFB3"", ""seed"": 1, ""machine_state"": ""RECUPERACAO""}"
2422,2026-01-01T00:08:40+00:00,compressor,Estado do compressor,I/O,0.0,bool,VÁLIDA,SIMULADOR,1,"{""controller"": ""VIRTUAL_REFRIGERATION_MACHINE"", ""scenario_id"": ""CEN-61CD6C86"", ""execution_id"": ""EXE-58F3DF8977C2"", ""session_id"": ""DIA-F2F2AB2EDFB3"", ""seed"": 1, ""machine_state"": ""RECUPERACAO""}"
2423,2026-01-01T00:08:40+00:00,evaporator_fan,Ventilador evaporador,I/O,1.0,bool,VÁLIDA,SIMULADOR,1,"{""controller"": ""VIRTUAL_REFRIGERATION_MACHINE"", ""scenario_id"": ""CEN-61CD6C86"", ""execution_id"": ""EXE-58F3DF8977C2"", ""session_id"": ""DIA-F2F2AB2EDFB3"", ""seed"": 1, ""machine_state"": ""RECUPERACAO""}"
2424,2026-01-01T00:08:40+00:00,condenser_fan,Ventilador condensador,I/O,1.0,bool,VÁLIDA,SIMULADOR,1,"{""controller"": ""VIRTUAL_REFRIGERATION_MACHINE"", ""scenario_id"": ""CEN-61CD6C86"", ""execution_id"": ""EXE-58F3DF8977C2"", ""session_id"": ""DIA-F2F2AB2EDFB3"", ""seed"": 1, ""machine_state"": ""RECUPERACAO""}"
2425,2026-01-01T00:08:40+00:00,defrost,Degelo,I/O,0.0,bool,VÁLIDA,SIMULADOR,1,"{""controller"": ""VIRTUAL_REFRIGERATION_MACHINE"", ""scenario_id"": ""CEN-61CD6C86"", ""execution_id"": ""EXE-58F3DF8977C2"", ""session_id"": ""DIA-F2F2AB2EDFB3"", ""seed"": 1, ""machine_state"": ""RECUPERACAO""}"
2426,2026-01-01T00:08:40+00:00,dripping,Gotejamento,I/O,0.0,bool,VÁLIDA,SIMULADOR,1,"{""controller"": ""VIRTUAL_REFRIGERATION_MACHINE"", ""scenario_id"": ""CEN-61CD6C86"", ""execution_id"": ""EXE-58F3DF8977C2"", ""session_id"": ""DIA-F2F2AB2EDFB3"", ""seed"": 1, ""machine_state"": ""RECUPERACAO""}"
2427,2026-01-01T00:08:40+00:00,communication,Comunicação simulada,COMUNICAÇÃO,1.0,bool,VÁLIDA,SIMULADOR,1,"{""controller"": ""VIRTUAL_REFRIGERATION_MACHINE"", ""scenario_id"": ""CEN-61CD6C86"", ""execution_id"": ""EXE-58F3DF8977C2"", ""session_id"": ""DIA-F2F2AB2EDFB3"", ""seed"": 1, ""machine_state"": ""RECUPERACAO""}"
2428,2026-01-01T00:08:40+00:00,current_total,Corrente total da máquina,MEDIÇÃO ELÉTRICA,7.15,A,VÁLIDA,SIMULADOR,1,"{""controller"": ""VIRTUAL_REFRIGERATION_MACHINE"", ""scenario_id"": ""CEN-61CD6C86"", ""execution_id"": ""EXE-58F3DF8977C2"", ""session_id"": ""DIA-F2F2AB2EDFB3"", ""seed"": 1, ""instrument"": ""EM210 #1 - TOTAL""}"
2429,2026-01-01T00:08:40+00:00,current_compressor,Corrente do compressor,MEDIÇÃO ELÉTRICA,0.16,A,VÁLIDA,SIMULADOR,1,"{""controller"": ""VIRTUAL_REFRIGERATION_MACHINE"", ""scenario_id"": ""CEN-61CD6C86"", ""execution_id"": ""EXE-58F3DF8977C2"", ""session_id"": ""DIA-F2F2AB2EDFB3"", ""seed"": 1, ""instrument"": ""EM210 #2 - COMPRESSOR""}"
2430,2026-01-01T00:08:40+00:00,current_l1,Corrente L1,MEDIÇÃO ELÉTRICA,2.371,A,VÁLIDA,SIMULADOR,1,"{""controller"": ""VIRTUAL_REFRIGERATION_MACHINE"", ""scenario_id"": ""CEN-61CD6C86"", ""execution_id"": ""EXE-58F3DF8977C2"", ""session_id"": ""DIA-F2F2AB2EDFB3"", ""seed"": 1, ""instrument"": ""EM210 #1 - TOTAL""}"
2431,2026-01-01T00:08:40+00:00,current_l2,Corrente L2,MEDIÇÃO ELÉTRICA,2.392,A,VÁLIDA,SIMULADOR,1,"{""controller"": ""VIRTUAL_REFRIGERATION_MACHINE"", ""scenario_id"": ""CEN-61CD6C86"", ""execution_id"": ""EXE-58F3DF8977C2"", ""session_id"": ""DIA-F2F2AB2EDFB3"", ""seed"": 1, ""instrument"": ""EM210 #1 - TOTAL""}"
2432,2026-01-01T00:08:40+00:00,current_l3,Corrente L3,MEDIÇÃO ELÉTRICA,2.365,A,VÁLIDA,SIMULADOR,1,"{""controller"": ""VIRTUAL_REFRIGERATION_MACHINE"", ""scenario_id"": ""CEN-61CD6C86"", ""execution_id"": ""EXE-58F3DF8977C2"", ""session_id"": ""DIA-F2F2AB2EDFB3"", ""seed"": 1, ""instrument"": ""EM210 #1 - TOTAL""}"
2433,2026-01-01T00:08:45+00:00,temperature_chamber,Temperatura da câmara,SENSORES,7.160919093539393,°C,VÁLIDA,SIMULADOR,1,"{""controller"": ""VIRTUAL_REFRIGERATION_MACHINE"", ""scenario_id"": ""CEN-61CD6C86"", ""execution_id"": ""EXE-58F3DF8977C2"", ""session_id"": ""DIA-F2F2AB2EDFB3"", ""seed"": 1, ""machine_state"": ""RECUPERACAO""}"
2434,2026-01-01T00:08:45+00:00,temperature_evaporator,Temperatura do evaporador,SENSORES,6.024729446325887,°C,VÁLIDA,SIMULADOR,1,"{""controller"": ""VIRTUAL_REFRIGERATION_MACHINE"", ""scenario_id"": ""CEN-61CD6C86"", ""execution_id"": ""EXE-58F3DF8977C2"", ""session_id"": ""DIA-F2F2AB2EDFB3"", ""seed"": 1, ""machine_state"": ""RECUPERACAO""}"
2435,2026-01-01T00:08:45+00:00,pressure_suction,Pressão de sucção,SENSORES,85.79996439215729,psi,VÁLIDA,SIMULADOR,1,"{""controller"": ""VIRTUAL_REFRIGERATION_MACHINE"", ""scenario_id"": ""CEN-61CD6C86"", ""execution_id"": ""EXE-58F3DF8977C2"", ""session_id"": ""DIA-F2F2AB2EDFB3"", ""seed"": 1, ""machine_state"": ""RECUPERACAO""}"
2436,2026-01-01T00:08:45+00:00,pressure_discharge,Pressão de descarga,SENSORES,99.25879513371552,psi,VÁLIDA,SIMULADOR,1,"{""controller"": ""VIRTUAL_REFRIGERATION_MACHINE"", ""scenario_id"": ""CEN-61CD6C86"", ""execution_id"": ""EXE-58F3DF8977C2"", ""session_id"": ""DIA-F2F2AB2EDFB3"", ""seed"": 1, ""machine_state"": ""RECUPERACAO""}"
2437,2026-01-01T00:08:45+00:00,compressor_command,Comando do compressor,I/O,1.0,bool,VÁLIDA,SIMULADOR,1,"{""controller"": ""VIRTUAL_REFRIGERATION_MACHINE"", ""scenario_id"": ""CEN-61CD6C86"", ""execution_id"": ""EXE-58F3DF8977C2"", ""session_id"": ""DIA-F2F2AB2EDFB3"", ""seed"": 1, ""machine_state"": ""RECUPERACAO""}"
2438,2026-01-01T00:08:45+00:00,compressor,Estado do compressor,I/O,0.0,bool,VÁLIDA,SIMULADOR,1,"{""controller"": ""VIRTUAL_REFRIGERATION_MACHINE"", ""scenario_id"": ""CEN-61CD6C86"", ""execution_id"": ""EXE-58F3DF8977C2"", ""session_id"": ""DIA-F2F2AB2EDFB3"", ""seed"": 1, ""machine_state"": ""RECUPERACAO""}"
2439,2026-01-01T00:08:45+00:00,evaporator_fan,Ventilador evaporador,I/O,1.0,bool,VÁLIDA,SIMULADOR,1,"{""controller"": ""VIRTUAL_REFRIGERATION_MACHINE"", ""scenario_id"": ""CEN-61CD6C86"", ""execution_id"": ""EXE-58F3DF8977C2"", ""session_id"": ""DIA-F2F2AB2EDFB3"", ""seed"": 1, ""machine_state"": ""RECUPERACAO""}"
2440,2026-01-01T00:08:45+00:00,condenser_fan,Ventilador condensador,I/O,1.0,bool,VÁLIDA,SIMULADOR,1,"{""controller"": ""VIRTUAL_REFRIGERATION_MACHINE"", ""scenario_id"": ""CEN-61CD6C86"", ""execution_id"": ""EXE-58F3DF8977C2"", ""session_id"": ""DIA-F2F2AB2EDFB3"", ""seed"": 1, ""machine_state"": ""RECUPERACAO""}"
2441,2026-01-01T00:08:45+00:00,defrost,Degelo,I/O,0.0,bool,VÁLIDA,SIMULADOR,1,"{""controller"": ""VIRTUAL_REFRIGERATION_MACHINE"", ""scenario_id"": ""CEN-61CD6C86"", ""execution_id"": ""EXE-58F3DF8977C2"", ""session_id"": ""DIA-F2F2AB2EDFB3"", ""seed"": 1, ""machine_state"": ""RECUPERACAO""}"
2442,2026-01-01T00:08:45+00:00,dripping,Gotejamento,I/O,0.0,bool,VÁLIDA,SIMULADOR,1,"{""controller"": ""VIRTUAL_REFRIGERATION_MACHINE"", ""scenario_id"": ""CEN-61CD6C86"", ""execution_id"": ""EXE-58F3DF8977C2"", ""session_id"": ""DIA-F2F2AB2EDFB3"", ""seed"": 1, ""machine_state"": ""RECUPERACAO""}"
2443,2026-01-01T00:08:45+00:00,communication,Comunicação simulada,COMUNICAÇÃO,1.0,bool,VÁLIDA,SIMULADOR,1,"{""controller"": ""VIRTUAL_REFRIGERATION_MACHINE"", ""scenario_id"": ""CEN-61CD6C86"", ""execution_id"": ""EXE-58F3DF8977C2"", ""session_id"": ""DIA-F2F2AB2EDFB3"", ""seed"": 1, ""machine_state"": ""RECUPERACAO""}"
2444,2026-01-01T00:08:45+00:00,current_total,Corrente total da máquina,MEDIÇÃO ELÉTRICA,7.151,A,VÁLIDA,SIMULADOR,1,"{""controller"": ""VIRTUAL_REFRIGERATION_MACHINE"", ""scenario_id"": ""CEN-61CD6C86"", ""execution_id"": ""EXE-58F3DF8977C2"", ""session_id"": ""DIA-F2F2AB2EDFB3"", ""seed"": 1, ""instrument"": ""EM210 #1 - TOTAL""}"
2445,2026-01-01T00:08:45+00:00,current_compressor,Corrente do compressor,MEDIÇÃO ELÉTRICA,0.141,A,VÁLIDA,SIMULADOR,1,"{""controller"": ""VIRTUAL_REFRIGERATION_MACHINE"", ""scenario_id"": ""CEN-61CD6C86"", ""execution_id"": ""EXE-58F3DF8977C2"", ""session_id"": ""DIA-F2F2AB2EDFB3"", ""seed"": 1, ""instrument"": ""EM210 #2 - COMPRESSOR""}"
2446,2026-01-01T00:08:45+00:00,current_l1,Corrente L1,MEDIÇÃO ELÉTRICA,2.364,A,VÁLIDA,SIMULADOR,1,"{""controller"": ""VIRTUAL_REFRIGERATION_MACHINE"", ""scenario_id"": ""CEN-61CD6C86"", ""execution_id"": ""EXE-58F3DF8977C2"", ""session_id"": ""DIA-F2F2AB2EDFB3"", ""seed"": 1, ""instrument"": ""EM210 #1 - TOTAL""}"
2447,2026-01-01T00:08:45+00:00,current_l2,Corrente L2,MEDIÇÃO ELÉTRICA,2.374,A,VÁLIDA,SIMULADOR,1,"{""controller"": ""VIRTUAL_REFRIGERATION_MACHINE"", ""scenario_id"": ""CEN-61CD6C86"", ""execution_id"": ""EXE-58F3DF8977C2"", ""session_id"": ""DIA-F2F2AB2EDFB3"", ""seed"": 1, ""instrument"": ""EM210 #1 - TOTAL""}"
2448,2026-01-01T00:08:45+00:00,current_l3,Corrente L3,MEDIÇÃO ELÉTRICA,2.401,A,VÁLIDA,SIMULADOR,1,"{""controller"": ""VIRTUAL_REFRIGERATION_MACHINE"", ""scenario_id"": ""CEN-61CD6C86"", ""execution_id"": ""EXE-58F3DF8977C2"", ""session_id"": ""DIA-F2F2AB2EDFB3"", ""seed"": 1, ""instrument"": ""EM210 #1 - TOTAL""}"
2449,2026-01-01T00:08:50+00:00,temperature_chamber,Temperatura da câmara,SENSORES,7.209309902603999,°C,VÁLIDA,SIMULADOR,1,"{""controller"": ""VIRTUAL_REFRIGERATION_MACHINE"", ""scenario_id"": ""CEN-61CD6C86"", ""execution_id"": ""EXE-58F3DF8977C2"", ""session_id"": ""DIA-F2F2AB2EDFB3"", ""seed"": 1, ""machine_state"": ""RECUPERACAO""}"
2450,2026-01-01T00:08:50+00:00,temperature_evaporator,Temperatura do evaporador,SENSORES,6.083958469139793,°C,VÁLIDA,SIMULADOR,1,"{""controller"": ""VIRTUAL_REFRIGERATION_MACHINE"", ""scenario_id"": ""CEN-61CD6C86"", ""execution_id"": ""EXE-58F3DF8977C2"", ""session_id"": ""DIA-F2F2AB2EDFB3"", ""seed"": 1, ""machine_state"": ""RECUPERACAO""}"
2451,2026-01-01T00:08:50+00:00,pressure_suction,Pressão de sucção,SENSORES,86.21996795294156,psi,VÁLIDA,SIMULADOR,1,"{""controller"": ""VIRTUAL_REFRIGERATION_MACHINE"", ""scenario_id"": ""CEN-61CD6C86"", ""execution_id"": ""EXE-58F3DF8977C2"", ""session_id"": ""DIA-F2F2AB2EDFB3"", ""seed"": 1, ""machine_state"": ""RECUPERACAO""}"
2452,2026-01-01T00:08:50+00:00,pressure_discharge,Pressão de descarga,SENSORES,98.33291562034397,psi,VÁLIDA,SIMULADOR,1,"{""controller"": ""VIRTUAL_REFRIGERATION_MACHINE"", ""scenario_id"": ""CEN-61CD6C86"", ""execution_id"": ""EXE-58F3DF8977C2"", ""session_id"": ""DIA-F2F2AB2EDFB3"", ""seed"": 1, ""machine_state"": ""RECUPERACAO""}"
2453,2026-01-01T00:08:50+00:00,compressor_command,Comando do compressor,I/O,1.0,bool,VÁLIDA,SIMULADOR,1,"{""controller"": ""VIRTUAL_REFRIGERATION_MACHINE"", ""scenario_id"": ""CEN-61CD6C86"", ""execution_id"": ""EXE-58F3DF8977C2"", ""session_id"": ""DIA-F2F2AB2EDFB3"", ""seed"": 1, ""machine_state"": ""RECUPERACAO""}"
2454,2026-01-01T00:08:50+00:00,compressor,Estado do compressor,I/O,0.0,bool,VÁLIDA,SIMULADOR,1,"{""controller"": ""VIRTUAL_REFRIGERATION_MACHINE"", ""scenario_id"": ""CEN-61CD6C86"", ""execution_id"": ""EXE-58F3DF8977C2"", ""session_id"": ""DIA-F2F2AB2EDFB3"", ""seed"": 1, ""machine_state"": ""RECUPERACAO""}"
2455,2026-01-01T00:08:50+00:00,evaporator_fan,Ventilador evaporador,I/O,1.0,bool,VÁLIDA,SIMULADOR,1,"{""controller"": ""VIRTUAL_REFRIGERATION_MACHINE"", ""scenario_id"": ""CEN-61CD6C86"", ""execution_id"": ""EXE-58F3DF8977C2"", ""session_id"": ""DIA-F2F2AB2EDFB3"", ""seed"": 1, ""machine_state"": ""RECUPERACAO""}"
2456,2026-01-01T00:08:50+00:00,condenser_fan,Ventilador condensador,I/O,1.0,bool,VÁLIDA,SIMULADOR,1,"{""controller"": ""VIRTUAL_REFRIGERATION_MACHINE"", ""scenario_id"": ""CEN-61CD6C86"", ""execution_id"": ""EXE-58F3DF8977C2"", ""session_id"": ""DIA-F2F2AB2EDFB3"", ""seed"": 1, ""machine_state"": ""RECUPERACAO""}"
2457,2026-01-01T00:08:50+00:00,defrost,Degelo,I/O,0.0,bool,VÁLIDA,SIMULADOR,1,"{""controller"": ""VIRTUAL_REFRIGERATION_MACHINE"", ""scenario_id"": ""CEN-61CD6C86"", ""execution_id"": ""EXE-58F3DF8977C2"", ""session_id"": ""DIA-F2F2AB2EDFB3"", ""seed"": 1, ""machine_state"": ""RECUPERACAO""}"
2458,2026-01-01T00:08:50+00:00,dripping,Gotejamento,I/O,0.0,bool,VÁLIDA,SIMULADOR,1,"{""controller"": ""VIRTUAL_REFRIGERATION_MACHINE"", ""scenario_id"": ""CEN-61CD6C86"", ""execution_id"": ""EXE-58F3DF8977C2"", ""session_id"": ""DIA-F2F2AB2EDFB3"", ""seed"": 1, ""machine_state"": ""RECUPERACAO""}"
2459,2026-01-01T00:08:50+00:00,communication,Comunicação simulada,COMUNICAÇÃO,1.0,bool,VÁLIDA,SIMULADOR,1,"{""controller"": ""VIRTUAL_REFRIGERATION_MACHINE"", ""scenario_id"": ""CEN-61CD6C86"", ""execution_id"": ""EXE-58F3DF8977C2"", ""session_id"": ""DIA-F2F2AB2EDFB3"", ""seed"": 1, ""machine_state"": ""RECUPERACAO""}"
2460,2026-01-01T00:08:50+00:00,current_total,Corrente total da máquina,MEDIÇÃO ELÉTRICA,7.162,A,VÁLIDA,SIMULADOR,1,"{""controller"": ""VIRTUAL_REFRIGERATION_MACHINE"", ""scenario_id"": ""CEN-61CD6C86"", ""execution_id"": ""EXE-58F3DF8977C2"", ""session_id"": ""DIA-F2F2AB2EDFB3"", ""seed"": 1, ""instrument"": ""EM210 #1 - TOTAL""}"
2461,2026-01-01T00:08:50+00:00,current_compressor,Corrente do compressor,MEDIÇÃO ELÉTRICA,0.135,A,VÁLIDA,SIMULADOR,1,"{""controller"": ""VIRTUAL_REFRIGERATION_MACHINE"", ""scenario_id"": ""CEN-61CD6C86"", ""execution_id"": ""EXE-58F3DF8977C2"", ""session_id"": ""DIA-F2F2AB2EDFB3"", ""seed"": 1, ""instrument"": ""EM210 #2 - COMPRESSOR""}"
2462,2026-01-01T00:08:50+00:00,current_l1,Corrente L1,MEDIÇÃO ELÉTRICA,2.401,A,VÁLIDA,SIMULADOR,1,"{""controller"": ""VIRTUAL_REFRIGERATION_MACHINE"", ""scenario_id"": ""CEN-61CD6C86"", ""execution_id"": ""EXE-58F3DF8977C2"", ""session_id"": ""DIA-F2F2AB2EDFB3"", ""seed"": 1, ""instrument"": ""EM210 #1 - TOTAL""}"
2463,2026-01-01T00:08:50+00:00,current_l2,Corrente L2,MEDIÇÃO ELÉTRICA,2.372,A,VÁLIDA,SIMULADOR,1,"{""controller"": ""VIRTUAL_REFRIGERATION_MACHINE"", ""scenario_id"": ""CEN-61CD6C86"", ""execution_id"": ""EXE-58F3DF8977C2"", ""session_id"": ""DIA-F2F2AB2EDFB3"", ""seed"": 1, ""instrument"": ""EM210 #1 - TOTAL""}"
2464,2026-01-01T00:08:50+00:00,current_l3,Corrente L3,MEDIÇÃO ELÉTRICA,2.375,A,VÁLIDA,SIMULADOR,1,"{""controller"": ""VIRTUAL_REFRIGERATION_MACHINE"", ""scenario_id"": ""CEN-61CD6C86"", ""execution_id"": ""EXE-58F3DF8977C2"", ""session_id"": ""DIA-F2F2AB2EDFB3"", ""seed"": 1, ""instrument"": ""EM210 #1 - TOTAL""}"
2465,2026-01-01T00:08:55+00:00,temperature_chamber,Temperatura da câmara,SENSORES,7.2572168035779585,°C,VÁLIDA,SIMULADOR,1,"{""controller"": ""VIRTUAL_REFRIGERATION_MACHINE"", ""scenario_id"": ""CEN-61CD6C86"", ""execution_id"": ""EXE-58F3DF8977C2"", ""session_id"": ""DIA-F2F2AB2EDFB3"", ""seed"": 1, ""machine_state"": ""RECUPERACAO""}"
2466,2026-01-01T00:08:55+00:00,temperature_evaporator,Temperatura do evaporador,SENSORES,6.142621385861701,°C,VÁLIDA,SIMULADOR,1,"{""controller"": ""VIRTUAL_REFRIGERATION_MACHINE"", ""scenario_id"": ""CEN-61CD6C86"", ""execution_id"": ""EXE-58F3DF8977C2"", ""session_id"": ""DIA-F2F2AB2EDFB3"", ""seed"": 1, ""machine_state"": ""RECUPERACAO""}"
2467,2026-01-01T00:08:55+00:00,pressure_suction,Pressão de sucção,SENSORES,86.59797115764741,psi,VÁLIDA,SIMULADOR,1,"{""controller"": ""VIRTUAL_REFRIGERATION_MACHINE"", ""scenario_id"": ""CEN-61CD6C86"", ""execution_id"": ""EXE-58F3DF8977C2"", ""session_id"": ""DIA-F2F2AB2EDFB3"", ""seed"": 1, ""machine_state"": ""RECUPERACAO""}"
2468,2026-01-01T00:08:55+00:00,pressure_discharge,Pressão de descarga,SENSORES,97.49962405830956,psi,VÁLIDA,SIMULADOR,1,"{""controller"": ""VIRTUAL_REFRIGERATION_MACHINE"", ""scenario_id"": ""CEN-61CD6C86"", ""execution_id"": ""EXE-58F3DF8977C2"", ""session_id"": ""DIA-F2F2AB2EDFB3"", ""seed"": 1, ""machine_state"": ""RECUPERACAO""}"
2469,2026-01-01T00:08:55+00:00,compressor_command,Comando do compressor,I/O,1.0,bool,VÁLIDA,SIMULADOR,1,"{""controller"": ""VIRTUAL_REFRIGERATION_MACHINE"", ""scenario_id"": ""CEN-61CD6C86"", ""execution_id"": ""EXE-58F3DF8977C2"", ""session_id"": ""DIA-F2F2AB2EDFB3"", ""seed"": 1, ""machine_state"": ""RECUPERACAO""}"
2470,2026-01-01T00:08:55+00:00,compressor,Estado do compressor,I/O,0.0,bool,VÁLIDA,SIMULADOR,1,"{""controller"": ""VIRTUAL_REFRIGERATION_MACHINE"", ""scenario_id"": ""CEN-61CD6C86"", ""execution_id"": ""EXE-58F3DF8977C2"", ""session_id"": ""DIA-F2F2AB2EDFB3"", ""seed"": 1, ""machine_state"": ""RECUPERACAO""}"
2471,2026-01-01T00:08:55+00:00,evaporator_fan,Ventilador evaporador,I/O,1.0,bool,VÁLIDA,SIMULADOR,1,"{""controller"": ""VIRTUAL_REFRIGERATION_MACHINE"", ""scenario_id"": ""CEN-61CD6C86"", ""execution_id"": ""EXE-58F3DF8977C2"", ""session_id"": ""DIA-F2F2AB2EDFB3"", ""seed"": 1, ""machine_state"": ""RECUPERACAO""}"
2472,2026-01-01T00:08:55+00:00,condenser_fan,Ventilador condensador,I/O,1.0,bool,VÁLIDA,SIMULADOR,1,"{""controller"": ""VIRTUAL_REFRIGERATION_MACHINE"", ""scenario_id"": ""CEN-61CD6C86"", ""execution_id"": ""EXE-58F3DF8977C2"", ""session_id"": ""DIA-F2F2AB2EDFB3"", ""seed"": 1, ""machine_state"": ""RECUPERACAO""}"
2473,2026-01-01T00:08:55+00:00,defrost,Degelo,I/O,0.0,bool,VÁLIDA,SIMULADOR,1,"{""controller"": ""VIRTUAL_REFRIGERATION_MACHINE"", ""scenario_id"": ""CEN-61CD6C86"", ""execution_id"": ""EXE-58F3DF8977C2"", ""session_id"": ""DIA-F2F2AB2EDFB3"", ""seed"": 1, ""machine_state"": ""RECUPERACAO""}"
2474,2026-01-01T00:08:55+00:00,dripping,Gotejamento,I/O,0.0,bool,VÁLIDA,SIMULADOR,1,"{""controller"": ""VIRTUAL_REFRIGERATION_MACHINE"", ""scenario_id"": ""CEN-61CD6C86"", ""execution_id"": ""EXE-58F3DF8977C2"", ""session_id"": ""DIA-F2F2AB2EDFB3"", ""seed"": 1, ""machine_state"": ""RECUPERACAO""}"
2475,2026-01-01T00:08:55+00:00,communication,Comunicação simulada,COMUNICAÇÃO,1.0,bool,VÁLIDA,SIMULADOR,1,"{""controller"": ""VIRTUAL_REFRIGERATION_MACHINE"", ""scenario_id"": ""CEN-61CD6C86"", ""execution_id"": ""EXE-58F3DF8977C2"", ""session_id"": ""DIA-F2F2AB2EDFB3"", ""seed"": 1, ""machine_state"": ""RECUPERACAO""}"
2476,2026-01-01T00:08:55+00:00,current_total,Corrente total da máquina,MEDIÇÃO ELÉTRICA,7.132,A,VÁLIDA,SIMULADOR,1,"{""controller"": ""VIRTUAL_REFRIGERATION_MACHINE"", ""scenario_id"": ""CEN-61CD6C86"", ""execution_id"": ""EXE-58F3DF8977C2"", ""session_id"": ""DIA-F2F2AB2EDFB3"", ""seed"": 1, ""instrument"": ""EM210 #1 - TOTAL""}"
2477,2026-01-01T00:08:55+00:00,current_compressor,Corrente do compressor,MEDIÇÃO ELÉTRICA,0.17,A,VÁLIDA,SIMULADOR,1,"{""controller"": ""VIRTUAL_REFRIGERATION_MACHINE"", ""scenario_id"": ""CEN-61CD6C86"", ""execution_id"": ""EXE-58F3DF8977C2"", ""session_id"": ""DIA-F2F2AB2EDFB3"", ""seed"": 1, ""instrument"": ""EM210 #2 - COMPRESSOR""}"
2478,2026-01-01T00:08:55+00:00,current_l1,Corrente L1,MEDIÇÃO ELÉTRICA,2.371,A,VÁLIDA,SIMULADOR,1,"{""controller"": ""VIRTUAL_REFRIGERATION_MACHINE"", ""scenario_id"": ""CEN-61CD6C86"", ""execution_id"": ""EXE-58F3DF8977C2"", ""session_id"": ""DIA-F2F2AB2EDFB3"", ""seed"": 1, ""instrument"": ""EM210 #1 - TOTAL""}"
2479,2026-01-01T00:08:55+00:00,current_l2,Corrente L2,MEDIÇÃO ELÉTRICA,2.401,A,VÁLIDA,SIMULADOR,1,"{""controller"": ""VIRTUAL_REFRIGERATION_MACHINE"", ""scenario_id"": ""CEN-61CD6C86"", ""execution_id"": ""EXE-58F3DF8977C2"", ""session_id"": ""DIA-F2F2AB2EDFB3"", ""seed"": 1, ""instrument"": ""EM210 #1 - TOTAL""}"
2480,2026-01-01T00:08:55+00:00,current_l3,Corrente L3,MEDIÇÃO ELÉTRICA,2.383,A,VÁLIDA,SIMULADOR,1,"{""controller"": ""VIRTUAL_REFRIGERATION_MACHINE"", ""scenario_id"": ""CEN-61CD6C86"", ""execution_id"": ""EXE-58F3DF8977C2"", ""session_id"": ""DIA-F2F2AB2EDFB3"", ""seed"": 1, ""instrument"": ""EM210 #1 - TOTAL""}"
2481,2026-01-01T00:09:00+00:00,temperature_chamber,Temperatura da câmara,SENSORES,7.304644635542179,°C,VÁLIDA,SIMULADOR,1,"{""controller"": ""VIRTUAL_REFRIGERATION_MACHINE"", ""scenario_id"": ""CEN-61CD6C86"", ""execution_id"": ""EXE-58F3DF8977C2"", ""session_id"": ""DIA-F2F2AB2EDFB3"", ""seed"": 1, ""machine_state"": ""RECUPERACAO""}"
2482,2026-01-01T00:09:00+00:00,temperature_evaporator,Temperatura do evaporador,SENSORES,6.200722548345725,°C,VÁLIDA,SIMULADOR,1,"{""controller"": ""VIRTUAL_REFRIGERATION_MACHINE"", ""scenario_id"": ""CEN-61CD6C86"", ""execution_id"": ""EXE-58F3DF8977C2"", ""session_id"": ""DIA-F2F2AB2EDFB3"", ""seed"": 1, ""machine_state"": ""RECUPERACAO""}"
2483,2026-01-01T00:09:00+00:00,pressure_suction,Pressão de sucção,SENSORES,86.93817404188266,psi,VÁLIDA,SIMULADOR,1,"{""controller"": ""VIRTUAL_REFRIGERATION_MACHINE"", ""scenario_id"": ""CEN-61CD6C86"", ""execution_id"": ""EXE-58F3DF8977C2"", ""session_id"": ""DIA-F2F2AB2EDFB3"", ""seed"": 1, ""machine_state"": ""RECUPERACAO""}"
2484,2026-01-01T00:09:00+00:00,pressure_discharge,Pressão de descarga,SENSORES,96.74966165247861,psi,VÁLIDA,SIMULADOR,1,"{""controller"": ""VIRTUAL_REFRIGERATION_MACHINE"", ""scenario_id"": ""CEN-61CD6C86"", ""execution_id"": ""EXE-58F3DF8977C2"", ""session_id"": ""DIA-F2F2AB2EDFB3"", ""seed"": 1, ""machine_state"": ""RECUPERACAO""}"
2485,2026-01-01T00:09:00+00:00,compressor_command,Comando do compressor,I/O,1.0,bool,VÁLIDA,SIMULADOR,1,"{""controller"": ""VIRTUAL_REFRIGERATION_MACHINE"", ""scenario_id"": ""CEN-61CD6C86"", ""execution_id"": ""EXE-58F3DF8977C2"", ""session_id"": ""DIA-F2F2AB2EDFB3"", ""seed"": 1, ""machine_state"": ""RECUPERACAO""}"
2486,2026-01-01T00:09:00+00:00,compressor,Estado do compressor,I/O,0.0,bool,VÁLIDA,SIMULADOR,1,"{""controller"": ""VIRTUAL_REFRIGERATION_MACHINE"", ""scenario_id"": ""CEN-61CD6C86"", ""execution_id"": ""EXE-58F3DF8977C2"", ""session_id"": ""DIA-F2F2AB2EDFB3"", ""seed"": 1, ""machine_state"": ""RECUPERACAO""}"
2487,2026-01-01T00:09:00+00:00,evaporator_fan,Ventilador evaporador,I/O,1.0,bool,VÁLIDA,SIMULADOR,1,"{""controller"": ""VIRTUAL_REFRIGERATION_MACHINE"", ""scenario_id"": ""CEN-61CD6C86"", ""execution_id"": ""EXE-58F3DF8977C2"", ""session_id"": ""DIA-F2F2AB2EDFB3"", ""seed"": 1, ""machine_state"": ""RECUPERACAO""}"
2488,2026-01-01T00:09:00+00:00,condenser_fan,Ventilador condensador,I/O,1.0,bool,VÁLIDA,SIMULADOR,1,"{""controller"": ""VIRTUAL_REFRIGERATION_MACHINE"", ""scenario_id"": ""CEN-61CD6C86"", ""execution_id"": ""EXE-58F3DF8977C2"", ""session_id"": ""DIA-F2F2AB2EDFB3"", ""seed"": 1, ""machine_state"": ""RECUPERACAO""}"
2489,2026-01-01T00:09:00+00:00,defrost,Degelo,I/O,0.0,bool,VÁLIDA,SIMULADOR,1,"{""controller"": ""VIRTUAL_REFRIGERATION_MACHINE"", ""scenario_id"": ""CEN-61CD6C86"", ""execution_id"": ""EXE-58F3DF8977C2"", ""session_id"": ""DIA-F2F2AB2EDFB3"", ""seed"": 1, ""machine_state"": ""RECUPERACAO""}"
2490,2026-01-01T00:09:00+00:00,dripping,Gotejamento,I/O,0.0,bool,VÁLIDA,SIMULADOR,1,"{""controller"": ""VIRTUAL_REFRIGERATION_MACHINE"", ""scenario_id"": ""CEN-61CD6C86"", ""execution_id"": ""EXE-58F3DF8977C2"", ""session_id"": ""DIA-F2F2AB2EDFB3"", ""seed"": 1, ""machine_state"": ""RECUPERACAO""}"
2491,2026-01-01T00:09:00+00:00,communication,Comunicação simulada,COMUNICAÇÃO,1.0,bool,VÁLIDA,SIMULADOR,1,"{""controller"": ""VIRTUAL_REFRIGERATION_MACHINE"", ""scenario_id"": ""CEN-61CD6C86"", ""execution_id"": ""EXE-58F3DF8977C2"", ""session_id"": ""DIA-F2F2AB2EDFB3"", ""seed"": 1, ""machine_state"": ""RECUPERACAO""}"
2492,2026-01-01T00:09:00+00:00,current_total,Corrente total da máquina,MEDIÇÃO ELÉTRICA,7.137,A,VÁLIDA,SIMULADOR,1,"{""controller"": ""VIRTUAL_REFRIGERATION_MACHINE"", ""scenario_id"": ""CEN-61CD6C86"", ""execution_id"": ""EXE-58F3DF8977C2"", ""session_id"": ""DIA-F2F2AB2EDFB3"", ""seed"": 1, ""instrument"": ""EM210 #1 - TOTAL""}"
2493,2026-01-01T00:09:00+00:00,current_compressor,Corrente do compressor,MEDIÇÃO ELÉTRICA,0.131,A,VÁLIDA,SIMULADOR,1,"{""controller"": ""VIRTUAL_REFRIGERATION_MACHINE"", ""scenario_id"": ""CEN-61CD6C86"", ""execution_id"": ""EXE-58F3DF8977C2"", ""session_id"": ""DIA-F2F2AB2EDFB3"", ""seed"": 1, ""instrument"": ""EM210 #2 - COMPRESSOR""}"
2494,2026-01-01T00:09:00+00:00,current_l1,Corrente L1,MEDIÇÃO ELÉTRICA,2.397,A,VÁLIDA,SIMULADOR,1,"{""controller"": ""VIRTUAL_REFRIGERATION_MACHINE"", ""scenario_id"": ""CEN-61CD6C86"", ""execution_id"": ""EXE-58F3DF8977C2"", ""session_id"": ""DIA-F2F2AB2EDFB3"", ""seed"": 1, ""instrument"": ""EM210 #1 - TOTAL""}"
2495,2026-01-01T00:09:00+00:00,current_l2,Corrente L2,MEDIÇÃO ELÉTRICA,2.381,A,VÁLIDA,SIMULADOR,1,"{""controller"": ""VIRTUAL_REFRIGERATION_MACHINE"", ""scenario_id"": ""CEN-61CD6C86"", ""execution_id"": ""EXE-58F3DF8977C2"", ""session_id"": ""DIA-F2F2AB2EDFB3"", ""seed"": 1, ""instrument"": ""EM210 #1 - TOTAL""}"
2496,2026-01-01T00:09:00+00:00,current_l3,Corrente L3,MEDIÇÃO ELÉTRICA,2.379,A,VÁLIDA,SIMULADOR,1,"{""controller"": ""VIRTUAL_REFRIGERATION_MACHINE"", ""scenario_id"": ""CEN-61CD6C86"", ""execution_id"": ""EXE-58F3DF8977C2"", ""session_id"": ""DIA-F2F2AB2EDFB3"", ""seed"": 1, ""instrument"": ""EM210 #1 - TOTAL""}"
2497,2026-01-01T00:09:05+00:00,temperature_chamber,Temperatura da câmara,SENSORES,7.351598189186757,°C,VÁLIDA,SIMULADOR,1,"{""controller"": ""VIRTUAL_REFRIGERATION_MACHINE"", ""scenario_id"": ""CEN-61CD6C86"", ""execution_id"": ""EXE-58F3DF8977C2"", ""session_id"": ""DIA-F2F2AB2EDFB3"", ""seed"": 1, ""machine_state"": ""RECUPERACAO""}"
2498,2026-01-01T00:09:05+00:00,temperature_evaporator,Temperatura do evaporador,SENSORES,6.258266330387777,°C,VÁLIDA,SIMULADOR,1,"{""controller"": ""VIRTUAL_REFRIGERATION_MACHINE"", ""scenario_id"": ""CEN-61CD6C86"", ""execution_id"": ""EXE-58F3DF8977C2"", ""session_id"": ""DIA-F2F2AB2EDFB3"", ""seed"": 1, ""machine_state"": ""RECUPERACAO""}"
2499,2026-01-01T00:09:05+00:00,pressure_suction,Pressão de sucção,SENSORES,87.2443566376944,psi,VÁLIDA,SIMULADOR,1,"{""controller"": ""VIRTUAL_REFRIGERATION_MACHINE"", ""scenario_id"": ""CEN-61CD6C86"", ""execution_id"": ""EXE-58F3DF8977C2"", ""session_id"": ""DIA-F2F2AB2EDFB3"", ""seed"": 1, ""machine_state"": ""RECUPERACAO""}"
2500,2026-01-01T00:09:05+00:00,pressure_discharge,Pressão de descarga,SENSORES,96.07469548723074,psi,VÁLIDA,SIMULADOR,1,"{""controller"": ""VIRTUAL_REFRIGERATION_MACHINE"", ""scenario_id"": ""CEN-61CD6C86"", ""execution_id"": ""EXE-58F3DF8977C2"", ""session_id"": ""DIA-F2F2AB2EDFB3"", ""seed"": 1, ""machine_state"": ""RECUPERACAO""}"
2501,2026-01-01T00:09:05+00:00,compressor_command,Comando do compressor,I/O,1.0,bool,VÁLIDA,SIMULADOR,1,"{""controller"": ""VIRTUAL_REFRIGERATION_MACHINE"", ""scenario_id"": ""CEN-61CD6C86"", ""execution_id"": ""EXE-58F3DF8977C2"", ""session_id"": ""DIA-F2F2AB2EDFB3"", ""seed"": 1, ""machine_state"": ""RECUPERACAO""}"
2502,2026-01-01T00:09:05+00:00,compressor,Estado do compressor,I/O,0.0,bool,VÁLIDA,SIMULADOR,1,"{""controller"": ""VIRTUAL_REFRIGERATION_MACHINE"", ""scenario_id"": ""CEN-61CD6C86"", ""execution_id"": ""EXE-58F3DF8977C2"", ""session_id"": ""DIA-F2F2AB2EDFB3"", ""seed"": 1, ""machine_state"": ""RECUPERACAO""}"
2503,2026-01-01T00:09:05+00:00,evaporator_fan,Ventilador evaporador,I/O,1.0,bool,VÁLIDA,SIMULADOR,1,"{""controller"": ""VIRTUAL_REFRIGERATION_MACHINE"", ""scenario_id"": ""CEN-61CD6C86"", ""execution_id"": ""EXE-58F3DF8977C2"", ""session_id"": ""DIA-F2F2AB2EDFB3"", ""seed"": 1, ""machine_state"": ""RECUPERACAO""}"
2504,2026-01-01T00:09:05+00:00,condenser_fan,Ventilador condensador,I/O,1.0,bool,VÁLIDA,SIMULADOR,1,"{""controller"": ""VIRTUAL_REFRIGERATION_MACHINE"", ""scenario_id"": ""CEN-61CD6C86"", ""execution_id"": ""EXE-58F3DF8977C2"", ""session_id"": ""DIA-F2F2AB2EDFB3"", ""seed"": 1, ""machine_state"": ""RECUPERACAO""}"
2505,2026-01-01T00:09:05+00:00,defrost,Degelo,I/O,0.0,bool,VÁLIDA,SIMULADOR,1,"{""controller"": ""VIRTUAL_REFRIGERATION_MACHINE"", ""scenario_id"": ""CEN-61CD6C86"", ""execution_id"": ""EXE-58F3DF8977C2"", ""session_id"": ""DIA-F2F2AB2EDFB3"", ""seed"": 1, ""machine_state"": ""RECUPERACAO""}"
2506,2026-01-01T00:09:05+00:00,dripping,Gotejamento,I/O,0.0,bool,VÁLIDA,SIMULADOR,1,"{""controller"": ""VIRTUAL_REFRIGERATION_MACHINE"", ""scenario_id"": ""CEN-61CD6C86"", ""execution_id"": ""EXE-58F3DF8977C2"", ""session_id"": ""DIA-F2F2AB2EDFB3"", ""seed"": 1, ""machine_state"": ""RECUPERACAO""}"
2507,2026-01-01T00:09:05+00:00,communication,Comunicação simulada,COMUNICAÇÃO,1.0,bool,VÁLIDA,SIMULADOR,1,"{""controller"": ""VIRTUAL_REFRIGERATION_MACHINE"", ""scenario_id"": ""CEN-61CD6C86"", ""execution_id"": ""EXE-58F3DF8977C2"", ""session_id"": ""DIA-F2F2AB2EDFB3"", ""seed"": 1, ""machine_state"": ""RECUPERACAO""}"
2508,2026-01-01T00:09:05+00:00,current_total,Corrente total da máquina,MEDIÇÃO ELÉTRICA,7.159,A,VÁLIDA,SIMULADOR,1,"{""controller"": ""VIRTUAL_REFRIGERATION_MACHINE"", ""scenario_id"": ""CEN-61CD6C86"", ""execution_id"": ""EXE-58F3DF8977C2"", ""session_id"": ""DIA-F2F2AB2EDFB3"", ""seed"": 1, ""instrument"": ""EM210 #1 - TOTAL""}"
2509,2026-01-01T00:09:05+00:00,current_compressor,Corrente do compressor,MEDIÇÃO ELÉTRICA,0.135,A,VÁLIDA,SIMULADOR,1,"{""controller"": ""VIRTUAL_REFRIGERATION_MACHINE"", ""scenario_id"": ""CEN-61CD6C86"", ""execution_id"": ""EXE-58F3DF8977C2"", ""session_id"": ""DIA-F2F2AB2EDFB3"", ""seed"": 1, ""instrument"": ""EM210 #2 - COMPRESSOR""}"
2510,2026-01-01T00:09:05+00:00,current_l1,Corrente L1,MEDIÇÃO ELÉTRICA,2.396,A,VÁLIDA,SIMULADOR,1,"{""controller"": ""VIRTUAL_REFRIGERATION_MACHINE"", ""scenario_id"": ""CEN-61CD6C86"", ""execution_id"": ""EXE-58F3DF8977C2"", ""session_id"": ""DIA-F2F2AB2EDFB3"", ""seed"": 1, ""instrument"": ""EM210 #1 - TOTAL""}"
2511,2026-01-01T00:09:05+00:00,current_l2,Corrente L2,MEDIÇÃO ELÉTRICA,2.381,A,VÁLIDA,SIMULADOR,1,"{""controller"": ""VIRTUAL_REFRIGERATION_MACHINE"", ""scenario_id"": ""CEN-61CD6C86"", ""execution_id"": ""EXE-58F3DF8977C2"", ""session_id"": ""DIA-F2F2AB2EDFB3"", ""seed"": 1, ""instrument"": ""EM210 #1 - TOTAL""}"
2512,2026-01-01T00:09:05+00:00,current_l3,Corrente L3,MEDIÇÃO ELÉTRICA,2.396,A,VÁLIDA,SIMULADOR,1,"{""controller"": ""VIRTUAL_REFRIGERATION_MACHINE"", ""scenario_id"": ""CEN-61CD6C86"", ""execution_id"": ""EXE-58F3DF8977C2"", ""session_id"": ""DIA-F2F2AB2EDFB3"", ""seed"": 1, ""instrument"": ""EM210 #1 - TOTAL""}"
2513,2026-01-01T00:09:10+00:00,temperature_chamber,Temperatura da câmara,SENSORES,7.398082207294889,°C,VÁLIDA,SIMULADOR,1,"{""controller"": ""VIRTUAL_REFRIGERATION_MACHINE"", ""scenario_id"": ""CEN-61CD6C86"", ""execution_id"": ""EXE-58F3DF8977C2"", ""session_id"": ""DIA-F2F2AB2EDFB3"", ""seed"": 1, ""machine_state"": ""RECUPERACAO""}"
2514,2026-01-01T00:09:10+00:00,temperature_evaporator,Temperatura do evaporador,SENSORES,6.315257124233132,°C,VÁLIDA,SIMULADOR,1,"{""controller"": ""VIRTUAL_REFRIGERATION_MACHINE"", ""scenario_id"": ""CEN-61CD6C86"", ""execution_id"": ""EXE-58F3DF8977C2"", ""session_id"": ""DIA-F2F2AB2EDFB3"", ""seed"": 1, ""machine_state"": ""RECUPERACAO""}"
2515,2026-01-01T00:09:10+00:00,pressure_suction,Pressão de sucção,SENSORES,87.51992097392495,psi,VÁLIDA,SIMULADOR,1,"{""controller"": ""VIRTUAL_REFRIGERATION_MACHINE"", ""scenario_id"": ""CEN-61CD6C86"", ""execution_id"": ""EXE-58F3DF8977C2"", ""session_id"": ""DIA-F2F2AB2EDFB3"", ""seed"": 1, ""machine_state"": ""RECUPERACAO""}"
2516,2026-01-01T00:09:10+00:00,pressure_discharge,Pressão de descarga,SENSORES,95.46722593850767,psi,VÁLIDA,SIMULADOR,1,"{""controller"": ""VIRTUAL_REFRIGERATION_MACHINE"", ""scenario_id"": ""CEN-61CD6C86"", ""execution_id"": ""EXE-58F3DF8977C2"", ""session_id"": ""DIA-F2F2AB2EDFB3"", ""seed"": 1, ""machine_state"": ""RECUPERACAO""}"
2517,2026-01-01T00:09:10+00:00,compressor_command,Comando do compressor,I/O,1.0,bool,VÁLIDA,SIMULADOR,1,"{""controller"": ""VIRTUAL_REFRIGERATION_MACHINE"", ""scenario_id"": ""CEN-61CD6C86"", ""execution_id"": ""EXE-58F3DF8977C2"", ""session_id"": ""DIA-F2F2AB2EDFB3"", ""seed"": 1, ""machine_state"": ""RECUPERACAO""}"
2518,2026-01-01T00:09:10+00:00,compressor,Estado do compressor,I/O,0.0,bool,VÁLIDA,SIMULADOR,1,"{""controller"": ""VIRTUAL_REFRIGERATION_MACHINE"", ""scenario_id"": ""CEN-61CD6C86"", ""execution_id"": ""EXE-58F3DF8977C2"", ""session_id"": ""DIA-F2F2AB2EDFB3"", ""seed"": 1, ""machine_state"": ""RECUPERACAO""}"
2519,2026-01-01T00:09:10+00:00,evaporator_fan,Ventilador evaporador,I/O,1.0,bool,VÁLIDA,SIMULADOR,1,"{""controller"": ""VIRTUAL_REFRIGERATION_MACHINE"", ""scenario_id"": ""CEN-61CD6C86"", ""execution_id"": ""EXE-58F3DF8977C2"", ""session_id"": ""DIA-F2F2AB2EDFB3"", ""seed"": 1, ""machine_state"": ""RECUPERACAO""}"
2520,2026-01-01T00:09:10+00:00,condenser_fan,Ventilador condensador,I/O,1.0,bool,VÁLIDA,SIMULADOR,1,"{""controller"": ""VIRTUAL_REFRIGERATION_MACHINE"", ""scenario_id"": ""CEN-61CD6C86"", ""execution_id"": ""EXE-58F3DF8977C2"", ""session_id"": ""DIA-F2F2AB2EDFB3"", ""seed"": 1, ""machine_state"": ""RECUPERACAO""}"
2521,2026-01-01T00:09:10+00:00,defrost,Degelo,I/O,0.0,bool,VÁLIDA,SIMULADOR,1,"{""controller"": ""VIRTUAL_REFRIGERATION_MACHINE"", ""scenario_id"": ""CEN-61CD6C86"", ""execution_id"": ""EXE-58F3DF8977C2"", ""session_id"": ""DIA-F2F2AB2EDFB3"", ""seed"": 1, ""machine_state"": ""RECUPERACAO""}"
2522,2026-01-01T00:09:10+00:00,dripping,Gotejamento,I/O,0.0,bool,VÁLIDA,SIMULADOR,1,"{""controller"": ""VIRTUAL_REFRIGERATION_MACHINE"", ""scenario_id"": ""CEN-61CD6C86"", ""execution_id"": ""EXE-58F3DF8977C2"", ""session_id"": ""DIA-F2F2AB2EDFB3"", ""seed"": 1, ""machine_state"": ""RECUPERACAO""}"
2523,2026-01-01T00:09:10+00:00,communication,Comunicação simulada,COMUNICAÇÃO,1.0,bool,VÁLIDA,SIMULADOR,1,"{""controller"": ""VIRTUAL_REFRIGERATION_MACHINE"", ""scenario_id"": ""CEN-61CD6C86"", ""execution_id"": ""EXE-58F3DF8977C2"", ""session_id"": ""DIA-F2F2AB2EDFB3"", ""seed"": 1, ""machine_state"": ""RECUPERACAO""}"
2524,2026-01-01T00:09:10+00:00,current_total,Corrente total da máquina,MEDIÇÃO ELÉTRICA,7.156,A,VÁLIDA,SIMULADOR,1,"{""controller"": ""VIRTUAL_REFRIGERATION_MACHINE"", ""scenario_id"": ""CEN-61CD6C86"", ""execution_id"": ""EXE-58F3DF8977C2"", ""session_id"": ""DIA-F2F2AB2EDFB3"", ""seed"": 1, ""instrument"": ""EM210 #1 - TOTAL""}"
2525,2026-01-01T00:09:10+00:00,current_compressor,Corrente do compressor,MEDIÇÃO ELÉTRICA,0.17,A,VÁLIDA,SIMULADOR,1,"{""controller"": ""VIRTUAL_REFRIGERATION_MACHINE"", ""scenario_id"": ""CEN-61CD6C86"", ""execution_id"": ""EXE-58F3DF8977C2"", ""session_id"": ""DIA-F2F2AB2EDFB3"", ""seed"": 1, ""instrument"": ""EM210 #2 - COMPRESSOR""}"
2526,2026-01-01T00:09:10+00:00,current_l1,Corrente L1,MEDIÇÃO ELÉTRICA,2.394,A,VÁLIDA,SIMULADOR,1,"{""controller"": ""VIRTUAL_REFRIGERATION_MACHINE"", ""scenario_id"": ""CEN-61CD6C86"", ""execution_id"": ""EXE-58F3DF8977C2"", ""session_id"": ""DIA-F2F2AB2EDFB3"", ""seed"": 1, ""instrument"": ""EM210 #1 - TOTAL""}"
2527,2026-01-01T00:09:10+00:00,current_l2,Corrente L2,MEDIÇÃO ELÉTRICA,2.382,A,VÁLIDA,SIMULADOR,1,"{""controller"": ""VIRTUAL_REFRIGERATION_MACHINE"", ""scenario_id"": ""CEN-61CD6C86"", ""execution_id"": ""EXE-58F3DF8977C2"", ""session_id"": ""DIA-F2F2AB2EDFB3"", ""seed"": 1, ""instrument"": ""EM210 #1 - TOTAL""}"
2528,2026-01-01T00:09:10+00:00,current_l3,Corrente L3,MEDIÇÃO ELÉTRICA,2.378,A,VÁLIDA,SIMULADOR,1,"{""controller"": ""VIRTUAL_REFRIGERATION_MACHINE"", ""scenario_id"": ""CEN-61CD6C86"", ""execution_id"": ""EXE-58F3DF8977C2"", ""session_id"": ""DIA-F2F2AB2EDFB3"", ""seed"": 1, ""instrument"": ""EM210 #1 - TOTAL""}"
2529,2026-01-01T00:09:15+00:00,temperature_chamber,Temperatura da câmara,SENSORES,7.44410138522194,°C,VÁLIDA,SIMULADOR,1,"{""controller"": ""VIRTUAL_REFRIGERATION_MACHINE"", ""scenario_id"": ""CEN-61CD6C86"", ""execution_id"": ""EXE-58F3DF8977C2"", ""session_id"": ""DIA-F2F2AB2EDFB3"", ""seed"": 1, ""machine_state"": ""RECUPERACAO""}"
2530,2026-01-01T00:09:15+00:00,temperature_evaporator,Temperatura do evaporador,SENSORES,6.371699337282573,°C,VÁLIDA,SIMULADOR,1,"{""controller"": ""VIRTUAL_REFRIGERATION_MACHINE"", ""scenario_id"": ""CEN-61CD6C86"", ""execution_id"": ""EXE-58F3DF8977C2"", ""session_id"": ""DIA-F2F2AB2EDFB3"", ""seed"": 1, ""machine_state"": ""RECUPERACAO""}"
2531,2026-01-01T00:09:15+00:00,pressure_suction,Pressão de sucção,SENSORES,87.76792887653247,psi,VÁLIDA,SIMULADOR,1,"{""controller"": ""VIRTUAL_REFRIGERATION_MACHINE"", ""scenario_id"": ""CEN-61CD6C86"", ""execution_id"": ""EXE-58F3DF8977C2"", ""session_id"": ""DIA-F2F2AB2EDFB3"", ""seed"": 1, ""machine_state"": ""RECUPERACAO""}"
2532,2026-01-01T00:09:15+00:00,pressure_discharge,Pressão de descarga,SENSORES,94.92050334465691,psi,VÁLIDA,SIMULADOR,1,"{""controller"": ""VIRTUAL_REFRIGERATION_MACHINE"", ""scenario_id"": ""CEN-61CD6C86"", ""execution_id"": ""EXE-58F3DF8977C2"", ""session_id"": ""DIA-F2F2AB2EDFB3"", ""seed"": 1, ""machine_state"": ""RECUPERACAO""}"
2533,2026-01-01T00:09:15+00:00,compressor_command,Comando do compressor,I/O,1.0,bool,VÁLIDA,SIMULADOR,1,"{""controller"": ""VIRTUAL_REFRIGERATION_MACHINE"", ""scenario_id"": ""CEN-61CD6C86"", ""execution_id"": ""EXE-58F3DF8977C2"", ""session_id"": ""DIA-F2F2AB2EDFB3"", ""seed"": 1, ""machine_state"": ""RECUPERACAO""}"
2534,2026-01-01T00:09:15+00:00,compressor,Estado do compressor,I/O,0.0,bool,VÁLIDA,SIMULADOR,1,"{""controller"": ""VIRTUAL_REFRIGERATION_MACHINE"", ""scenario_id"": ""CEN-61CD6C86"", ""execution_id"": ""EXE-58F3DF8977C2"", ""session_id"": ""DIA-F2F2AB2EDFB3"", ""seed"": 1, ""machine_state"": ""RECUPERACAO""}"
2535,2026-01-01T00:09:15+00:00,evaporator_fan,Ventilador evaporador,I/O,1.0,bool,VÁLIDA,SIMULADOR,1,"{""controller"": ""VIRTUAL_REFRIGERATION_MACHINE"", ""scenario_id"": ""CEN-61CD6C86"", ""execution_id"": ""EXE-58F3DF8977C2"", ""session_id"": ""DIA-F2F2AB2EDFB3"", ""seed"": 1, ""machine_state"": ""RECUPERACAO""}"
2536,2026-01-01T00:09:15+00:00,condenser_fan,Ventilador condensador,I/O,1.0,bool,VÁLIDA,SIMULADOR,1,"{""controller"": ""VIRTUAL_REFRIGERATION_MACHINE"", ""scenario_id"": ""CEN-61CD6C86"", ""execution_id"": ""EXE-58F3DF8977C2"", ""session_id"": ""DIA-F2F2AB2EDFB3"", ""seed"": 1, ""machine_state"": ""RECUPERACAO""}"
2537,2026-01-01T00:09:15+00:00,defrost,Degelo,I/O,0.0,bool,VÁLIDA,SIMULADOR,1,"{""controller"": ""VIRTUAL_REFRIGERATION_MACHINE"", ""scenario_id"": ""CEN-61CD6C86"", ""execution_id"": ""EXE-58F3DF8977C2"", ""session_id"": ""DIA-F2F2AB2EDFB3"", ""seed"": 1, ""machine_state"": ""RECUPERACAO""}"
2538,2026-01-01T00:09:15+00:00,dripping,Gotejamento,I/O,0.0,bool,VÁLIDA,SIMULADOR,1,"{""controller"": ""VIRTUAL_REFRIGERATION_MACHINE"", ""scenario_id"": ""CEN-61CD6C86"", ""execution_id"": ""EXE-58F3DF8977C2"", ""session_id"": ""DIA-F2F2AB2EDFB3"", ""seed"": 1, ""machine_state"": ""RECUPERACAO""}"
2539,2026-01-01T00:09:15+00:00,communication,Comunicação simulada,COMUNICAÇÃO,1.0,bool,VÁLIDA,SIMULADOR,1,"{""controller"": ""VIRTUAL_REFRIGERATION_MACHINE"", ""scenario_id"": ""CEN-61CD6C86"", ""execution_id"": ""EXE-58F3DF8977C2"", ""session_id"": ""DIA-F2F2AB2EDFB3"", ""seed"": 1, ""machine_state"": ""RECUPERACAO""}"
2540,2026-01-01T00:09:15+00:00,current_total,Corrente total da máquina,MEDIÇÃO ELÉTRICA,7.144,A,VÁLIDA,SIMULADOR,1,"{""controller"": ""VIRTUAL_REFRIGERATION_MACHINE"", ""scenario_id"": ""CEN-61CD6C86"", ""execution_id"": ""EXE-58F3DF8977C2"", ""session_id"": ""DIA-F2F2AB2EDFB3"", ""seed"": 1, ""instrument"": ""EM210 #1 - TOTAL""}"
2541,2026-01-01T00:09:15+00:00,current_compressor,Corrente do compressor,MEDIÇÃO ELÉTRICA,0.166,A,VÁLIDA,SIMULADOR,1,"{""controller"": ""VIRTUAL_REFRIGERATION_MACHINE"", ""scenario_id"": ""CEN-61CD6C86"", ""execution_id"": ""EXE-58F3DF8977C2"", ""session_id"": ""DIA-F2F2AB2EDFB3"", ""seed"": 1, ""instrument"": ""EM210 #2 - COMPRESSOR""}"
2542,2026-01-01T00:09:15+00:00,current_l1,Corrente L1,MEDIÇÃO ELÉTRICA,2.372,A,VÁLIDA,SIMULADOR,1,"{""controller"": ""VIRTUAL_REFRIGERATION_MACHINE"", ""scenario_id"": ""CEN-61CD6C86"", ""execution_id"": ""EXE-58F3DF8977C2"", ""session_id"": ""DIA-F2F2AB2EDFB3"", ""seed"": 1, ""instrument"": ""EM210 #1 - TOTAL""}"
2543,2026-01-01T00:09:15+00:00,current_l2,Corrente L2,MEDIÇÃO ELÉTRICA,2.376,A,VÁLIDA,SIMULADOR,1,"{""controller"": ""VIRTUAL_REFRIGERATION_MACHINE"", ""scenario_id"": ""CEN-61CD6C86"", ""execution_id"": ""EXE-58F3DF8977C2"", ""session_id"": ""DIA-F2F2AB2EDFB3"", ""seed"": 1, ""instrument"": ""EM210 #1 - TOTAL""}"
2544,2026-01-01T00:09:15+00:00,current_l3,Corrente L3,MEDIÇÃO ELÉTRICA,2.386,A,VÁLIDA,SIMULADOR,1,"{""controller"": ""VIRTUAL_REFRIGERATION_MACHINE"", ""scenario_id"": ""CEN-61CD6C86"", ""execution_id"": ""EXE-58F3DF8977C2"", ""session_id"": ""DIA-F2F2AB2EDFB3"", ""seed"": 1, ""instrument"": ""EM210 #1 - TOTAL""}"
2545,2026-01-01T00:09:20+00:00,temperature_chamber,Temperatura da câmara,SENSORES,7.489660371369721,°C,VÁLIDA,SIMULADOR,1,"{""controller"": ""VIRTUAL_REFRIGERATION_MACHINE"", ""scenario_id"": ""CEN-61CD6C86"", ""execution_id"": ""EXE-58F3DF8977C2"", ""session_id"": ""DIA-F2F2AB2EDFB3"", ""seed"": 1, ""machine_state"": ""RECUPERACAO""}"
2546,2026-01-01T00:09:20+00:00,temperature_evaporator,Temperatura do evaporador,SENSORES,6.42759738898693,°C,VÁLIDA,SIMULADOR,1,"{""controller"": ""VIRTUAL_REFRIGERATION_MACHINE"", ""scenario_id"": ""CEN-61CD6C86"", ""execution_id"": ""EXE-58F3DF8977C2"", ""session_id"": ""DIA-F2F2AB2EDFB3"", ""seed"": 1, ""machine_state"": ""RECUPERACAO""}"
2547,2026-01-01T00:09:20+00:00,pressure_suction,Pressão de sucção,SENSORES,87.99113598887922,psi,VÁLIDA,SIMULADOR,1,"{""controller"": ""VIRTUAL_REFRIGERATION_MACHINE"", ""scenario_id"": ""CEN-61CD6C86"", ""execution_id"": ""EXE-58F3DF8977C2"", ""session_id"": ""DIA-F2F2AB2EDFB3"", ""seed"": 1, ""machine_state"": ""RECUPERACAO""}"
2548,2026-01-01T00:09:20+00:00,pressure_discharge,Pressão de descarga,SENSORES,94.42845301019122,psi,VÁLIDA,SIMULADOR,1,"{""controller"": ""VIRTUAL_REFRIGERATION_MACHINE"", ""scenario_id"": ""CEN-61CD6C86"", ""execution_id"": ""EXE-58F3DF8977C2"", ""session_id"": ""DIA-F2F2AB2EDFB3"", ""seed"": 1, ""machine_state"": ""RECUPERACAO""}"
2549,2026-01-01T00:09:20+00:00,compressor_command,Comando do compressor,I/O,1.0,bool,VÁLIDA,SIMULADOR,1,"{""controller"": ""VIRTUAL_REFRIGERATION_MACHINE"", ""scenario_id"": ""CEN-61CD6C86"", ""execution_id"": ""EXE-58F3DF8977C2"", ""session_id"": ""DIA-F2F2AB2EDFB3"", ""seed"": 1, ""machine_state"": ""RECUPERACAO""}"
2550,2026-01-01T00:09:20+00:00,compressor,Estado do compressor,I/O,0.0,bool,VÁLIDA,SIMULADOR,1,"{""controller"": ""VIRTUAL_REFRIGERATION_MACHINE"", ""scenario_id"": ""CEN-61CD6C86"", ""execution_id"": ""EXE-58F3DF8977C2"", ""session_id"": ""DIA-F2F2AB2EDFB3"", ""seed"": 1, ""machine_state"": ""RECUPERACAO""}"
2551,2026-01-01T00:09:20+00:00,evaporator_fan,Ventilador evaporador,I/O,1.0,bool,VÁLIDA,SIMULADOR,1,"{""controller"": ""VIRTUAL_REFRIGERATION_MACHINE"", ""scenario_id"": ""CEN-61CD6C86"", ""execution_id"": ""EXE-58F3DF8977C2"", ""session_id"": ""DIA-F2F2AB2EDFB3"", ""seed"": 1, ""machine_state"": ""RECUPERACAO""}"
2552,2026-01-01T00:09:20+00:00,condenser_fan,Ventilador condensador,I/O,1.0,bool,VÁLIDA,SIMULADOR,1,"{""controller"": ""VIRTUAL_REFRIGERATION_MACHINE"", ""scenario_id"": ""CEN-61CD6C86"", ""execution_id"": ""EXE-58F3DF8977C2"", ""session_id"": ""DIA-F2F2AB2EDFB3"", ""seed"": 1, ""machine_state"": ""RECUPERACAO""}"
2553,2026-01-01T00:09:20+00:00,defrost,Degelo,I/O,0.0,bool,VÁLIDA,SIMULADOR,1,"{""controller"": ""VIRTUAL_REFRIGERATION_MACHINE"", ""scenario_id"": ""CEN-61CD6C86"", ""execution_id"": ""EXE-58F3DF8977C2"", ""session_id"": ""DIA-F2F2AB2EDFB3"", ""seed"": 1, ""machine_state"": ""RECUPERACAO""}"
2554,2026-01-01T00:09:20+00:00,dripping,Gotejamento,I/O,0.0,bool,VÁLIDA,SIMULADOR,1,"{""controller"": ""VIRTUAL_REFRIGERATION_MACHINE"", ""scenario_id"": ""CEN-61CD6C86"", ""execution_id"": ""EXE-58F3DF8977C2"", ""session_id"": ""DIA-F2F2AB2EDFB3"", ""seed"": 1, ""machine_state"": ""RECUPERACAO""}"
2555,2026-01-01T00:09:20+00:00,communication,Comunicação simulada,COMUNICAÇÃO,1.0,bool,VÁLIDA,SIMULADOR,1,"{""controller"": ""VIRTUAL_REFRIGERATION_MACHINE"", ""scenario_id"": ""CEN-61CD6C86"", ""execution_id"": ""EXE-58F3DF8977C2"", ""session_id"": ""DIA-F2F2AB2EDFB3"", ""seed"": 1, ""machine_state"": ""RECUPERACAO""}"
2556,2026-01-01T00:09:20+00:00,current_total,Corrente total da máquina,MEDIÇÃO ELÉTRICA,7.158,A,VÁLIDA,SIMULADOR,1,"{""controller"": ""VIRTUAL_REFRIGERATION_MACHINE"", ""scenario_id"": ""CEN-61CD6C86"", ""execution_id"": ""EXE-58F3DF8977C2"", ""session_id"": ""DIA-F2F2AB2EDFB3"", ""seed"": 1, ""instrument"": ""EM210 #1 - TOTAL""}"
2557,2026-01-01T00:09:20+00:00,current_compressor,Corrente do compressor,MEDIÇÃO ELÉTRICA,0.142,A,VÁLIDA,SIMULADOR,1,"{""controller"": ""VIRTUAL_REFRIGERATION_MACHINE"", ""scenario_id"": ""CEN-61CD6C86"", ""execution_id"": ""EXE-58F3DF8977C2"", ""session_id"": ""DIA-F2F2AB2EDFB3"", ""seed"": 1, ""instrument"": ""EM210 #2 - COMPRESSOR""}"
2558,2026-01-01T00:09:20+00:00,current_l1,Corrente L1,MEDIÇÃO ELÉTRICA,2.398,A,VÁLIDA,SIMULADOR,1,"{""controller"": ""VIRTUAL_REFRIGERATION_MACHINE"", ""scenario_id"": ""CEN-61CD6C86"", ""execution_id"": ""EXE-58F3DF8977C2"", ""session_id"": ""DIA-F2F2AB2EDFB3"", ""seed"": 1, ""instrument"": ""EM210 #1 - TOTAL""}"
2559,2026-01-01T00:09:20+00:00,current_l2,Corrente L2,MEDIÇÃO ELÉTRICA,2.383,A,VÁLIDA,SIMULADOR,1,"{""controller"": ""VIRTUAL_REFRIGERATION_MACHINE"", ""scenario_id"": ""CEN-61CD6C86"", ""execution_id"": ""EXE-58F3DF8977C2"", ""session_id"": ""DIA-F2F2AB2EDFB3"", ""seed"": 1, ""instrument"": ""EM210 #1 - TOTAL""}"
2560,2026-01-01T00:09:20+00:00,current_l3,Corrente L3,MEDIÇÃO ELÉTRICA,2.397,A,VÁLIDA,SIMULADOR,1,"{""controller"": ""VIRTUAL_REFRIGERATION_MACHINE"", ""scenario_id"": ""CEN-61CD6C86"", ""execution_id"": ""EXE-58F3DF8977C2"", ""session_id"": ""DIA-F2F2AB2EDFB3"", ""seed"": 1, ""instrument"": ""EM210 #1 - TOTAL""}"
2561,2026-01-01T00:09:25+00:00,temperature_chamber,Temperatura da câmara,SENSORES,7.534763767656024,°C,VÁLIDA,SIMULADOR,1,"{""controller"": ""VIRTUAL_REFRIGERATION_MACHINE"", ""scenario_id"": ""CEN-61CD6C86"", ""execution_id"": ""EXE-58F3DF8977C2"", ""session_id"": ""DIA-F2F2AB2EDFB3"", ""seed"": 1, ""machine_state"": ""RECUPERACAO""}"
2562,2026-01-01T00:09:25+00:00,temperature_evaporator,Temperatura do evaporador,SENSORES,6.482955707920385,°C,VÁLIDA,SIMULADOR,1,"{""controller"": ""VIRTUAL_REFRIGERATION_MACHINE"", ""scenario_id"": ""CEN-61CD6C86"", ""execution_id"": ""EXE-58F3DF8977C2"", ""session_id"": ""DIA-F2F2AB2EDFB3"", ""seed"": 1, ""machine_state"": ""RECUPERACAO""}"
2563,2026-01-01T00:09:25+00:00,pressure_suction,Pressão de sucção,SENSORES,88.1920223899913,psi,VÁLIDA,SIMULADOR,1,"{""controller"": ""VIRTUAL_REFRIGERATION_MACHINE"", ""scenario_id"": ""CEN-61CD6C86"", ""execution_id"": ""EXE-58F3DF8977C2"", ""session_id"": ""DIA-F2F2AB2EDFB3"", ""seed"": 1, ""machine_state"": ""RECUPERACAO""}"
2564,2026-01-01T00:09:25+00:00,pressure_discharge,Pressão de descarga,SENSORES,93.9856077091721,psi,VÁLIDA,SIMULADOR,1,"{""controller"": ""VIRTUAL_REFRIGERATION_MACHINE"", ""scenario_id"": ""CEN-61CD6C86"", ""execution_id"": ""EXE-58F3DF8977C2"", ""session_id"": ""DIA-F2F2AB2EDFB3"", ""seed"": 1, ""machine_state"": ""RECUPERACAO""}"
2565,2026-01-01T00:09:25+00:00,compressor_command,Comando do compressor,I/O,1.0,bool,VÁLIDA,SIMULADOR,1,"{""controller"": ""VIRTUAL_REFRIGERATION_MACHINE"", ""scenario_id"": ""CEN-61CD6C86"", ""execution_id"": ""EXE-58F3DF8977C2"", ""session_id"": ""DIA-F2F2AB2EDFB3"", ""seed"": 1, ""machine_state"": ""RECUPERACAO""}"
2566,2026-01-01T00:09:25+00:00,compressor,Estado do compressor,I/O,0.0,bool,VÁLIDA,SIMULADOR,1,"{""controller"": ""VIRTUAL_REFRIGERATION_MACHINE"", ""scenario_id"": ""CEN-61CD6C86"", ""execution_id"": ""EXE-58F3DF8977C2"", ""session_id"": ""DIA-F2F2AB2EDFB3"", ""seed"": 1, ""machine_state"": ""RECUPERACAO""}"
2567,2026-01-01T00:09:25+00:00,evaporator_fan,Ventilador evaporador,I/O,1.0,bool,VÁLIDA,SIMULADOR,1,"{""controller"": ""VIRTUAL_REFRIGERATION_MACHINE"", ""scenario_id"": ""CEN-61CD6C86"", ""execution_id"": ""EXE-58F3DF8977C2"", ""session_id"": ""DIA-F2F2AB2EDFB3"", ""seed"": 1, ""machine_state"": ""RECUPERACAO""}"
2568,2026-01-01T00:09:25+00:00,condenser_fan,Ventilador condensador,I/O,1.0,bool,VÁLIDA,SIMULADOR,1,"{""controller"": ""VIRTUAL_REFRIGERATION_MACHINE"", ""scenario_id"": ""CEN-61CD6C86"", ""execution_id"": ""EXE-58F3DF8977C2"", ""session_id"": ""DIA-F2F2AB2EDFB3"", ""seed"": 1, ""machine_state"": ""RECUPERACAO""}"
2569,2026-01-01T00:09:25+00:00,defrost,Degelo,I/O,0.0,bool,VÁLIDA,SIMULADOR,1,"{""controller"": ""VIRTUAL_REFRIGERATION_MACHINE"", ""scenario_id"": ""CEN-61CD6C86"", ""execution_id"": ""EXE-58F3DF8977C2"", ""session_id"": ""DIA-F2F2AB2EDFB3"", ""seed"": 1, ""machine_state"": ""RECUPERACAO""}"
2570,2026-01-01T00:09:25+00:00,dripping,Gotejamento,I/O,0.0,bool,VÁLIDA,SIMULADOR,1,"{""controller"": ""VIRTUAL_REFRIGERATION_MACHINE"", ""scenario_id"": ""CEN-61CD6C86"", ""execution_id"": ""EXE-58F3DF8977C2"", ""session_id"": ""DIA-F2F2AB2EDFB3"", ""seed"": 1, ""machine_state"": ""RECUPERACAO""}"
2571,2026-01-01T00:09:25+00:00,communication,Comunicação simulada,COMUNICAÇÃO,1.0,bool,VÁLIDA,SIMULADOR,1,"{""controller"": ""VIRTUAL_REFRIGERATION_MACHINE"", ""scenario_id"": ""CEN-61CD6C86"", ""execution_id"": ""EXE-58F3DF8977C2"", ""session_id"": ""DIA-F2F2AB2EDFB3"", ""seed"": 1, ""machine_state"": ""RECUPERACAO""}"
2572,2026-01-01T00:09:25+00:00,current_total,Corrente total da máquina,MEDIÇÃO ELÉTRICA,7.167,A,VÁLIDA,SIMULADOR,1,"{""controller"": ""VIRTUAL_REFRIGERATION_MACHINE"", ""scenario_id"": ""CEN-61CD6C86"", ""execution_id"": ""EXE-58F3DF8977C2"", ""session_id"": ""DIA-F2F2AB2EDFB3"", ""seed"": 1, ""instrument"": ""EM210 #1 - TOTAL""}"
2573,2026-01-01T00:09:25+00:00,current_compressor,Corrente do compressor,MEDIÇÃO ELÉTRICA,0.143,A,VÁLIDA,SIMULADOR,1,"{""controller"": ""VIRTUAL_REFRIGERATION_MACHINE"", ""scenario_id"": ""CEN-61CD6C86"", ""execution_id"": ""EXE-58F3DF8977C2"", ""session_id"": ""DIA-F2F2AB2EDFB3"", ""seed"": 1, ""instrument"": ""EM210 #2 - COMPRESSOR""}"
2574,2026-01-01T00:09:25+00:00,current_l1,Corrente L1,MEDIÇÃO ELÉTRICA,2.384,A,VÁLIDA,SIMULADOR,1,"{""controller"": ""VIRTUAL_REFRIGERATION_MACHINE"", ""scenario_id"": ""CEN-61CD6C86"", ""execution_id"": ""EXE-58F3DF8977C2"", ""session_id"": ""DIA-F2F2AB2EDFB3"", ""seed"": 1, ""instrument"": ""EM210 #1 - TOTAL""}"
2575,2026-01-01T00:09:25+00:00,current_l2,Corrente L2,MEDIÇÃO ELÉTRICA,2.401,A,VÁLIDA,SIMULADOR,1,"{""controller"": ""VIRTUAL_REFRIGERATION_MACHINE"", ""scenario_id"": ""CEN-61CD6C86"", ""execution_id"": ""EXE-58F3DF8977C2"", ""session_id"": ""DIA-F2F2AB2EDFB3"", ""seed"": 1, ""instrument"": ""EM210 #1 - TOTAL""}"
2576,2026-01-01T00:09:25+00:00,current_l3,Corrente L3,MEDIÇÃO ELÉTRICA,2.383,A,VÁLIDA,SIMULADOR,1,"{""controller"": ""VIRTUAL_REFRIGERATION_MACHINE"", ""scenario_id"": ""CEN-61CD6C86"", ""execution_id"": ""EXE-58F3DF8977C2"", ""session_id"": ""DIA-F2F2AB2EDFB3"", ""seed"": 1, ""instrument"": ""EM210 #1 - TOTAL""}"
2577,2026-01-01T00:09:30+00:00,temperature_chamber,Temperatura da câmara,SENSORES,7.579416129979464,°C,VÁLIDA,SIMULADOR,1,"{""controller"": ""VIRTUAL_REFRIGERATION_MACHINE"", ""scenario_id"": ""CEN-61CD6C86"", ""execution_id"": ""EXE-58F3DF8977C2"", ""session_id"": ""DIA-F2F2AB2EDFB3"", ""seed"": 1, ""machine_state"": ""RECUPERACAO""}"
2578,2026-01-01T00:09:30+00:00,temperature_evaporator,Temperatura do evaporador,SENSORES,6.537778729023339,°C,VÁLIDA,SIMULADOR,1,"{""controller"": ""VIRTUAL_REFRIGERATION_MACHINE"", ""scenario_id"": ""CEN-61CD6C86"", ""execution_id"": ""EXE-58F3DF8977C2"", ""session_id"": ""DIA-F2F2AB2EDFB3"", ""seed"": 1, ""machine_state"": ""RECUPERACAO""}"
2579,2026-01-01T00:09:30+00:00,pressure_suction,Pressão de sucção,SENSORES,88.37282015099217,psi,VÁLIDA,SIMULADOR,1,"{""controller"": ""VIRTUAL_REFRIGERATION_MACHINE"", ""scenario_id"": ""CEN-61CD6C86"", ""execution_id"": ""EXE-58F3DF8977C2"", ""session_id"": ""DIA-F2F2AB2EDFB3"", ""seed"": 1, ""machine_state"": ""RECUPERACAO""}"
2580,2026-01-01T00:09:30+00:00,pressure_discharge,Pressão de descarga,SENSORES,93.58704693825489,psi,VÁLIDA,SIMULADOR,1,"{""controller"": ""VIRTUAL_REFRIGERATION_MACHINE"", ""scenario_id"": ""CEN-61CD6C86"", ""execution_id"": ""EXE-58F3DF8977C2"", ""session_id"": ""DIA-F2F2AB2EDFB3"", ""seed"": 1, ""machine_state"": ""RECUPERACAO""}"
2581,2026-01-01T00:09:30+00:00,compressor_command,Comando do compressor,I/O,1.0,bool,VÁLIDA,SIMULADOR,1,"{""controller"": ""VIRTUAL_REFRIGERATION_MACHINE"", ""scenario_id"": ""CEN-61CD6C86"", ""execution_id"": ""EXE-58F3DF8977C2"", ""session_id"": ""DIA-F2F2AB2EDFB3"", ""seed"": 1, ""machine_state"": ""RECUPERACAO""}"
2582,2026-01-01T00:09:30+00:00,compressor,Estado do compressor,I/O,0.0,bool,VÁLIDA,SIMULADOR,1,"{""controller"": ""VIRTUAL_REFRIGERATION_MACHINE"", ""scenario_id"": ""CEN-61CD6C86"", ""execution_id"": ""EXE-58F3DF8977C2"", ""session_id"": ""DIA-F2F2AB2EDFB3"", ""seed"": 1, ""machine_state"": ""RECUPERACAO""}"
2583,2026-01-01T00:09:30+00:00,evaporator_fan,Ventilador evaporador,I/O,1.0,bool,VÁLIDA,SIMULADOR,1,"{""controller"": ""VIRTUAL_REFRIGERATION_MACHINE"", ""scenario_id"": ""CEN-61CD6C86"", ""execution_id"": ""EXE-58F3DF8977C2"", ""session_id"": ""DIA-F2F2AB2EDFB3"", ""seed"": 1, ""machine_state"": ""RECUPERACAO""}"
2584,2026-01-01T00:09:30+00:00,condenser_fan,Ventilador condensador,I/O,1.0,bool,VÁLIDA,SIMULADOR,1,"{""controller"": ""VIRTUAL_REFRIGERATION_MACHINE"", ""scenario_id"": ""CEN-61CD6C86"", ""execution_id"": ""EXE-58F3DF8977C2"", ""session_id"": ""DIA-F2F2AB2EDFB3"", ""seed"": 1, ""machine_state"": ""RECUPERACAO""}"
2585,2026-01-01T00:09:30+00:00,defrost,Degelo,I/O,0.0,bool,VÁLIDA,SIMULADOR,1,"{""controller"": ""VIRTUAL_REFRIGERATION_MACHINE"", ""scenario_id"": ""CEN-61CD6C86"", ""execution_id"": ""EXE-58F3DF8977C2"", ""session_id"": ""DIA-F2F2AB2EDFB3"", ""seed"": 1, ""machine_state"": ""RECUPERACAO""}"
2586,2026-01-01T00:09:30+00:00,dripping,Gotejamento,I/O,0.0,bool,VÁLIDA,SIMULADOR,1,"{""controller"": ""VIRTUAL_REFRIGERATION_MACHINE"", ""scenario_id"": ""CEN-61CD6C86"", ""execution_id"": ""EXE-58F3DF8977C2"", ""session_id"": ""DIA-F2F2AB2EDFB3"", ""seed"": 1, ""machine_state"": ""RECUPERACAO""}"
2587,2026-01-01T00:09:30+00:00,communication,Comunicação simulada,COMUNICAÇÃO,1.0,bool,VÁLIDA,SIMULADOR,1,"{""controller"": ""VIRTUAL_REFRIGERATION_MACHINE"", ""scenario_id"": ""CEN-61CD6C86"", ""execution_id"": ""EXE-58F3DF8977C2"", ""session_id"": ""DIA-F2F2AB2EDFB3"", ""seed"": 1, ""machine_state"": ""RECUPERACAO""}"
2588,2026-01-01T00:09:30+00:00,current_total,Corrente total da máquina,MEDIÇÃO ELÉTRICA,7.158,A,VÁLIDA,SIMULADOR,1,"{""controller"": ""VIRTUAL_REFRIGERATION_MACHINE"", ""scenario_id"": ""CEN-61CD6C86"", ""execution_id"": ""EXE-58F3DF8977C2"", ""session_id"": ""DIA-F2F2AB2EDFB3"", ""seed"": 1, ""instrument"": ""EM210 #1 - TOTAL""}"
2589,2026-01-01T00:09:30+00:00,current_compressor,Corrente do compressor,MEDIÇÃO ELÉTRICA,0.151,A,VÁLIDA,SIMULADOR,1,"{""controller"": ""VIRTUAL_REFRIGERATION_MACHINE"", ""scenario_id"": ""CEN-61CD6C86"", ""execution_id"": ""EXE-58F3DF8977C2"", ""session_id"": ""DIA-F2F2AB2EDFB3"", ""seed"": 1, ""instrument"": ""EM210 #2 - COMPRESSOR""}"
2590,2026-01-01T00:09:30+00:00,current_l1,Corrente L1,MEDIÇÃO ELÉTRICA,2.366,A,VÁLIDA,SIMULADOR,1,"{""controller"": ""VIRTUAL_REFRIGERATION_MACHINE"", ""scenario_id"": ""CEN-61CD6C86"", ""execution_id"": ""EXE-58F3DF8977C2"", ""session_id"": ""DIA-F2F2AB2EDFB3"", ""seed"": 1, ""instrument"": ""EM210 #1 - TOTAL""}"
2591,2026-01-01T00:09:30+00:00,current_l2,Corrente L2,MEDIÇÃO ELÉTRICA,2.37,A,VÁLIDA,SIMULADOR,1,"{""controller"": ""VIRTUAL_REFRIGERATION_MACHINE"", ""scenario_id"": ""CEN-61CD6C86"", ""execution_id"": ""EXE-58F3DF8977C2"", ""session_id"": ""DIA-F2F2AB2EDFB3"", ""seed"": 1, ""instrument"": ""EM210 #1 - TOTAL""}"
2592,2026-01-01T00:09:30+00:00,current_l3,Corrente L3,MEDIÇÃO ELÉTRICA,2.391,A,VÁLIDA,SIMULADOR,1,"{""controller"": ""VIRTUAL_REFRIGERATION_MACHINE"", ""scenario_id"": ""CEN-61CD6C86"", ""execution_id"": ""EXE-58F3DF8977C2"", ""session_id"": ""DIA-F2F2AB2EDFB3"", ""seed"": 1, ""instrument"": ""EM210 #1 - TOTAL""}"
2593,2026-01-01T00:09:35+00:00,temperature_chamber,Temperatura da câmara,SENSORES,7.623621968679669,°C,VÁLIDA,SIMULADOR,1,"{""controller"": ""VIRTUAL_REFRIGERATION_MACHINE"", ""scenario_id"": ""CEN-61CD6C86"", ""execution_id"": ""EXE-58F3DF8977C2"", ""session_id"": ""DIA-F2F2AB2EDFB3"", ""seed"": 1, ""machine_state"": ""RECUPERACAO""}"
2594,2026-01-01T00:09:35+00:00,temperature_evaporator,Temperatura do evaporador,SENSORES,6.592070891006156,°C,VÁLIDA,SIMULADOR,1,"{""controller"": ""VIRTUAL_REFRIGERATION_MACHINE"", ""scenario_id"": ""CEN-61CD6C86"", ""execution_id"": ""EXE-58F3DF8977C2"", ""session_id"": ""DIA-F2F2AB2EDFB3"", ""seed"": 1, ""machine_state"": ""RECUPERACAO""}"
2595,2026-01-01T00:09:35+00:00,pressure_suction,Pressão de sucção,SENSORES,88.53553813589295,psi,VÁLIDA,SIMULADOR,1,"{""controller"": ""VIRTUAL_REFRIGERATION_MACHINE"", ""scenario_id"": ""CEN-61CD6C86"", ""execution_id"": ""EXE-58F3DF8977C2"", ""session_id"": ""DIA-F2F2AB2EDFB3"", ""seed"": 1, ""machine_state"": ""RECUPERACAO""}"
2596,2026-01-01T00:09:35+00:00,pressure_discharge,Pressão de descarga,SENSORES,93.2283422444294,psi,VÁLIDA,SIMULADOR,1,"{""controller"": ""VIRTUAL_REFRIGERATION_MACHINE"", ""scenario_id"": ""CEN-61CD6C86"", ""execution_id"": ""EXE-58F3DF8977C2"", ""session_id"": ""DIA-F2F2AB2EDFB3"", ""seed"": 1, ""machine_state"": ""RECUPERACAO""}"
2597,2026-01-01T00:09:35+00:00,compressor_command,Comando do compressor,I/O,1.0,bool,VÁLIDA,SIMULADOR,1,"{""controller"": ""VIRTUAL_REFRIGERATION_MACHINE"", ""scenario_id"": ""CEN-61CD6C86"", ""execution_id"": ""EXE-58F3DF8977C2"", ""session_id"": ""DIA-F2F2AB2EDFB3"", ""seed"": 1, ""machine_state"": ""RECUPERACAO""}"
2598,2026-01-01T00:09:35+00:00,compressor,Estado do compressor,I/O,0.0,bool,VÁLIDA,SIMULADOR,1,"{""controller"": ""VIRTUAL_REFRIGERATION_MACHINE"", ""scenario_id"": ""CEN-61CD6C86"", ""execution_id"": ""EXE-58F3DF8977C2"", ""session_id"": ""DIA-F2F2AB2EDFB3"", ""seed"": 1, ""machine_state"": ""RECUPERACAO""}"
2599,2026-01-01T00:09:35+00:00,evaporator_fan,Ventilador evaporador,I/O,1.0,bool,VÁLIDA,SIMULADOR,1,"{""controller"": ""VIRTUAL_REFRIGERATION_MACHINE"", ""scenario_id"": ""CEN-61CD6C86"", ""execution_id"": ""EXE-58F3DF8977C2"", ""session_id"": ""DIA-F2F2AB2EDFB3"", ""seed"": 1, ""machine_state"": ""RECUPERACAO""}"
2600,2026-01-01T00:09:35+00:00,condenser_fan,Ventilador condensador,I/O,1.0,bool,VÁLIDA,SIMULADOR,1,"{""controller"": ""VIRTUAL_REFRIGERATION_MACHINE"", ""scenario_id"": ""CEN-61CD6C86"", ""execution_id"": ""EXE-58F3DF8977C2"", ""session_id"": ""DIA-F2F2AB2EDFB3"", ""seed"": 1, ""machine_state"": ""RECUPERACAO""}"
2601,2026-01-01T00:09:35+00:00,defrost,Degelo,I/O,0.0,bool,VÁLIDA,SIMULADOR,1,"{""controller"": ""VIRTUAL_REFRIGERATION_MACHINE"", ""scenario_id"": ""CEN-61CD6C86"", ""execution_id"": ""EXE-58F3DF8977C2"", ""session_id"": ""DIA-F2F2AB2EDFB3"", ""seed"": 1, ""machine_state"": ""RECUPERACAO""}"
2602,2026-01-01T00:09:35+00:00,dripping,Gotejamento,I/O,0.0,bool,VÁLIDA,SIMULADOR,1,"{""controller"": ""VIRTUAL_REFRIGERATION_MACHINE"", ""scenario_id"": ""CEN-61CD6C86"", ""execution_id"": ""EXE-58F3DF8977C2"", ""session_id"": ""DIA-F2F2AB2EDFB3"", ""seed"": 1, ""machine_state"": ""RECUPERACAO""}"
2603,2026-01-01T00:09:35+00:00,communication,Comunicação simulada,COMUNICAÇÃO,1.0,bool,VÁLIDA,SIMULADOR,1,"{""controller"": ""VIRTUAL_REFRIGERATION_MACHINE"", ""scenario_id"": ""CEN-61CD6C86"", ""execution_id"": ""EXE-58F3DF8977C2"", ""session_id"": ""DIA-F2F2AB2EDFB3"", ""seed"": 1, ""machine_state"": ""RECUPERACAO""}"
2604,2026-01-01T00:09:35+00:00,current_total,Corrente total da máquina,MEDIÇÃO ELÉTRICA,7.165,A,VÁLIDA,SIMULADOR,1,"{""controller"": ""VIRTUAL_REFRIGERATION_MACHINE"", ""scenario_id"": ""CEN-61CD6C86"", ""execution_id"": ""EXE-58F3DF8977C2"", ""session_id"": ""DIA-F2F2AB2EDFB3"", ""seed"": 1, ""instrument"": ""EM210 #1 - TOTAL""}"
2605,2026-01-01T00:09:35+00:00,current_compressor,Corrente do compressor,MEDIÇÃO ELÉTRICA,0.161,A,VÁLIDA,SIMULADOR,1,"{""controller"": ""VIRTUAL_REFRIGERATION_MACHINE"", ""scenario_id"": ""CEN-61CD6C86"", ""execution_id"": ""EXE-58F3DF8977C2"", ""session_id"": ""DIA-F2F2AB2EDFB3"", ""seed"": 1, ""instrument"": ""EM210 #2 - COMPRESSOR""}"
2606,2026-01-01T00:09:35+00:00,current_l1,Corrente L1,MEDIÇÃO ELÉTRICA,2.367,A,VÁLIDA,SIMULADOR,1,"{""controller"": ""VIRTUAL_REFRIGERATION_MACHINE"", ""scenario_id"": ""CEN-61CD6C86"", ""execution_id"": ""EXE-58F3DF8977C2"", ""session_id"": ""DIA-F2F2AB2EDFB3"", ""seed"": 1, ""instrument"": ""EM210 #1 - TOTAL""}"
2607,2026-01-01T00:09:35+00:00,current_l2,Corrente L2,MEDIÇÃO ELÉTRICA,2.4,A,VÁLIDA,SIMULADOR,1,"{""controller"": ""VIRTUAL_REFRIGERATION_MACHINE"", ""scenario_id"": ""CEN-61CD6C86"", ""execution_id"": ""EXE-58F3DF8977C2"", ""session_id"": ""DIA-F2F2AB2EDFB3"", ""seed"": 1, ""instrument"": ""EM210 #1 - TOTAL""}"
2608,2026-01-01T00:09:35+00:00,current_l3,Corrente L3,MEDIÇÃO ELÉTRICA,2.394,A,VÁLIDA,SIMULADOR,1,"{""controller"": ""VIRTUAL_REFRIGERATION_MACHINE"", ""scenario_id"": ""CEN-61CD6C86"", ""execution_id"": ""EXE-58F3DF8977C2"", ""session_id"": ""DIA-F2F2AB2EDFB3"", ""seed"": 1, ""instrument"": ""EM210 #1 - TOTAL""}"
2609,2026-01-01T00:09:40+00:00,temperature_chamber,Temperatura da câmara,SENSORES,7.6673857489928725,°C,VÁLIDA,SIMULADOR,1,"{""controller"": ""VIRTUAL_REFRIGERATION_MACHINE"", ""scenario_id"": ""CEN-61CD6C86"", ""execution_id"": ""EXE-58F3DF8977C2"", ""session_id"": ""DIA-F2F2AB2EDFB3"", ""seed"": 1, ""machine_state"": ""RECUPERACAO""}"
2610,2026-01-01T00:09:40+00:00,temperature_evaporator,Temperatura do evaporador,SENSORES,6.645836633905492,°C,VÁLIDA,SIMULADOR,1,"{""controller"": ""VIRTUAL_REFRIGERATION_MACHINE"", ""scenario_id"": ""CEN-61CD6C86"", ""execution_id"": ""EXE-58F3DF8977C2"", ""session_id"": ""DIA-F2F2AB2EDFB3"", ""seed"": 1, ""machine_state"": ""RECUPERACAO""}"
2611,2026-01-01T00:09:40+00:00,pressure_suction,Pressão de sucção,SENSORES,88.68198432230365,psi,VÁLIDA,SIMULADOR,1,"{""controller"": ""VIRTUAL_REFRIGERATION_MACHINE"", ""scenario_id"": ""CEN-61CD6C86"", ""execution_id"": ""EXE-58F3DF8977C2"", ""session_id"": ""DIA-F2F2AB2EDFB3"", ""seed"": 1, ""machine_state"": ""RECUPERACAO""}"
2612,2026-01-01T00:09:40+00:00,pressure_discharge,Pressão de descarga,SENSORES,92.90550801998646,psi,VÁLIDA,SIMULADOR,1,"{""controller"": ""VIRTUAL_REFRIGERATION_MACHINE"", ""scenario_id"": ""CEN-61CD6C86"", ""execution_id"": ""EXE-58F3DF8977C2"", ""session_id"": ""DIA-F2F2AB2EDFB3"", ""seed"": 1, ""machine_state"": ""RECUPERACAO""}"
2613,2026-01-01T00:09:40+00:00,compressor_command,Comando do compressor,I/O,1.0,bool,VÁLIDA,SIMULADOR,1,"{""controller"": ""VIRTUAL_REFRIGERATION_MACHINE"", ""scenario_id"": ""CEN-61CD6C86"", ""execution_id"": ""EXE-58F3DF8977C2"", ""session_id"": ""DIA-F2F2AB2EDFB3"", ""seed"": 1, ""machine_state"": ""RECUPERACAO""}"
2614,2026-01-01T00:09:40+00:00,compressor,Estado do compressor,I/O,0.0,bool,VÁLIDA,SIMULADOR,1,"{""controller"": ""VIRTUAL_REFRIGERATION_MACHINE"", ""scenario_id"": ""CEN-61CD6C86"", ""execution_id"": ""EXE-58F3DF8977C2"", ""session_id"": ""DIA-F2F2AB2EDFB3"", ""seed"": 1, ""machine_state"": ""RECUPERACAO""}"
2615,2026-01-01T00:09:40+00:00,evaporator_fan,Ventilador evaporador,I/O,1.0,bool,VÁLIDA,SIMULADOR,1,"{""controller"": ""VIRTUAL_REFRIGERATION_MACHINE"", ""scenario_id"": ""CEN-61CD6C86"", ""execution_id"": ""EXE-58F3DF8977C2"", ""session_id"": ""DIA-F2F2AB2EDFB3"", ""seed"": 1, ""machine_state"": ""RECUPERACAO""}"
2616,2026-01-01T00:09:40+00:00,condenser_fan,Ventilador condensador,I/O,1.0,bool,VÁLIDA,SIMULADOR,1,"{""controller"": ""VIRTUAL_REFRIGERATION_MACHINE"", ""scenario_id"": ""CEN-61CD6C86"", ""execution_id"": ""EXE-58F3DF8977C2"", ""session_id"": ""DIA-F2F2AB2EDFB3"", ""seed"": 1, ""machine_state"": ""RECUPERACAO""}"
2617,2026-01-01T00:09:40+00:00,defrost,Degelo,I/O,0.0,bool,VÁLIDA,SIMULADOR,1,"{""controller"": ""VIRTUAL_REFRIGERATION_MACHINE"", ""scenario_id"": ""CEN-61CD6C86"", ""execution_id"": ""EXE-58F3DF8977C2"", ""session_id"": ""DIA-F2F2AB2EDFB3"", ""seed"": 1, ""machine_state"": ""RECUPERACAO""}"
2618,2026-01-01T00:09:40+00:00,dripping,Gotejamento,I/O,0.0,bool,VÁLIDA,SIMULADOR,1,"{""controller"": ""VIRTUAL_REFRIGERATION_MACHINE"", ""scenario_id"": ""CEN-61CD6C86"", ""execution_id"": ""EXE-58F3DF8977C2"", ""session_id"": ""DIA-F2F2AB2EDFB3"", ""seed"": 1, ""machine_state"": ""RECUPERACAO""}"
2619,2026-01-01T00:09:40+00:00,communication,Comunicação simulada,COMUNICAÇÃO,1.0,bool,VÁLIDA,SIMULADOR,1,"{""controller"": ""VIRTUAL_REFRIGERATION_MACHINE"", ""scenario_id"": ""CEN-61CD6C86"", ""execution_id"": ""EXE-58F3DF8977C2"", ""session_id"": ""DIA-F2F2AB2EDFB3"", ""seed"": 1, ""machine_state"": ""RECUPERACAO""}"
2620,2026-01-01T00:09:40+00:00,current_total,Corrente total da máquina,MEDIÇÃO ELÉTRICA,7.139,A,VÁLIDA,SIMULADOR,1,"{""controller"": ""VIRTUAL_REFRIGERATION_MACHINE"", ""scenario_id"": ""CEN-61CD6C86"", ""execution_id"": ""EXE-58F3DF8977C2"", ""session_id"": ""DIA-F2F2AB2EDFB3"", ""seed"": 1, ""instrument"": ""EM210 #1 - TOTAL""}"
2621,2026-01-01T00:09:40+00:00,current_compressor,Corrente do compressor,MEDIÇÃO ELÉTRICA,0.157,A,VÁLIDA,SIMULADOR,1,"{""controller"": ""VIRTUAL_REFRIGERATION_MACHINE"", ""scenario_id"": ""CEN-61CD6C86"", ""execution_id"": ""EXE-58F3DF8977C2"", ""session_id"": ""DIA-F2F2AB2EDFB3"", ""seed"": 1, ""instrument"": ""EM210 #2 - COMPRESSOR""}"
2622,2026-01-01T00:09:40+00:00,current_l1,Corrente L1,MEDIÇÃO ELÉTRICA,2.388,A,VÁLIDA,SIMULADOR,1,"{""controller"": ""VIRTUAL_REFRIGERATION_MACHINE"", ""scenario_id"": ""CEN-61CD6C86"", ""execution_id"": ""EXE-58F3DF8977C2"", ""session_id"": ""DIA-F2F2AB2EDFB3"", ""seed"": 1, ""instrument"": ""EM210 #1 - TOTAL""}"
2623,2026-01-01T00:09:40+00:00,current_l2,Corrente L2,MEDIÇÃO ELÉTRICA,2.403,A,VÁLIDA,SIMULADOR,1,"{""controller"": ""VIRTUAL_REFRIGERATION_MACHINE"", ""scenario_id"": ""CEN-61CD6C86"", ""execution_id"": ""EXE-58F3DF8977C2"", ""session_id"": ""DIA-F2F2AB2EDFB3"", ""seed"": 1, ""instrument"": ""EM210 #1 - TOTAL""}"
2624,2026-01-01T00:09:40+00:00,current_l3,Corrente L3,MEDIÇÃO ELÉTRICA,2.387,A,VÁLIDA,SIMULADOR,1,"{""controller"": ""VIRTUAL_REFRIGERATION_MACHINE"", ""scenario_id"": ""CEN-61CD6C86"", ""execution_id"": ""EXE-58F3DF8977C2"", ""session_id"": ""DIA-F2F2AB2EDFB3"", ""seed"": 1, ""instrument"": ""EM210 #1 - TOTAL""}"
2625,2026-01-01T00:09:45+00:00,temperature_chamber,Temperatura da câmara,SENSORES,7.710711891502944,°C,VÁLIDA,SIMULADOR,1,"{""controller"": ""VIRTUAL_REFRIGERATION_MACHINE"", ""scenario_id"": ""CEN-61CD6C86"", ""execution_id"": ""EXE-58F3DF8977C2"", ""session_id"": ""DIA-F2F2AB2EDFB3"", ""seed"": 1, ""machine_state"": ""RECUPERACAO""}"
2626,2026-01-01T00:09:45+00:00,temperature_evaporator,Temperatura do evaporador,SENSORES,6.699080396785364,°C,VÁLIDA,SIMULADOR,1,"{""controller"": ""VIRTUAL_REFRIGERATION_MACHINE"", ""scenario_id"": ""CEN-61CD6C86"", ""execution_id"": ""EXE-58F3DF8977C2"", ""session_id"": ""DIA-F2F2AB2EDFB3"", ""seed"": 1, ""machine_state"": ""RECUPERACAO""}"
2627,2026-01-01T00:09:45+00:00,pressure_suction,Pressão de sucção,SENSORES,88.81378589007329,psi,VÁLIDA,SIMULADOR,1,"{""controller"": ""VIRTUAL_REFRIGERATION_MACHINE"", ""scenario_id"": ""CEN-61CD6C86"", ""execution_id"": ""EXE-58F3DF8977C2"", ""session_id"": ""DIA-F2F2AB2EDFB3"", ""seed"": 1, ""machine_state"": ""RECUPERACAO""}"
2628,2026-01-01T00:09:45+00:00,pressure_discharge,Pressão de descarga,SENSORES,92.61495721798781,psi,VÁLIDA,SIMULADOR,1,"{""controller"": ""VIRTUAL_REFRIGERATION_MACHINE"", ""scenario_id"": ""CEN-61CD6C86"", ""execution_id"": ""EXE-58F3DF8977C2"", ""session_id"": ""DIA-F2F2AB2EDFB3"", ""seed"": 1, ""machine_state"": ""RECUPERACAO""}"
2629,2026-01-01T00:09:45+00:00,compressor_command,Comando do compressor,I/O,1.0,bool,VÁLIDA,SIMULADOR,1,"{""controller"": ""VIRTUAL_REFRIGERATION_MACHINE"", ""scenario_id"": ""CEN-61CD6C86"", ""execution_id"": ""EXE-58F3DF8977C2"", ""session_id"": ""DIA-F2F2AB2EDFB3"", ""seed"": 1, ""machine_state"": ""RECUPERACAO""}"
2630,2026-01-01T00:09:45+00:00,compressor,Estado do compressor,I/O,0.0,bool,VÁLIDA,SIMULADOR,1,"{""controller"": ""VIRTUAL_REFRIGERATION_MACHINE"", ""scenario_id"": ""CEN-61CD6C86"", ""execution_id"": ""EXE-58F3DF8977C2"", ""session_id"": ""DIA-F2F2AB2EDFB3"", ""seed"": 1, ""machine_state"": ""RECUPERACAO""}"
2631,2026-01-01T00:09:45+00:00,evaporator_fan,Ventilador evaporador,I/O,1.0,bool,VÁLIDA,SIMULADOR,1,"{""controller"": ""VIRTUAL_REFRIGERATION_MACHINE"", ""scenario_id"": ""CEN-61CD6C86"", ""execution_id"": ""EXE-58F3DF8977C2"", ""session_id"": ""DIA-F2F2AB2EDFB3"", ""seed"": 1, ""machine_state"": ""RECUPERACAO""}"
2632,2026-01-01T00:09:45+00:00,condenser_fan,Ventilador condensador,I/O,1.0,bool,VÁLIDA,SIMULADOR,1,"{""controller"": ""VIRTUAL_REFRIGERATION_MACHINE"", ""scenario_id"": ""CEN-61CD6C86"", ""execution_id"": ""EXE-58F3DF8977C2"", ""session_id"": ""DIA-F2F2AB2EDFB3"", ""seed"": 1, ""machine_state"": ""RECUPERACAO""}"
2633,2026-01-01T00:09:45+00:00,defrost,Degelo,I/O,0.0,bool,VÁLIDA,SIMULADOR,1,"{""controller"": ""VIRTUAL_REFRIGERATION_MACHINE"", ""scenario_id"": ""CEN-61CD6C86"", ""execution_id"": ""EXE-58F3DF8977C2"", ""session_id"": ""DIA-F2F2AB2EDFB3"", ""seed"": 1, ""machine_state"": ""RECUPERACAO""}"
2634,2026-01-01T00:09:45+00:00,dripping,Gotejamento,I/O,0.0,bool,VÁLIDA,SIMULADOR,1,"{""controller"": ""VIRTUAL_REFRIGERATION_MACHINE"", ""scenario_id"": ""CEN-61CD6C86"", ""execution_id"": ""EXE-58F3DF8977C2"", ""session_id"": ""DIA-F2F2AB2EDFB3"", ""seed"": 1, ""machine_state"": ""RECUPERACAO""}"
2635,2026-01-01T00:09:45+00:00,communication,Comunicação simulada,COMUNICAÇÃO,1.0,bool,VÁLIDA,SIMULADOR,1,"{""controller"": ""VIRTUAL_REFRIGERATION_MACHINE"", ""scenario_id"": ""CEN-61CD6C86"", ""execution_id"": ""EXE-58F3DF8977C2"", ""session_id"": ""DIA-F2F2AB2EDFB3"", ""seed"": 1, ""machine_state"": ""RECUPERACAO""}"
2636,2026-01-01T00:09:45+00:00,current_total,Corrente total da máquina,MEDIÇÃO ELÉTRICA,7.146,A,VÁLIDA,SIMULADOR,1,"{""controller"": ""VIRTUAL_REFRIGERATION_MACHINE"", ""scenario_id"": ""CEN-61CD6C86"", ""execution_id"": ""EXE-58F3DF8977C2"", ""session_id"": ""DIA-F2F2AB2EDFB3"", ""seed"": 1, ""instrument"": ""EM210 #1 - TOTAL""}"
2637,2026-01-01T00:09:45+00:00,current_compressor,Corrente do compressor,MEDIÇÃO ELÉTRICA,0.144,A,VÁLIDA,SIMULADOR,1,"{""controller"": ""VIRTUAL_REFRIGERATION_MACHINE"", ""scenario_id"": ""CEN-61CD6C86"", ""execution_id"": ""EXE-58F3DF8977C2"", ""session_id"": ""DIA-F2F2AB2EDFB3"", ""seed"": 1, ""instrument"": ""EM210 #2 - COMPRESSOR""}"
2638,2026-01-01T00:09:45+00:00,current_l1,Corrente L1,MEDIÇÃO ELÉTRICA,2.394,A,VÁLIDA,SIMULADOR,1,"{""controller"": ""VIRTUAL_REFRIGERATION_MACHINE"", ""scenario_id"": ""CEN-61CD6C86"", ""execution_id"": ""EXE-58F3DF8977C2"", ""session_id"": ""DIA-F2F2AB2EDFB3"", ""seed"": 1, ""instrument"": ""EM210 #1 - TOTAL""}"
2639,2026-01-01T00:09:45+00:00,current_l2,Corrente L2,MEDIÇÃO ELÉTRICA,2.392,A,VÁLIDA,SIMULADOR,1,"{""controller"": ""VIRTUAL_REFRIGERATION_MACHINE"", ""scenario_id"": ""CEN-61CD6C86"", ""execution_id"": ""EXE-58F3DF8977C2"", ""session_id"": ""DIA-F2F2AB2EDFB3"", ""seed"": 1, ""instrument"": ""EM210 #1 - TOTAL""}"
2640,2026-01-01T00:09:45+00:00,current_l3,Corrente L3,MEDIÇÃO ELÉTRICA,2.381,A,VÁLIDA,SIMULADOR,1,"{""controller"": ""VIRTUAL_REFRIGERATION_MACHINE"", ""scenario_id"": ""CEN-61CD6C86"", ""execution_id"": ""EXE-58F3DF8977C2"", ""session_id"": ""DIA-F2F2AB2EDFB3"", ""seed"": 1, ""instrument"": ""EM210 #1 - TOTAL""}"
2641,2026-01-01T00:09:50+00:00,temperature_chamber,Temperatura da câmara,SENSORES,7.753604772587915,°C,VÁLIDA,SIMULADOR,1,"{""controller"": ""VIRTUAL_REFRIGERATION_MACHINE"", ""scenario_id"": ""CEN-61CD6C86"", ""execution_id"": ""EXE-58F3DF8977C2"", ""session_id"": ""DIA-F2F2AB2EDFB3"", ""seed"": 1, ""machine_state"": ""RECUPERACAO""}"
2642,2026-01-01T00:09:50+00:00,temperature_evaporator,Temperatura do evaporador,SENSORES,6.751806615575491,°C,VÁLIDA,SIMULADOR,1,"{""controller"": ""VIRTUAL_REFRIGERATION_MACHINE"", ""scenario_id"": ""CEN-61CD6C86"", ""execution_id"": ""EXE-58F3DF8977C2"", ""session_id"": ""DIA-F2F2AB2EDFB3"", ""seed"": 1, ""machine_state"": ""RECUPERACAO""}"
2643,2026-01-01T00:09:50+00:00,pressure_suction,Pressão de sucção,SENSORES,88.93240730106596,psi,VÁLIDA,SIMULADOR,1,"{""controller"": ""VIRTUAL_REFRIGERATION_MACHINE"", ""scenario_id"": ""CEN-61CD6C86"", ""execution_id"": ""EXE-58F3DF8977C2"", ""session_id"": ""DIA-F2F2AB2EDFB3"", ""seed"": 1, ""machine_state"": ""RECUPERACAO""}"
2644,2026-01-01T00:09:50+00:00,pressure_discharge,Pressão de descarga,SENSORES,92.35346149618903,psi,VÁLIDA,SIMULADOR,1,"{""controller"": ""VIRTUAL_REFRIGERATION_MACHINE"", ""scenario_id"": ""CEN-61CD6C86"", ""execution_id"": ""EXE-58F3DF8977C2"", ""session_id"": ""DIA-F2F2AB2EDFB3"", ""seed"": 1, ""machine_state"": ""RECUPERACAO""}"
2645,2026-01-01T00:09:50+00:00,compressor_command,Comando do compressor,I/O,1.0,bool,VÁLIDA,SIMULADOR,1,"{""controller"": ""VIRTUAL_REFRIGERATION_MACHINE"", ""scenario_id"": ""CEN-61CD6C86"", ""execution_id"": ""EXE-58F3DF8977C2"", ""session_id"": ""DIA-F2F2AB2EDFB3"", ""seed"": 1, ""machine_state"": ""RECUPERACAO""}"
2646,2026-01-01T00:09:50+00:00,compressor,Estado do compressor,I/O,0.0,bool,VÁLIDA,SIMULADOR,1,"{""controller"": ""VIRTUAL_REFRIGERATION_MACHINE"", ""scenario_id"": ""CEN-61CD6C86"", ""execution_id"": ""EXE-58F3DF8977C2"", ""session_id"": ""DIA-F2F2AB2EDFB3"", ""seed"": 1, ""machine_state"": ""RECUPERACAO""}"
2647,2026-01-01T00:09:50+00:00,evaporator_fan,Ventilador evaporador,I/O,1.0,bool,VÁLIDA,SIMULADOR,1,"{""controller"": ""VIRTUAL_REFRIGERATION_MACHINE"", ""scenario_id"": ""CEN-61CD6C86"", ""execution_id"": ""EXE-58F3DF8977C2"", ""session_id"": ""DIA-F2F2AB2EDFB3"", ""seed"": 1, ""machine_state"": ""RECUPERACAO""}"
2648,2026-01-01T00:09:50+00:00,condenser_fan,Ventilador condensador,I/O,1.0,bool,VÁLIDA,SIMULADOR,1,"{""controller"": ""VIRTUAL_REFRIGERATION_MACHINE"", ""scenario_id"": ""CEN-61CD6C86"", ""execution_id"": ""EXE-58F3DF8977C2"", ""session_id"": ""DIA-F2F2AB2EDFB3"", ""seed"": 1, ""machine_state"": ""RECUPERACAO""}"
2649,2026-01-01T00:09:50+00:00,defrost,Degelo,I/O,0.0,bool,VÁLIDA,SIMULADOR,1,"{""controller"": ""VIRTUAL_REFRIGERATION_MACHINE"", ""scenario_id"": ""CEN-61CD6C86"", ""execution_id"": ""EXE-58F3DF8977C2"", ""session_id"": ""DIA-F2F2AB2EDFB3"", ""seed"": 1, ""machine_state"": ""RECUPERACAO""}"
2650,2026-01-01T00:09:50+00:00,dripping,Gotejamento,I/O,0.0,bool,VÁLIDA,SIMULADOR,1,"{""controller"": ""VIRTUAL_REFRIGERATION_MACHINE"", ""scenario_id"": ""CEN-61CD6C86"", ""execution_id"": ""EXE-58F3DF8977C2"", ""session_id"": ""DIA-F2F2AB2EDFB3"", ""seed"": 1, ""machine_state"": ""RECUPERACAO""}"
2651,2026-01-01T00:09:50+00:00,communication,Comunicação simulada,COMUNICAÇÃO,1.0,bool,VÁLIDA,SIMULADOR,1,"{""controller"": ""VIRTUAL_REFRIGERATION_MACHINE"", ""scenario_id"": ""CEN-61CD6C86"", ""execution_id"": ""EXE-58F3DF8977C2"", ""session_id"": ""DIA-F2F2AB2EDFB3"", ""seed"": 1, ""machine_state"": ""RECUPERACAO""}"
2652,2026-01-01T00:09:50+00:00,current_total,Corrente total da máquina,MEDIÇÃO ELÉTRICA,7.153,A,VÁLIDA,SIMULADOR,1,"{""controller"": ""VIRTUAL_REFRIGERATION_MACHINE"", ""scenario_id"": ""CEN-61CD6C86"", ""execution_id"": ""EXE-58F3DF8977C2"", ""session_id"": ""DIA-F2F2AB2EDFB3"", ""seed"": 1, ""instrument"": ""EM210 #1 - TOTAL""}"
2653,2026-01-01T00:09:50+00:00,current_compressor,Corrente do compressor,MEDIÇÃO ELÉTRICA,0.138,A,VÁLIDA,SIMULADOR,1,"{""controller"": ""VIRTUAL_REFRIGERATION_MACHINE"", ""scenario_id"": ""CEN-61CD6C86"", ""execution_id"": ""EXE-58F3DF8977C2"", ""session_id"": ""DIA-F2F2AB2EDFB3"", ""seed"": 1, ""instrument"": ""EM210 #2 - COMPRESSOR""}"
2654,2026-01-01T00:09:50+00:00,current_l1,Corrente L1,MEDIÇÃO ELÉTRICA,2.397,A,VÁLIDA,SIMULADOR,1,"{""controller"": ""VIRTUAL_REFRIGERATION_MACHINE"", ""scenario_id"": ""CEN-61CD6C86"", ""execution_id"": ""EXE-58F3DF8977C2"", ""session_id"": ""DIA-F2F2AB2EDFB3"", ""seed"": 1, ""instrument"": ""EM210 #1 - TOTAL""}"
2655,2026-01-01T00:09:50+00:00,current_l2,Corrente L2,MEDIÇÃO ELÉTRICA,2.376,A,VÁLIDA,SIMULADOR,1,"{""controller"": ""VIRTUAL_REFRIGERATION_MACHINE"", ""scenario_id"": ""CEN-61CD6C86"", ""execution_id"": ""EXE-58F3DF8977C2"", ""session_id"": ""DIA-F2F2AB2EDFB3"", ""seed"": 1, ""instrument"": ""EM210 #1 - TOTAL""}"
2656,2026-01-01T00:09:50+00:00,current_l3,Corrente L3,MEDIÇÃO ELÉTRICA,2.382,A,VÁLIDA,SIMULADOR,1,"{""controller"": ""VIRTUAL_REFRIGERATION_MACHINE"", ""scenario_id"": ""CEN-61CD6C86"", ""execution_id"": ""EXE-58F3DF8977C2"", ""session_id"": ""DIA-F2F2AB2EDFB3"", ""seed"": 1, ""instrument"": ""EM210 #1 - TOTAL""}"
2657,2026-01-01T00:09:55+00:00,temperature_chamber,Temperatura da câmara,SENSORES,7.796068724862035,°C,VÁLIDA,SIMULADOR,1,"{""controller"": ""VIRTUAL_REFRIGERATION_MACHINE"", ""scenario_id"": ""CEN-61CD6C86"", ""execution_id"": ""EXE-58F3DF8977C2"", ""session_id"": ""DIA-F2F2AB2EDFB3"", ""seed"": 1, ""machine_state"": ""RECUPERACAO""}"
2658,2026-01-01T00:09:55+00:00,temperature_evaporator,Temperatura do evaporador,SENSORES,6.804019721039818,°C,VÁLIDA,SIMULADOR,1,"{""controller"": ""VIRTUAL_REFRIGERATION_MACHINE"", ""scenario_id"": ""CEN-61CD6C86"", ""execution_id"": ""EXE-58F3DF8977C2"", ""session_id"": ""DIA-F2F2AB2EDFB3"", ""seed"": 1, ""machine_state"": ""RECUPERACAO""}"
2659,2026-01-01T00:09:55+00:00,pressure_suction,Pressão de sucção,SENSORES,89.03916657095937,psi,VÁLIDA,SIMULADOR,1,"{""controller"": ""VIRTUAL_REFRIGERATION_MACHINE"", ""scenario_id"": ""CEN-61CD6C86"", ""execution_id"": ""EXE-58F3DF8977C2"", ""session_id"": ""DIA-F2F2AB2EDFB3"", ""seed"": 1, ""machine_state"": ""RECUPERACAO""}"
2660,2026-01-01T00:09:55+00:00,pressure_discharge,Pressão de descarga,SENSORES,92.11811534657012,psi,VÁLIDA,SIMULADOR,1,"{""controller"": ""VIRTUAL_REFRIGERATION_MACHINE"", ""scenario_id"": ""CEN-61CD6C86"", ""execution_id"": ""EXE-58F3DF8977C2"", ""session_id"": ""DIA-F2F2AB2EDFB3"", ""seed"": 1, ""machine_state"": ""RECUPERACAO""}"
2661,2026-01-01T00:09:55+00:00,compressor_command,Comando do compressor,I/O,1.0,bool,VÁLIDA,SIMULADOR,1,"{""controller"": ""VIRTUAL_REFRIGERATION_MACHINE"", ""scenario_id"": ""CEN-61CD6C86"", ""execution_id"": ""EXE-58F3DF8977C2"", ""session_id"": ""DIA-F2F2AB2EDFB3"", ""seed"": 1, ""machine_state"": ""RECUPERACAO""}"
2662,2026-01-01T00:09:55+00:00,compressor,Estado do compressor,I/O,0.0,bool,VÁLIDA,SIMULADOR,1,"{""controller"": ""VIRTUAL_REFRIGERATION_MACHINE"", ""scenario_id"": ""CEN-61CD6C86"", ""execution_id"": ""EXE-58F3DF8977C2"", ""session_id"": ""DIA-F2F2AB2EDFB3"", ""seed"": 1, ""machine_state"": ""RECUPERACAO""}"
2663,2026-01-01T00:09:55+00:00,evaporator_fan,Ventilador evaporador,I/O,1.0,bool,VÁLIDA,SIMULADOR,1,"{""controller"": ""VIRTUAL_REFRIGERATION_MACHINE"", ""scenario_id"": ""CEN-61CD6C86"", ""execution_id"": ""EXE-58F3DF8977C2"", ""session_id"": ""DIA-F2F2AB2EDFB3"", ""seed"": 1, ""machine_state"": ""RECUPERACAO""}"
2664,2026-01-01T00:09:55+00:00,condenser_fan,Ventilador condensador,I/O,1.0,bool,VÁLIDA,SIMULADOR,1,"{""controller"": ""VIRTUAL_REFRIGERATION_MACHINE"", ""scenario_id"": ""CEN-61CD6C86"", ""execution_id"": ""EXE-58F3DF8977C2"", ""session_id"": ""DIA-F2F2AB2EDFB3"", ""seed"": 1, ""machine_state"": ""RECUPERACAO""}"
2665,2026-01-01T00:09:55+00:00,defrost,Degelo,I/O,0.0,bool,VÁLIDA,SIMULADOR,1,"{""controller"": ""VIRTUAL_REFRIGERATION_MACHINE"", ""scenario_id"": ""CEN-61CD6C86"", ""execution_id"": ""EXE-58F3DF8977C2"", ""session_id"": ""DIA-F2F2AB2EDFB3"", ""seed"": 1, ""machine_state"": ""RECUPERACAO""}"
2666,2026-01-01T00:09:55+00:00,dripping,Gotejamento,I/O,0.0,bool,VÁLIDA,SIMULADOR,1,"{""controller"": ""VIRTUAL_REFRIGERATION_MACHINE"", ""scenario_id"": ""CEN-61CD6C86"", ""execution_id"": ""EXE-58F3DF8977C2"", ""session_id"": ""DIA-F2F2AB2EDFB3"", ""seed"": 1, ""machine_state"": ""RECUPERACAO""}"
2667,2026-01-01T00:09:55+00:00,communication,Comunicação simulada,COMUNICAÇÃO,1.0,bool,VÁLIDA,SIMULADOR,1,"{""controller"": ""VIRTUAL_REFRIGERATION_MACHINE"", ""scenario_id"": ""CEN-61CD6C86"", ""execution_id"": ""EXE-58F3DF8977C2"", ""session_id"": ""DIA-F2F2AB2EDFB3"", ""seed"": 1, ""machine_state"": ""RECUPERACAO""}"
2668,2026-01-01T00:09:55+00:00,current_total,Corrente total da máquina,MEDIÇÃO ELÉTRICA,7.142,A,VÁLIDA,SIMULADOR,1,"{""controller"": ""VIRTUAL_REFRIGERATION_MACHINE"", ""scenario_id"": ""CEN-61CD6C86"", ""execution_id"": ""EXE-58F3DF8977C2"", ""session_id"": ""DIA-F2F2AB2EDFB3"", ""seed"": 1, ""instrument"": ""EM210 #1 - TOTAL""}"
2669,2026-01-01T00:09:55+00:00,current_compressor,Corrente do compressor,MEDIÇÃO ELÉTRICA,0.135,A,VÁLIDA,SIMULADOR,1,"{""controller"": ""VIRTUAL_REFRIGERATION_MACHINE"", ""scenario_id"": ""CEN-61CD6C86"", ""execution_id"": ""EXE-58F3DF8977C2"", ""session_id"": ""DIA-F2F2AB2EDFB3"", ""seed"": 1, ""instrument"": ""EM210 #2 - COMPRESSOR""}"
2670,2026-01-01T00:09:55+00:00,current_l1,Corrente L1,MEDIÇÃO ELÉTRICA,2.371,A,VÁLIDA,SIMULADOR,1,"{""controller"": ""VIRTUAL_REFRIGERATION_MACHINE"", ""scenario_id"": ""CEN-61CD6C86"", ""execution_id"": ""EXE-58F3DF8977C2"", ""session_id"": ""DIA-F2F2AB2EDFB3"", ""seed"": 1, ""instrument"": ""EM210 #1 - TOTAL""}"
2671,2026-01-01T00:09:55+00:00,current_l2,Corrente L2,MEDIÇÃO ELÉTRICA,2.387,A,VÁLIDA,SIMULADOR,1,"{""controller"": ""VIRTUAL_REFRIGERATION_MACHINE"", ""scenario_id"": ""CEN-61CD6C86"", ""execution_id"": ""EXE-58F3DF8977C2"", ""session_id"": ""DIA-F2F2AB2EDFB3"", ""seed"": 1, ""instrument"": ""EM210 #1 - TOTAL""}"
2672,2026-01-01T00:09:55+00:00,current_l3,Corrente L3,MEDIÇÃO ELÉTRICA,2.397,A,VÁLIDA,SIMULADOR,1,"{""controller"": ""VIRTUAL_REFRIGERATION_MACHINE"", ""scenario_id"": ""CEN-61CD6C86"", ""execution_id"": ""EXE-58F3DF8977C2"", ""session_id"": ""DIA-F2F2AB2EDFB3"", ""seed"": 1, ""instrument"": ""EM210 #1 - TOTAL""}"
2673,2026-01-01T00:10:00+00:00,temperature_chamber,Temperatura da câmara,SENSORES,7.838108037613415,°C,VÁLIDA,SIMULADOR,1,"{""controller"": ""VIRTUAL_REFRIGERATION_MACHINE"", ""scenario_id"": ""CEN-61CD6C86"", ""execution_id"": ""EXE-58F3DF8977C2"", ""session_id"": ""DIA-F2F2AB2EDFB3"", ""seed"": 1, ""machine_state"": ""RECUPERACAO""}"
2674,2026-01-01T00:10:00+00:00,temperature_evaporator,Temperatura do evaporador,SENSORES,6.855724136868498,°C,VÁLIDA,SIMULADOR,1,"{""controller"": ""VIRTUAL_REFRIGERATION_MACHINE"", ""scenario_id"": ""CEN-61CD6C86"", ""execution_id"": ""EXE-58F3DF8977C2"", ""session_id"": ""DIA-F2F2AB2EDFB3"", ""seed"": 1, ""machine_state"": ""RECUPERACAO""}"
2675,2026-01-01T00:10:00+00:00,pressure_suction,Pressão de sucção,SENSORES,89.13524991386343,psi,VÁLIDA,SIMULADOR,1,"{""controller"": ""VIRTUAL_REFRIGERATION_MACHINE"", ""scenario_id"": ""CEN-61CD6C86"", ""execution_id"": ""EXE-58F3DF8977C2"", ""session_id"": ""DIA-F2F2AB2EDFB3"", ""seed"": 1, ""machine_state"": ""RECUPERACAO""}"
2676,2026-01-01T00:10:00+00:00,pressure_discharge,Pressão de descarga,SENSORES,91.9063038119131,psi,VÁLIDA,SIMULADOR,1,"{""controller"": ""VIRTUAL_REFRIGERATION_MACHINE"", ""scenario_id"": ""CEN-61CD6C86"", ""execution_id"": ""EXE-58F3DF8977C2"", ""session_id"": ""DIA-F2F2AB2EDFB3"", ""seed"": 1, ""machine_state"": ""RECUPERACAO""}"
2677,2026-01-01T00:10:00+00:00,compressor_command,Comando do compressor,I/O,1.0,bool,VÁLIDA,SIMULADOR,1,"{""controller"": ""VIRTUAL_REFRIGERATION_MACHINE"", ""scenario_id"": ""CEN-61CD6C86"", ""execution_id"": ""EXE-58F3DF8977C2"", ""session_id"": ""DIA-F2F2AB2EDFB3"", ""seed"": 1, ""machine_state"": ""RECUPERACAO""}"
2678,2026-01-01T00:10:00+00:00,compressor,Estado do compressor,I/O,0.0,bool,VÁLIDA,SIMULADOR,1,"{""controller"": ""VIRTUAL_REFRIGERATION_MACHINE"", ""scenario_id"": ""CEN-61CD6C86"", ""execution_id"": ""EXE-58F3DF8977C2"", ""session_id"": ""DIA-F2F2AB2EDFB3"", ""seed"": 1, ""machine_state"": ""RECUPERACAO""}"
2679,2026-01-01T00:10:00+00:00,evaporator_fan,Ventilador evaporador,I/O,1.0,bool,VÁLIDA,SIMULADOR,1,"{""controller"": ""VIRTUAL_REFRIGERATION_MACHINE"", ""scenario_id"": ""CEN-61CD6C86"", ""execution_id"": ""EXE-58F3DF8977C2"", ""session_id"": ""DIA-F2F2AB2EDFB3"", ""seed"": 1, ""machine_state"": ""RECUPERACAO""}"
2680,2026-01-01T00:10:00+00:00,condenser_fan,Ventilador condensador,I/O,1.0,bool,VÁLIDA,SIMULADOR,1,"{""controller"": ""VIRTUAL_REFRIGERATION_MACHINE"", ""scenario_id"": ""CEN-61CD6C86"", ""execution_id"": ""EXE-58F3DF8977C2"", ""session_id"": ""DIA-F2F2AB2EDFB3"", ""seed"": 1, ""machine_state"": ""RECUPERACAO""}"
2681,2026-01-01T00:10:00+00:00,defrost,Degelo,I/O,0.0,bool,VÁLIDA,SIMULADOR,1,"{""controller"": ""VIRTUAL_REFRIGERATION_MACHINE"", ""scenario_id"": ""CEN-61CD6C86"", ""execution_id"": ""EXE-58F3DF8977C2"", ""session_id"": ""DIA-F2F2AB2EDFB3"", ""seed"": 1, ""machine_state"": ""RECUPERACAO""}"
2682,2026-01-01T00:10:00+00:00,dripping,Gotejamento,I/O,0.0,bool,VÁLIDA,SIMULADOR,1,"{""controller"": ""VIRTUAL_REFRIGERATION_MACHINE"", ""scenario_id"": ""CEN-61CD6C86"", ""execution_id"": ""EXE-58F3DF8977C2"", ""session_id"": ""DIA-F2F2AB2EDFB3"", ""seed"": 1, ""machine_state"": ""RECUPERACAO""}"
2683,2026-01-01T00:10:00+00:00,communication,Comunicação simulada,COMUNICAÇÃO,1.0,bool,VÁLIDA,SIMULADOR,1,"{""controller"": ""VIRTUAL_REFRIGERATION_MACHINE"", ""scenario_id"": ""CEN-61CD6C86"", ""execution_id"": ""EXE-58F3DF8977C2"", ""session_id"": ""DIA-F2F2AB2EDFB3"", ""seed"": 1, ""machine_state"": ""RECUPERACAO""}"
2684,2026-01-01T00:10:00+00:00,current_total,Corrente total da máquina,MEDIÇÃO ELÉTRICA,7.143,A,VÁLIDA,SIMULADOR,1,"{""controller"": ""VIRTUAL_REFRIGERATION_MACHINE"", ""scenario_id"": ""CEN-61CD6C86"", ""execution_id"": ""EXE-58F3DF8977C2"", ""session_id"": ""DIA-F2F2AB2EDFB3"", ""seed"": 1, ""instrument"": ""EM210 #1 - TOTAL""}"
2685,2026-01-01T00:10:00+00:00,current_compressor,Corrente do compressor,MEDIÇÃO ELÉTRICA,0.134,A,VÁLIDA,SIMULADOR,1,"{""controller"": ""VIRTUAL_REFRIGERATION_MACHINE"", ""scenario_id"": ""CEN-61CD6C86"", ""execution_id"": ""EXE-58F3DF8977C2"", ""session_id"": ""DIA-F2F2AB2EDFB3"", ""seed"": 1, ""instrument"": ""EM210 #2 - COMPRESSOR""}"
2686,2026-01-01T00:10:00+00:00,current_l1,Corrente L1,MEDIÇÃO ELÉTRICA,2.385,A,VÁLIDA,SIMULADOR,1,"{""controller"": ""VIRTUAL_REFRIGERATION_MACHINE"", ""scenario_id"": ""CEN-61CD6C86"", ""execution_id"": ""EXE-58F3DF8977C2"", ""session_id"": ""DIA-F2F2AB2EDFB3"", ""seed"": 1, ""instrument"": ""EM210 #1 - TOTAL""}"
2687,2026-01-01T00:10:00+00:00,current_l2,Corrente L2,MEDIÇÃO ELÉTRICA,2.379,A,VÁLIDA,SIMULADOR,1,"{""controller"": ""VIRTUAL_REFRIGERATION_MACHINE"", ""scenario_id"": ""CEN-61CD6C86"", ""execution_id"": ""EXE-58F3DF8977C2"", ""session_id"": ""DIA-F2F2AB2EDFB3"", ""seed"": 1, ""instrument"": ""EM210 #1 - TOTAL""}"
2688,2026-01-01T00:10:00+00:00,current_l3,Corrente L3,MEDIÇÃO ELÉTRICA,2.382,A,VÁLIDA,SIMULADOR,1,"{""controller"": ""VIRTUAL_REFRIGERATION_MACHINE"", ""scenario_id"": ""CEN-61CD6C86"", ""execution_id"": ""EXE-58F3DF8977C2"", ""session_id"": ""DIA-F2F2AB2EDFB3"", ""seed"": 1, ""instrument"": ""EM210 #1 - TOTAL""}"
2689,2026-01-01T00:10:05+00:00,temperature_chamber,Temperatura da câmara,SENSORES,7.87972695723728,°C,VÁLIDA,SIMULADOR,1,"{""controller"": ""VIRTUAL_REFRIGERATION_MACHINE"", ""scenario_id"": ""CEN-61CD6C86"", ""execution_id"": ""EXE-58F3DF8977C2"", ""session_id"": ""DIA-F2F2AB2EDFB3"", ""seed"": 1, ""machine_state"": ""RECUPERACAO""}"
2690,2026-01-01T00:10:05+00:00,temperature_evaporator,Temperatura do evaporador,SENSORES,6.9069242778869375,°C,VÁLIDA,SIMULADOR,1,"{""controller"": ""VIRTUAL_REFRIGERATION_MACHINE"", ""scenario_id"": ""CEN-61CD6C86"", ""execution_id"": ""EXE-58F3DF8977C2"", ""session_id"": ""DIA-F2F2AB2EDFB3"", ""seed"": 1, ""machine_state"": ""RECUPERACAO""}"
2691,2026-01-01T00:10:05+00:00,pressure_suction,Pressão de sucção,SENSORES,89.2217249224771,psi,VÁLIDA,SIMULADOR,1,"{""controller"": ""VIRTUAL_REFRIGERATION_MACHINE"", ""scenario_id"": ""CEN-61CD6C86"", ""execution_id"": ""EXE-58F3DF8977C2"", ""session_id"": ""DIA-F2F2AB2EDFB3"", ""seed"": 1, ""machine_state"": ""RECUPERACAO""}"
2692,2026-01-01T00:10:05+00:00,pressure_discharge,Pressão de descarga,SENSORES,91.7156734307218,psi,VÁLIDA,SIMULADOR,1,"{""controller"": ""VIRTUAL_REFRIGERATION_MACHINE"", ""scenario_id"": ""CEN-61CD6C86"", ""execution_id"": ""EXE-58F3DF8977C2"", ""session_id"": ""DIA-F2F2AB2EDFB3"", ""seed"": 1, ""machine_state"": ""RECUPERACAO""}"
2693,2026-01-01T00:10:05+00:00,compressor_command,Comando do compressor,I/O,1.0,bool,VÁLIDA,SIMULADOR,1,"{""controller"": ""VIRTUAL_REFRIGERATION_MACHINE"", ""scenario_id"": ""CEN-61CD6C86"", ""execution_id"": ""EXE-58F3DF8977C2"", ""session_id"": ""DIA-F2F2AB2EDFB3"", ""seed"": 1, ""machine_state"": ""RECUPERACAO""}"
2694,2026-01-01T00:10:05+00:00,compressor,Estado do compressor,I/O,0.0,bool,VÁLIDA,SIMULADOR,1,"{""controller"": ""VIRTUAL_REFRIGERATION_MACHINE"", ""scenario_id"": ""CEN-61CD6C86"", ""execution_id"": ""EXE-58F3DF8977C2"", ""session_id"": ""DIA-F2F2AB2EDFB3"", ""seed"": 1, ""machine_state"": ""RECUPERACAO""}"
2695,2026-01-01T00:10:05+00:00,evaporator_fan,Ventilador evaporador,I/O,1.0,bool,VÁLIDA,SIMULADOR,1,"{""controller"": ""VIRTUAL_REFRIGERATION_MACHINE"", ""scenario_id"": ""CEN-61CD6C86"", ""execution_id"": ""EXE-58F3DF8977C2"", ""session_id"": ""DIA-F2F2AB2EDFB3"", ""seed"": 1, ""machine_state"": ""RECUPERACAO""}"
2696,2026-01-01T00:10:05+00:00,condenser_fan,Ventilador condensador,I/O,1.0,bool,VÁLIDA,SIMULADOR,1,"{""controller"": ""VIRTUAL_REFRIGERATION_MACHINE"", ""scenario_id"": ""CEN-61CD6C86"", ""execution_id"": ""EXE-58F3DF8977C2"", ""session_id"": ""DIA-F2F2AB2EDFB3"", ""seed"": 1, ""machine_state"": ""RECUPERACAO""}"
2697,2026-01-01T00:10:05+00:00,defrost,Degelo,I/O,0.0,bool,VÁLIDA,SIMULADOR,1,"{""controller"": ""VIRTUAL_REFRIGERATION_MACHINE"", ""scenario_id"": ""CEN-61CD6C86"", ""execution_id"": ""EXE-58F3DF8977C2"", ""session_id"": ""DIA-F2F2AB2EDFB3"", ""seed"": 1, ""machine_state"": ""RECUPERACAO""}"
2698,2026-01-01T00:10:05+00:00,dripping,Gotejamento,I/O,0.0,bool,VÁLIDA,SIMULADOR,1,"{""controller"": ""VIRTUAL_REFRIGERATION_MACHINE"", ""scenario_id"": ""CEN-61CD6C86"", ""execution_id"": ""EXE-58F3DF8977C2"", ""session_id"": ""DIA-F2F2AB2EDFB3"", ""seed"": 1, ""machine_state"": ""RECUPERACAO""}"
2699,2026-01-01T00:10:05+00:00,communication,Comunicação simulada,COMUNICAÇÃO,1.0,bool,VÁLIDA,SIMULADOR,1,"{""controller"": ""VIRTUAL_REFRIGERATION_MACHINE"", ""scenario_id"": ""CEN-61CD6C86"", ""execution_id"": ""EXE-58F3DF8977C2"", ""session_id"": ""DIA-F2F2AB2EDFB3"", ""seed"": 1, ""machine_state"": ""RECUPERACAO""}"
2700,2026-01-01T00:10:05+00:00,current_total,Corrente total da máquina,MEDIÇÃO ELÉTRICA,7.132,A,VÁLIDA,SIMULADOR,1,"{""controller"": ""VIRTUAL_REFRIGERATION_MACHINE"", ""scenario_id"": ""CEN-61CD6C86"", ""execution_id"": ""EXE-58F3DF8977C2"", ""session_id"": ""DIA-F2F2AB2EDFB3"", ""seed"": 1, ""instrument"": ""EM210 #1 - TOTAL""}"
2701,2026-01-01T00:10:05+00:00,current_compressor,Corrente do compressor,MEDIÇÃO ELÉTRICA,0.149,A,VÁLIDA,SIMULADOR,1,"{""controller"": ""VIRTUAL_REFRIGERATION_MACHINE"", ""scenario_id"": ""CEN-61CD6C86"", ""execution_id"": ""EXE-58F3DF8977C2"", ""session_id"": ""DIA-F2F2AB2EDFB3"", ""seed"": 1, ""instrument"": ""EM210 #2 - COMPRESSOR""}"
2702,2026-01-01T00:10:05+00:00,current_l1,Corrente L1,MEDIÇÃO ELÉTRICA,2.365,A,VÁLIDA,SIMULADOR,1,"{""controller"": ""VIRTUAL_REFRIGERATION_MACHINE"", ""scenario_id"": ""CEN-61CD6C86"", ""execution_id"": ""EXE-58F3DF8977C2"", ""session_id"": ""DIA-F2F2AB2EDFB3"", ""seed"": 1, ""instrument"": ""EM210 #1 - TOTAL""}"
2703,2026-01-01T00:10:05+00:00,current_l2,Corrente L2,MEDIÇÃO ELÉTRICA,2.392,A,VÁLIDA,SIMULADOR,1,"{""controller"": ""VIRTUAL_REFRIGERATION_MACHINE"", ""scenario_id"": ""CEN-61CD6C86"", ""execution_id"": ""EXE-58F3DF8977C2"", ""session_id"": ""DIA-F2F2AB2EDFB3"", ""seed"": 1, ""instrument"": ""EM210 #1 - TOTAL""}"
2704,2026-01-01T00:10:05+00:00,current_l3,Corrente L3,MEDIÇÃO ELÉTRICA,2.392,A,VÁLIDA,SIMULADOR,1,"{""controller"": ""VIRTUAL_REFRIGERATION_MACHINE"", ""scenario_id"": ""CEN-61CD6C86"", ""execution_id"": ""EXE-58F3DF8977C2"", ""session_id"": ""DIA-F2F2AB2EDFB3"", ""seed"": 1, ""instrument"": ""EM210 #1 - TOTAL""}"
2705,2026-01-01T00:10:10+00:00,temperature_chamber,Temperatura da câmara,SENSORES,7.920929687664907,°C,VÁLIDA,SIMULADOR,1,"{""controller"": ""VIRTUAL_REFRIGERATION_MACHINE"", ""scenario_id"": ""CEN-61CD6C86"", ""execution_id"": ""EXE-58F3DF8977C2"", ""session_id"": ""DIA-F2F2AB2EDFB3"", ""seed"": 1, ""machine_state"": ""RECUPERACAO""}"
2706,2026-01-01T00:10:10+00:00,temperature_evaporator,Temperatura do evaporador,SENSORES,6.957624548375836,°C,VÁLIDA,SIMULADOR,1,"{""controller"": ""VIRTUAL_REFRIGERATION_MACHINE"", ""scenario_id"": ""CEN-61CD6C86"", ""execution_id"": ""EXE-58F3DF8977C2"", ""session_id"": ""DIA-F2F2AB2EDFB3"", ""seed"": 1, ""machine_state"": ""RECUPERACAO""}"
2707,2026-01-01T00:10:10+00:00,pressure_suction,Pressão de sucção,SENSORES,89.29955243022938,psi,VÁLIDA,SIMULADOR,1,"{""controller"": ""VIRTUAL_REFRIGERATION_MACHINE"", ""scenario_id"": ""CEN-61CD6C86"", ""execution_id"": ""EXE-58F3DF8977C2"", ""session_id"": ""DIA-F2F2AB2EDFB3"", ""seed"": 1, ""machine_state"": ""RECUPERACAO""}"
2708,2026-01-01T00:10:10+00:00,pressure_discharge,Pressão de descarga,SENSORES,91.54410608764961,psi,VÁLIDA,SIMULADOR,1,"{""controller"": ""VIRTUAL_REFRIGERATION_MACHINE"", ""scenario_id"": ""CEN-61CD6C86"", ""execution_id"": ""EXE-58F3DF8977C2"", ""session_id"": ""DIA-F2F2AB2EDFB3"", ""seed"": 1, ""machine_state"": ""RECUPERACAO""}"
2709,2026-01-01T00:10:10+00:00,compressor_command,Comando do compressor,I/O,1.0,bool,VÁLIDA,SIMULADOR,1,"{""controller"": ""VIRTUAL_REFRIGERATION_MACHINE"", ""scenario_id"": ""CEN-61CD6C86"", ""execution_id"": ""EXE-58F3DF8977C2"", ""session_id"": ""DIA-F2F2AB2EDFB3"", ""seed"": 1, ""machine_state"": ""RECUPERACAO""}"
2710,2026-01-01T00:10:10+00:00,compressor,Estado do compressor,I/O,0.0,bool,VÁLIDA,SIMULADOR,1,"{""controller"": ""VIRTUAL_REFRIGERATION_MACHINE"", ""scenario_id"": ""CEN-61CD6C86"", ""execution_id"": ""EXE-58F3DF8977C2"", ""session_id"": ""DIA-F2F2AB2EDFB3"", ""seed"": 1, ""machine_state"": ""RECUPERACAO""}"
2711,2026-01-01T00:10:10+00:00,evaporator_fan,Ventilador evaporador,I/O,1.0,bool,VÁLIDA,SIMULADOR,1,"{""controller"": ""VIRTUAL_REFRIGERATION_MACHINE"", ""scenario_id"": ""CEN-61CD6C86"", ""execution_id"": ""EXE-58F3DF8977C2"", ""session_id"": ""DIA-F2F2AB2EDFB3"", ""seed"": 1, ""machine_state"": ""RECUPERACAO""}"
2712,2026-01-01T00:10:10+00:00,condenser_fan,Ventilador condensador,I/O,1.0,bool,VÁLIDA,SIMULADOR,1,"{""controller"": ""VIRTUAL_REFRIGERATION_MACHINE"", ""scenario_id"": ""CEN-61CD6C86"", ""execution_id"": ""EXE-58F3DF8977C2"", ""session_id"": ""DIA-F2F2AB2EDFB3"", ""seed"": 1, ""machine_state"": ""RECUPERACAO""}"
2713,2026-01-01T00:10:10+00:00,defrost,Degelo,I/O,0.0,bool,VÁLIDA,SIMULADOR,1,"{""controller"": ""VIRTUAL_REFRIGERATION_MACHINE"", ""scenario_id"": ""CEN-61CD6C86"", ""execution_id"": ""EXE-58F3DF8977C2"", ""session_id"": ""DIA-F2F2AB2EDFB3"", ""seed"": 1, ""machine_state"": ""RECUPERACAO""}"
2714,2026-01-01T00:10:10+00:00,dripping,Gotejamento,I/O,0.0,bool,VÁLIDA,SIMULADOR,1,"{""controller"": ""VIRTUAL_REFRIGERATION_MACHINE"", ""scenario_id"": ""CEN-61CD6C86"", ""execution_id"": ""EXE-58F3DF8977C2"", ""session_id"": ""DIA-F2F2AB2EDFB3"", ""seed"": 1, ""machine_state"": ""RECUPERACAO""}"
2715,2026-01-01T00:10:10+00:00,communication,Comunicação simulada,COMUNICAÇÃO,1.0,bool,VÁLIDA,SIMULADOR,1,"{""controller"": ""VIRTUAL_REFRIGERATION_MACHINE"", ""scenario_id"": ""CEN-61CD6C86"", ""execution_id"": ""EXE-58F3DF8977C2"", ""session_id"": ""DIA-F2F2AB2EDFB3"", ""seed"": 1, ""machine_state"": ""RECUPERACAO""}"
2716,2026-01-01T00:10:10+00:00,current_total,Corrente total da máquina,MEDIÇÃO ELÉTRICA,7.148,A,VÁLIDA,SIMULADOR,1,"{""controller"": ""VIRTUAL_REFRIGERATION_MACHINE"", ""scenario_id"": ""CEN-61CD6C86"", ""execution_id"": ""EXE-58F3DF8977C2"", ""session_id"": ""DIA-F2F2AB2EDFB3"", ""seed"": 1, ""instrument"": ""EM210 #1 - TOTAL""}"
2717,2026-01-01T00:10:10+00:00,current_compressor,Corrente do compressor,MEDIÇÃO ELÉTRICA,0.168,A,VÁLIDA,SIMULADOR,1,"{""controller"": ""VIRTUAL_REFRIGERATION_MACHINE"", ""scenario_id"": ""CEN-61CD6C86"", ""execution_id"": ""EXE-58F3DF8977C2"", ""session_id"": ""DIA-F2F2AB2EDFB3"", ""seed"": 1, ""instrument"": ""EM210 #2 - COMPRESSOR""}"
2718,2026-01-01T00:10:10+00:00,current_l1,Corrente L1,MEDIÇÃO ELÉTRICA,2.372,A,VÁLIDA,SIMULADOR,1,"{""controller"": ""VIRTUAL_REFRIGERATION_MACHINE"", ""scenario_id"": ""CEN-61CD6C86"", ""execution_id"": ""EXE-58F3DF8977C2"", ""session_id"": ""DIA-F2F2AB2EDFB3"", ""seed"": 1, ""instrument"": ""EM210 #1 - TOTAL""}"
2719,2026-01-01T00:10:10+00:00,current_l2,Corrente L2,MEDIÇÃO ELÉTRICA,2.386,A,VÁLIDA,SIMULADOR,1,"{""controller"": ""VIRTUAL_REFRIGERATION_MACHINE"", ""scenario_id"": ""CEN-61CD6C86"", ""execution_id"": ""EXE-58F3DF8977C2"", ""session_id"": ""DIA-F2F2AB2EDFB3"", ""seed"": 1, ""instrument"": ""EM210 #1 - TOTAL""}"
2720,2026-01-01T00:10:10+00:00,current_l3,Corrente L3,MEDIÇÃO ELÉTRICA,2.387,A,VÁLIDA,SIMULADOR,1,"{""controller"": ""VIRTUAL_REFRIGERATION_MACHINE"", ""scenario_id"": ""CEN-61CD6C86"", ""execution_id"": ""EXE-58F3DF8977C2"", ""session_id"": ""DIA-F2F2AB2EDFB3"", ""seed"": 1, ""instrument"": ""EM210 #1 - TOTAL""}"
2721,2026-01-01T00:10:15+00:00,temperature_chamber,Temperatura da câmara,SENSORES,7.961720390788258,°C,VÁLIDA,SIMULADOR,1,"{""controller"": ""VIRTUAL_REFRIGERATION_MACHINE"", ""scenario_id"": ""CEN-61CD6C86"", ""execution_id"": ""EXE-58F3DF8977C2"", ""session_id"": ""DIA-F2F2AB2EDFB3"", ""seed"": 1, ""machine_state"": ""RECUPERACAO""}"
2722,2026-01-01T00:10:15+00:00,temperature_evaporator,Temperatura do evaporador,SENSORES,7.007829340496458,°C,VÁLIDA,SIMULADOR,1,"{""controller"": ""VIRTUAL_REFRIGERATION_MACHINE"", ""scenario_id"": ""CEN-61CD6C86"", ""execution_id"": ""EXE-58F3DF8977C2"", ""session_id"": ""DIA-F2F2AB2EDFB3"", ""seed"": 1, ""machine_state"": ""RECUPERACAO""}"
2723,2026-01-01T00:10:15+00:00,pressure_suction,Pressão de sucção,SENSORES,89.36959718720644,psi,VÁLIDA,SIMULADOR,1,"{""controller"": ""VIRTUAL_REFRIGERATION_MACHINE"", ""scenario_id"": ""CEN-61CD6C86"", ""execution_id"": ""EXE-58F3DF8977C2"", ""session_id"": ""DIA-F2F2AB2EDFB3"", ""seed"": 1, ""machine_state"": ""RECUPERACAO""}"
2724,2026-01-01T00:10:15+00:00,pressure_discharge,Pressão de descarga,SENSORES,91.38969547888465,psi,VÁLIDA,SIMULADOR,1,"{""controller"": ""VIRTUAL_REFRIGERATION_MACHINE"", ""scenario_id"": ""CEN-61CD6C86"", ""execution_id"": ""EXE-58F3DF8977C2"", ""session_id"": ""DIA-F2F2AB2EDFB3"", ""seed"": 1, ""machine_state"": ""RECUPERACAO""}"
2725,2026-01-01T00:10:15+00:00,compressor_command,Comando do compressor,I/O,1.0,bool,VÁLIDA,SIMULADOR,1,"{""controller"": ""VIRTUAL_REFRIGERATION_MACHINE"", ""scenario_id"": ""CEN-61CD6C86"", ""execution_id"": ""EXE-58F3DF8977C2"", ""session_id"": ""DIA-F2F2AB2EDFB3"", ""seed"": 1, ""machine_state"": ""RECUPERACAO""}"
2726,2026-01-01T00:10:15+00:00,compressor,Estado do compressor,I/O,0.0,bool,VÁLIDA,SIMULADOR,1,"{""controller"": ""VIRTUAL_REFRIGERATION_MACHINE"", ""scenario_id"": ""CEN-61CD6C86"", ""execution_id"": ""EXE-58F3DF8977C2"", ""session_id"": ""DIA-F2F2AB2EDFB3"", ""seed"": 1, ""machine_state"": ""RECUPERACAO""}"
2727,2026-01-01T00:10:15+00:00,evaporator_fan,Ventilador evaporador,I/O,1.0,bool,VÁLIDA,SIMULADOR,1,"{""controller"": ""VIRTUAL_REFRIGERATION_MACHINE"", ""scenario_id"": ""CEN-61CD6C86"", ""execution_id"": ""EXE-58F3DF8977C2"", ""session_id"": ""DIA-F2F2AB2EDFB3"", ""seed"": 1, ""machine_state"": ""RECUPERACAO""}"
2728,2026-01-01T00:10:15+00:00,condenser_fan,Ventilador condensador,I/O,1.0,bool,VÁLIDA,SIMULADOR,1,"{""controller"": ""VIRTUAL_REFRIGERATION_MACHINE"", ""scenario_id"": ""CEN-61CD6C86"", ""execution_id"": ""EXE-58F3DF8977C2"", ""session_id"": ""DIA-F2F2AB2EDFB3"", ""seed"": 1, ""machine_state"": ""RECUPERACAO""}"
2729,2026-01-01T00:10:15+00:00,defrost,Degelo,I/O,0.0,bool,VÁLIDA,SIMULADOR,1,"{""controller"": ""VIRTUAL_REFRIGERATION_MACHINE"", ""scenario_id"": ""CEN-61CD6C86"", ""execution_id"": ""EXE-58F3DF8977C2"", ""session_id"": ""DIA-F2F2AB2EDFB3"", ""seed"": 1, ""machine_state"": ""RECUPERACAO""}"
2730,2026-01-01T00:10:15+00:00,dripping,Gotejamento,I/O,0.0,bool,VÁLIDA,SIMULADOR,1,"{""controller"": ""VIRTUAL_REFRIGERATION_MACHINE"", ""scenario_id"": ""CEN-61CD6C86"", ""execution_id"": ""EXE-58F3DF8977C2"", ""session_id"": ""DIA-F2F2AB2EDFB3"", ""seed"": 1, ""machine_state"": ""RECUPERACAO""}"
2731,2026-01-01T00:10:15+00:00,communication,Comunicação simulada,COMUNICAÇÃO,1.0,bool,VÁLIDA,SIMULADOR,1,"{""controller"": ""VIRTUAL_REFRIGERATION_MACHINE"", ""scenario_id"": ""CEN-61CD6C86"", ""execution_id"": ""EXE-58F3DF8977C2"", ""session_id"": ""DIA-F2F2AB2EDFB3"", ""seed"": 1, ""machine_state"": ""RECUPERACAO""}"
2732,2026-01-01T00:10:15+00:00,current_total,Corrente total da máquina,MEDIÇÃO ELÉTRICA,7.133,A,VÁLIDA,SIMULADOR,1,"{""controller"": ""VIRTUAL_REFRIGERATION_MACHINE"", ""scenario_id"": ""CEN-61CD6C86"", ""execution_id"": ""EXE-58F3DF8977C2"", ""session_id"": ""DIA-F2F2AB2EDFB3"", ""seed"": 1, ""instrument"": ""EM210 #1 - TOTAL""}"
2733,2026-01-01T00:10:15+00:00,current_compressor,Corrente do compressor,MEDIÇÃO ELÉTRICA,0.132,A,VÁLIDA,SIMULADOR,1,"{""controller"": ""VIRTUAL_REFRIGERATION_MACHINE"", ""scenario_id"": ""CEN-61CD6C86"", ""execution_id"": ""EXE-58F3DF8977C2"", ""session_id"": ""DIA-F2F2AB2EDFB3"", ""seed"": 1, ""instrument"": ""EM210 #2 - COMPRESSOR""}"
2734,2026-01-01T00:10:15+00:00,current_l1,Corrente L1,MEDIÇÃO ELÉTRICA,2.391,A,VÁLIDA,SIMULADOR,1,"{""controller"": ""VIRTUAL_REFRIGERATION_MACHINE"", ""scenario_id"": ""CEN-61CD6C86"", ""execution_id"": ""EXE-58F3DF8977C2"", ""session_id"": ""DIA-F2F2AB2EDFB3"", ""seed"": 1, ""instrument"": ""EM210 #1 - TOTAL""}"
2735,2026-01-01T00:10:15+00:00,current_l2,Corrente L2,MEDIÇÃO ELÉTRICA,2.395,A,VÁLIDA,SIMULADOR,1,"{""controller"": ""VIRTUAL_REFRIGERATION_MACHINE"", ""scenario_id"": ""CEN-61CD6C86"", ""execution_id"": ""EXE-58F3DF8977C2"", ""session_id"": ""DIA-F2F2AB2EDFB3"", ""seed"": 1, ""instrument"": ""EM210 #1 - TOTAL""}"
2736,2026-01-01T00:10:15+00:00,current_l3,Corrente L3,MEDIÇÃO ELÉTRICA,2.383,A,VÁLIDA,SIMULADOR,1,"{""controller"": ""VIRTUAL_REFRIGERATION_MACHINE"", ""scenario_id"": ""CEN-61CD6C86"", ""execution_id"": ""EXE-58F3DF8977C2"", ""session_id"": ""DIA-F2F2AB2EDFB3"", ""seed"": 1, ""instrument"": ""EM210 #1 - TOTAL""}"
2737,2026-01-01T00:10:20+00:00,temperature_chamber,Temperatura da câmara,SENSORES,8.002103186880376,°C,VÁLIDA,SIMULADOR,1,"{""controller"": ""VIRTUAL_REFRIGERATION_MACHINE"", ""scenario_id"": ""CEN-61CD6C86"", ""execution_id"": ""EXE-58F3DF8977C2"", ""session_id"": ""DIA-F2F2AB2EDFB3"", ""seed"": 1, ""machine_state"": ""RECUPERACAO""}"
2738,2026-01-01T00:10:20+00:00,temperature_evaporator,Temperatura do evaporador,SENSORES,7.057543032815654,°C,VÁLIDA,SIMULADOR,1,"{""controller"": ""VIRTUAL_REFRIGERATION_MACHINE"", ""scenario_id"": ""CEN-61CD6C86"", ""execution_id"": ""EXE-58F3DF8977C2"", ""session_id"": ""DIA-F2F2AB2EDFB3"", ""seed"": 1, ""machine_state"": ""RECUPERACAO""}"
2739,2026-01-01T00:10:20+00:00,pressure_suction,Pressão de sucção,SENSORES,89.4326374684858,psi,VÁLIDA,SIMULADOR,1,"{""controller"": ""VIRTUAL_REFRIGERATION_MACHINE"", ""scenario_id"": ""CEN-61CD6C86"", ""execution_id"": ""EXE-58F3DF8977C2"", ""session_id"": ""DIA-F2F2AB2EDFB3"", ""seed"": 1, ""machine_state"": ""RECUPERACAO""}"
2740,2026-01-01T00:10:20+00:00,pressure_discharge,Pressão de descarga,SENSORES,91.25072593099618,psi,VÁLIDA,SIMULADOR,1,"{""controller"": ""VIRTUAL_REFRIGERATION_MACHINE"", ""scenario_id"": ""CEN-61CD6C86"", ""execution_id"": ""EXE-58F3DF8977C2"", ""session_id"": ""DIA-F2F2AB2EDFB3"", ""seed"": 1, ""machine_state"": ""RECUPERACAO""}"
2741,2026-01-01T00:10:20+00:00,compressor_command,Comando do compressor,I/O,1.0,bool,VÁLIDA,SIMULADOR,1,"{""controller"": ""VIRTUAL_REFRIGERATION_MACHINE"", ""scenario_id"": ""CEN-61CD6C86"", ""execution_id"": ""EXE-58F3DF8977C2"", ""session_id"": ""DIA-F2F2AB2EDFB3"", ""seed"": 1, ""machine_state"": ""RECUPERACAO""}"
2742,2026-01-01T00:10:20+00:00,compressor,Estado do compressor,I/O,0.0,bool,VÁLIDA,SIMULADOR,1,"{""controller"": ""VIRTUAL_REFRIGERATION_MACHINE"", ""scenario_id"": ""CEN-61CD6C86"", ""execution_id"": ""EXE-58F3DF8977C2"", ""session_id"": ""DIA-F2F2AB2EDFB3"", ""seed"": 1, ""machine_state"": ""RECUPERACAO""}"
2743,2026-01-01T00:10:20+00:00,evaporator_fan,Ventilador evaporador,I/O,1.0,bool,VÁLIDA,SIMULADOR,1,"{""controller"": ""VIRTUAL_REFRIGERATION_MACHINE"", ""scenario_id"": ""CEN-61CD6C86"", ""execution_id"": ""EXE-58F3DF8977C2"", ""session_id"": ""DIA-F2F2AB2EDFB3"", ""seed"": 1, ""machine_state"": ""RECUPERACAO""}"
2744,2026-01-01T00:10:20+00:00,condenser_fan,Ventilador condensador,I/O,1.0,bool,VÁLIDA,SIMULADOR,1,"{""controller"": ""VIRTUAL_REFRIGERATION_MACHINE"", ""scenario_id"": ""CEN-61CD6C86"", ""execution_id"": ""EXE-58F3DF8977C2"", ""session_id"": ""DIA-F2F2AB2EDFB3"", ""seed"": 1, ""machine_state"": ""RECUPERACAO""}"
2745,2026-01-01T00:10:20+00:00,defrost,Degelo,I/O,0.0,bool,VÁLIDA,SIMULADOR,1,"{""controller"": ""VIRTUAL_REFRIGERATION_MACHINE"", ""scenario_id"": ""CEN-61CD6C86"", ""execution_id"": ""EXE-58F3DF8977C2"", ""session_id"": ""DIA-F2F2AB2EDFB3"", ""seed"": 1, ""machine_state"": ""RECUPERACAO""}"
2746,2026-01-01T00:10:20+00:00,dripping,Gotejamento,I/O,0.0,bool,VÁLIDA,SIMULADOR,1,"{""controller"": ""VIRTUAL_REFRIGERATION_MACHINE"", ""scenario_id"": ""CEN-61CD6C86"", ""execution_id"": ""EXE-58F3DF8977C2"", ""session_id"": ""DIA-F2F2AB2EDFB3"", ""seed"": 1, ""machine_state"": ""RECUPERACAO""}"
2747,2026-01-01T00:10:20+00:00,communication,Comunicação simulada,COMUNICAÇÃO,1.0,bool,VÁLIDA,SIMULADOR,1,"{""controller"": ""VIRTUAL_REFRIGERATION_MACHINE"", ""scenario_id"": ""CEN-61CD6C86"", ""execution_id"": ""EXE-58F3DF8977C2"", ""session_id"": ""DIA-F2F2AB2EDFB3"", ""seed"": 1, ""machine_state"": ""RECUPERACAO""}"
2748,2026-01-01T00:10:20+00:00,current_total,Corrente total da máquina,MEDIÇÃO ELÉTRICA,7.164,A,VÁLIDA,SIMULADOR,1,"{""controller"": ""VIRTUAL_REFRIGERATION_MACHINE"", ""scenario_id"": ""CEN-61CD6C86"", ""execution_id"": ""EXE-58F3DF8977C2"", ""session_id"": ""DIA-F2F2AB2EDFB3"", ""seed"": 1, ""instrument"": ""EM210 #1 - TOTAL""}"
2749,2026-01-01T00:10:20+00:00,current_compressor,Corrente do compressor,MEDIÇÃO ELÉTRICA,0.147,A,VÁLIDA,SIMULADOR,1,"{""controller"": ""VIRTUAL_REFRIGERATION_MACHINE"", ""scenario_id"": ""CEN-61CD6C86"", ""execution_id"": ""EXE-58F3DF8977C2"", ""session_id"": ""DIA-F2F2AB2EDFB3"", ""seed"": 1, ""instrument"": ""EM210 #2 - COMPRESSOR""}"
2750,2026-01-01T00:10:20+00:00,current_l1,Corrente L1,MEDIÇÃO ELÉTRICA,2.386,A,VÁLIDA,SIMULADOR,1,"{""controller"": ""VIRTUAL_REFRIGERATION_MACHINE"", ""scenario_id"": ""CEN-61CD6C86"", ""execution_id"": ""EXE-58F3DF8977C2"", ""session_id"": ""DIA-F2F2AB2EDFB3"", ""seed"": 1, ""instrument"": ""EM210 #1 - TOTAL""}"
2751,2026-01-01T00:10:20+00:00,current_l2,Corrente L2,MEDIÇÃO ELÉTRICA,2.391,A,VÁLIDA,SIMULADOR,1,"{""controller"": ""VIRTUAL_REFRIGERATION_MACHINE"", ""scenario_id"": ""CEN-61CD6C86"", ""execution_id"": ""EXE-58F3DF8977C2"", ""session_id"": ""DIA-F2F2AB2EDFB3"", ""seed"": 1, ""instrument"": ""EM210 #1 - TOTAL""}"
2752,2026-01-01T00:10:20+00:00,current_l3,Corrente L3,MEDIÇÃO ELÉTRICA,2.397,A,VÁLIDA,SIMULADOR,1,"{""controller"": ""VIRTUAL_REFRIGERATION_MACHINE"", ""scenario_id"": ""CEN-61CD6C86"", ""execution_id"": ""EXE-58F3DF8977C2"", ""session_id"": ""DIA-F2F2AB2EDFB3"", ""seed"": 1, ""instrument"": ""EM210 #1 - TOTAL""}"
2753,2026-01-01T00:10:25+00:00,temperature_chamber,Temperatura da câmara,SENSORES,8.042082155011572,°C,VÁLIDA,SIMULADOR,1,"{""controller"": ""VIRTUAL_REFRIGERATION_MACHINE"", ""scenario_id"": ""CEN-61CD6C86"", ""execution_id"": ""EXE-58F3DF8977C2"", ""session_id"": ""DIA-F2F2AB2EDFB3"", ""seed"": 1, ""machine_state"": ""RECUPERACAO""}"
2754,2026-01-01T00:10:25+00:00,temperature_evaporator,Temperatura do evaporador,SENSORES,7.10676998892545,°C,VÁLIDA,SIMULADOR,1,"{""controller"": ""VIRTUAL_REFRIGERATION_MACHINE"", ""scenario_id"": ""CEN-61CD6C86"", ""execution_id"": ""EXE-58F3DF8977C2"", ""session_id"": ""DIA-F2F2AB2EDFB3"", ""seed"": 1, ""machine_state"": ""RECUPERACAO""}"
2755,2026-01-01T00:10:25+00:00,pressure_suction,Pressão de sucção,SENSORES,89.48937372163721,psi,VÁLIDA,SIMULADOR,1,"{""controller"": ""VIRTUAL_REFRIGERATION_MACHINE"", ""scenario_id"": ""CEN-61CD6C86"", ""execution_id"": ""EXE-58F3DF8977C2"", ""session_id"": ""DIA-F2F2AB2EDFB3"", ""seed"": 1, ""machine_state"": ""RECUPERACAO""}"
2756,2026-01-01T00:10:25+00:00,pressure_discharge,Pressão de descarga,SENSORES,91.12565333789657,psi,VÁLIDA,SIMULADOR,1,"{""controller"": ""VIRTUAL_REFRIGERATION_MACHINE"", ""scenario_id"": ""CEN-61CD6C86"", ""execution_id"": ""EXE-58F3DF8977C2"", ""session_id"": ""DIA-F2F2AB2EDFB3"", ""seed"": 1, ""machine_state"": ""RECUPERACAO""}"
2757,2026-01-01T00:10:25+00:00,compressor_command,Comando do compressor,I/O,1.0,bool,VÁLIDA,SIMULADOR,1,"{""controller"": ""VIRTUAL_REFRIGERATION_MACHINE"", ""scenario_id"": ""CEN-61CD6C86"", ""execution_id"": ""EXE-58F3DF8977C2"", ""session_id"": ""DIA-F2F2AB2EDFB3"", ""seed"": 1, ""machine_state"": ""RECUPERACAO""}"
2758,2026-01-01T00:10:25+00:00,compressor,Estado do compressor,I/O,0.0,bool,VÁLIDA,SIMULADOR,1,"{""controller"": ""VIRTUAL_REFRIGERATION_MACHINE"", ""scenario_id"": ""CEN-61CD6C86"", ""execution_id"": ""EXE-58F3DF8977C2"", ""session_id"": ""DIA-F2F2AB2EDFB3"", ""seed"": 1, ""machine_state"": ""RECUPERACAO""}"
2759,2026-01-01T00:10:25+00:00,evaporator_fan,Ventilador evaporador,I/O,1.0,bool,VÁLIDA,SIMULADOR,1,"{""controller"": ""VIRTUAL_REFRIGERATION_MACHINE"", ""scenario_id"": ""CEN-61CD6C86"", ""execution_id"": ""EXE-58F3DF8977C2"", ""session_id"": ""DIA-F2F2AB2EDFB3"", ""seed"": 1, ""machine_state"": ""RECUPERACAO""}"
2760,2026-01-01T00:10:25+00:00,condenser_fan,Ventilador condensador,I/O,1.0,bool,VÁLIDA,SIMULADOR,1,"{""controller"": ""VIRTUAL_REFRIGERATION_MACHINE"", ""scenario_id"": ""CEN-61CD6C86"", ""execution_id"": ""EXE-58F3DF8977C2"", ""session_id"": ""DIA-F2F2AB2EDFB3"", ""seed"": 1, ""machine_state"": ""RECUPERACAO""}"
2761,2026-01-01T00:10:25+00:00,defrost,Degelo,I/O,0.0,bool,VÁLIDA,SIMULADOR,1,"{""controller"": ""VIRTUAL_REFRIGERATION_MACHINE"", ""scenario_id"": ""CEN-61CD6C86"", ""execution_id"": ""EXE-58F3DF8977C2"", ""session_id"": ""DIA-F2F2AB2EDFB3"", ""seed"": 1, ""machine_state"": ""RECUPERACAO""}"
2762,2026-01-01T00:10:25+00:00,dripping,Gotejamento,I/O,0.0,bool,VÁLIDA,SIMULADOR,1,"{""controller"": ""VIRTUAL_REFRIGERATION_MACHINE"", ""scenario_id"": ""CEN-61CD6C86"", ""execution_id"": ""EXE-58F3DF8977C2"", ""session_id"": ""DIA-F2F2AB2EDFB3"", ""seed"": 1, ""machine_state"": ""RECUPERACAO""}"
2763,2026-01-01T00:10:25+00:00,communication,Comunicação simulada,COMUNICAÇÃO,1.0,bool,VÁLIDA,SIMULADOR,1,"{""controller"": ""VIRTUAL_REFRIGERATION_MACHINE"", ""scenario_id"": ""CEN-61CD6C86"", ""execution_id"": ""EXE-58F3DF8977C2"", ""session_id"": ""DIA-F2F2AB2EDFB3"", ""seed"": 1, ""machine_state"": ""RECUPERACAO""}"
2764,2026-01-01T00:10:25+00:00,current_total,Corrente total da máquina,MEDIÇÃO ELÉTRICA,7.151,A,VÁLIDA,SIMULADOR,1,"{""controller"": ""VIRTUAL_REFRIGERATION_MACHINE"", ""scenario_id"": ""CEN-61CD6C86"", ""execution_id"": ""EXE-58F3DF8977C2"", ""session_id"": ""DIA-F2F2AB2EDFB3"", ""seed"": 1, ""instrument"": ""EM210 #1 - TOTAL""}"
2765,2026-01-01T00:10:25+00:00,current_compressor,Corrente do compressor,MEDIÇÃO ELÉTRICA,0.157,A,VÁLIDA,SIMULADOR,1,"{""controller"": ""VIRTUAL_REFRIGERATION_MACHINE"", ""scenario_id"": ""CEN-61CD6C86"", ""execution_id"": ""EXE-58F3DF8977C2"", ""session_id"": ""DIA-F2F2AB2EDFB3"", ""seed"": 1, ""instrument"": ""EM210 #2 - COMPRESSOR""}"
2766,2026-01-01T00:10:25+00:00,current_l1,Corrente L1,MEDIÇÃO ELÉTRICA,2.368,A,VÁLIDA,SIMULADOR,1,"{""controller"": ""VIRTUAL_REFRIGERATION_MACHINE"", ""scenario_id"": ""CEN-61CD6C86"", ""execution_id"": ""EXE-58F3DF8977C2"", ""session_id"": ""DIA-F2F2AB2EDFB3"", ""seed"": 1, ""instrument"": ""EM210 #1 - TOTAL""}"
2767,2026-01-01T00:10:25+00:00,current_l2,Corrente L2,MEDIÇÃO ELÉTRICA,2.376,A,VÁLIDA,SIMULADOR,1,"{""controller"": ""VIRTUAL_REFRIGERATION_MACHINE"", ""scenario_id"": ""CEN-61CD6C86"", ""execution_id"": ""EXE-58F3DF8977C2"", ""session_id"": ""DIA-F2F2AB2EDFB3"", ""seed"": 1, ""instrument"": ""EM210 #1 - TOTAL""}"
2768,2026-01-01T00:10:25+00:00,current_l3,Corrente L3,MEDIÇÃO ELÉTRICA,2.374,A,VÁLIDA,SIMULADOR,1,"{""controller"": ""VIRTUAL_REFRIGERATION_MACHINE"", ""scenario_id"": ""CEN-61CD6C86"", ""execution_id"": ""EXE-58F3DF8977C2"", ""session_id"": ""DIA-F2F2AB2EDFB3"", ""seed"": 1, ""instrument"": ""EM210 #1 - TOTAL""}"
2769,2026-01-01T00:10:30+00:00,temperature_chamber,Temperatura da câmara,SENSORES,8.081661333461456,°C,VÁLIDA,SIMULADOR,1,"{""controller"": ""VIRTUAL_REFRIGERATION_MACHINE"", ""scenario_id"": ""CEN-61CD6C86"", ""execution_id"": ""EXE-58F3DF8977C2"", ""session_id"": ""DIA-F2F2AB2EDFB3"", ""seed"": 1, ""machine_state"": ""RECUPERACAO""}"
2770,2026-01-01T00:10:30+00:00,temperature_evaporator,Temperatura do evaporador,SENSORES,7.15551455615225,°C,VÁLIDA,SIMULADOR,1,"{""controller"": ""VIRTUAL_REFRIGERATION_MACHINE"", ""scenario_id"": ""CEN-61CD6C86"", ""execution_id"": ""EXE-58F3DF8977C2"", ""session_id"": ""DIA-F2F2AB2EDFB3"", ""seed"": 1, ""machine_state"": ""RECUPERACAO""}"
2771,2026-01-01T00:10:30+00:00,pressure_suction,Pressão de sucção,SENSORES,89.54043634947348,psi,VÁLIDA,SIMULADOR,1,"{""controller"": ""VIRTUAL_REFRIGERATION_MACHINE"", ""scenario_id"": ""CEN-61CD6C86"", ""execution_id"": ""EXE-58F3DF8977C2"", ""session_id"": ""DIA-F2F2AB2EDFB3"", ""seed"": 1, ""machine_state"": ""RECUPERACAO""}"
2772,2026-01-01T00:10:30+00:00,pressure_discharge,Pressão de descarga,SENSORES,91.0130880041069,psi,VÁLIDA,SIMULADOR,1,"{""controller"": ""VIRTUAL_REFRIGERATION_MACHINE"", ""scenario_id"": ""CEN-61CD6C86"", ""execution_id"": ""EXE-58F3DF8977C2"", ""session_id"": ""DIA-F2F2AB2EDFB3"", ""seed"": 1, ""machine_state"": ""RECUPERACAO""}"
2773,2026-01-01T00:10:30+00:00,compressor_command,Comando do compressor,I/O,1.0,bool,VÁLIDA,SIMULADOR,1,"{""controller"": ""VIRTUAL_REFRIGERATION_MACHINE"", ""scenario_id"": ""CEN-61CD6C86"", ""execution_id"": ""EXE-58F3DF8977C2"", ""session_id"": ""DIA-F2F2AB2EDFB3"", ""seed"": 1, ""machine_state"": ""RECUPERACAO""}"
2774,2026-01-01T00:10:30+00:00,compressor,Estado do compressor,I/O,0.0,bool,VÁLIDA,SIMULADOR,1,"{""controller"": ""VIRTUAL_REFRIGERATION_MACHINE"", ""scenario_id"": ""CEN-61CD6C86"", ""execution_id"": ""EXE-58F3DF8977C2"", ""session_id"": ""DIA-F2F2AB2EDFB3"", ""seed"": 1, ""machine_state"": ""RECUPERACAO""}"
2775,2026-01-01T00:10:30+00:00,evaporator_fan,Ventilador evaporador,I/O,1.0,bool,VÁLIDA,SIMULADOR,1,"{""controller"": ""VIRTUAL_REFRIGERATION_MACHINE"", ""scenario_id"": ""CEN-61CD6C86"", ""execution_id"": ""EXE-58F3DF8977C2"", ""session_id"": ""DIA-F2F2AB2EDFB3"", ""seed"": 1, ""machine_state"": ""RECUPERACAO""}"
2776,2026-01-01T00:10:30+00:00,condenser_fan,Ventilador condensador,I/O,1.0,bool,VÁLIDA,SIMULADOR,1,"{""controller"": ""VIRTUAL_REFRIGERATION_MACHINE"", ""scenario_id"": ""CEN-61CD6C86"", ""execution_id"": ""EXE-58F3DF8977C2"", ""session_id"": ""DIA-F2F2AB2EDFB3"", ""seed"": 1, ""machine_state"": ""RECUPERACAO""}"
2777,2026-01-01T00:10:30+00:00,defrost,Degelo,I/O,0.0,bool,VÁLIDA,SIMULADOR,1,"{""controller"": ""VIRTUAL_REFRIGERATION_MACHINE"", ""scenario_id"": ""CEN-61CD6C86"", ""execution_id"": ""EXE-58F3DF8977C2"", ""session_id"": ""DIA-F2F2AB2EDFB3"", ""seed"": 1, ""machine_state"": ""RECUPERACAO""}"
2778,2026-01-01T00:10:30+00:00,dripping,Gotejamento,I/O,0.0,bool,VÁLIDA,SIMULADOR,1,"{""controller"": ""VIRTUAL_REFRIGERATION_MACHINE"", ""scenario_id"": ""CEN-61CD6C86"", ""execution_id"": ""EXE-58F3DF8977C2"", ""session_id"": ""DIA-F2F2AB2EDFB3"", ""seed"": 1, ""machine_state"": ""RECUPERACAO""}"
2779,2026-01-01T00:10:30+00:00,communication,Comunicação simulada,COMUNICAÇÃO,1.0,bool,VÁLIDA,SIMULADOR,1,"{""controller"": ""VIRTUAL_REFRIGERATION_MACHINE"", ""scenario_id"": ""CEN-61CD6C86"", ""execution_id"": ""EXE-58F3DF8977C2"", ""session_id"": ""DIA-F2F2AB2EDFB3"", ""seed"": 1, ""machine_state"": ""RECUPERACAO""}"
2780,2026-01-01T00:10:30+00:00,current_total,Corrente total da máquina,MEDIÇÃO ELÉTRICA,7.157,A,VÁLIDA,SIMULADOR,1,"{""controller"": ""VIRTUAL_REFRIGERATION_MACHINE"", ""scenario_id"": ""CEN-61CD6C86"", ""execution_id"": ""EXE-58F3DF8977C2"", ""session_id"": ""DIA-F2F2AB2EDFB3"", ""seed"": 1, ""instrument"": ""EM210 #1 - TOTAL""}"
2781,2026-01-01T00:10:30+00:00,current_compressor,Corrente do compressor,MEDIÇÃO ELÉTRICA,0.153,A,VÁLIDA,SIMULADOR,1,"{""controller"": ""VIRTUAL_REFRIGERATION_MACHINE"", ""scenario_id"": ""CEN-61CD6C86"", ""execution_id"": ""EXE-58F3DF8977C2"", ""session_id"": ""DIA-F2F2AB2EDFB3"", ""seed"": 1, ""instrument"": ""EM210 #2 - COMPRESSOR""}"
2782,2026-01-01T00:10:30+00:00,current_l1,Corrente L1,MEDIÇÃO ELÉTRICA,2.378,A,VÁLIDA,SIMULADOR,1,"{""controller"": ""VIRTUAL_REFRIGERATION_MACHINE"", ""scenario_id"": ""CEN-61CD6C86"", ""execution_id"": ""EXE-58F3DF8977C2"", ""session_id"": ""DIA-F2F2AB2EDFB3"", ""seed"": 1, ""instrument"": ""EM210 #1 - TOTAL""}"
2783,2026-01-01T00:10:30+00:00,current_l2,Corrente L2,MEDIÇÃO ELÉTRICA,2.382,A,VÁLIDA,SIMULADOR,1,"{""controller"": ""VIRTUAL_REFRIGERATION_MACHINE"", ""scenario_id"": ""CEN-61CD6C86"", ""execution_id"": ""EXE-58F3DF8977C2"", ""session_id"": ""DIA-F2F2AB2EDFB3"", ""seed"": 1, ""instrument"": ""EM210 #1 - TOTAL""}"
2784,2026-01-01T00:10:30+00:00,current_l3,Corrente L3,MEDIÇÃO ELÉTRICA,2.397,A,VÁLIDA,SIMULADOR,1,"{""controller"": ""VIRTUAL_REFRIGERATION_MACHINE"", ""scenario_id"": ""CEN-61CD6C86"", ""execution_id"": ""EXE-58F3DF8977C2"", ""session_id"": ""DIA-F2F2AB2EDFB3"", ""seed"": 1, ""instrument"": ""EM210 #1 - TOTAL""}"
2785,2026-01-01T00:10:35+00:00,temperature_chamber,Temperatura da câmara,SENSORES,8.120844720126842,°C,VÁLIDA,SIMULADOR,1,"{""controller"": ""VIRTUAL_REFRIGERATION_MACHINE"", ""scenario_id"": ""CEN-61CD6C86"", ""execution_id"": ""EXE-58F3DF8977C2"", ""session_id"": ""DIA-F2F2AB2EDFB3"", ""seed"": 1, ""machine_state"": ""RECUPERACAO""}"
2786,2026-01-01T00:10:35+00:00,temperature_evaporator,Temperatura do evaporador,SENSORES,7.203781064350979,°C,VÁLIDA,SIMULADOR,1,"{""controller"": ""VIRTUAL_REFRIGERATION_MACHINE"", ""scenario_id"": ""CEN-61CD6C86"", ""execution_id"": ""EXE-58F3DF8977C2"", ""session_id"": ""DIA-F2F2AB2EDFB3"", ""seed"": 1, ""machine_state"": ""RECUPERACAO""}"
2787,2026-01-01T00:10:35+00:00,pressure_suction,Pressão de sucção,SENSORES,89.58639271452613,psi,VÁLIDA,SIMULADOR,1,"{""controller"": ""VIRTUAL_REFRIGERATION_MACHINE"", ""scenario_id"": ""CEN-61CD6C86"", ""execution_id"": ""EXE-58F3DF8977C2"", ""session_id"": ""DIA-F2F2AB2EDFB3"", ""seed"": 1, ""machine_state"": ""RECUPERACAO""}"
2788,2026-01-01T00:10:35+00:00,pressure_discharge,Pressão de descarga,SENSORES,90.91177920369621,psi,VÁLIDA,SIMULADOR,1,"{""controller"": ""VIRTUAL_REFRIGERATION_MACHINE"", ""scenario_id"": ""CEN-61CD6C86"", ""execution_id"": ""EXE-58F3DF8977C2"", ""session_id"": ""DIA-F2F2AB2EDFB3"", ""seed"": 1, ""machine_state"": ""RECUPERACAO""}"
2789,2026-01-01T00:10:35+00:00,compressor_command,Comando do compressor,I/O,1.0,bool,VÁLIDA,SIMULADOR,1,"{""controller"": ""VIRTUAL_REFRIGERATION_MACHINE"", ""scenario_id"": ""CEN-61CD6C86"", ""execution_id"": ""EXE-58F3DF8977C2"", ""session_id"": ""DIA-F2F2AB2EDFB3"", ""seed"": 1, ""machine_state"": ""RECUPERACAO""}"
2790,2026-01-01T00:10:35+00:00,compressor,Estado do compressor,I/O,0.0,bool,VÁLIDA,SIMULADOR,1,"{""controller"": ""VIRTUAL_REFRIGERATION_MACHINE"", ""scenario_id"": ""CEN-61CD6C86"", ""execution_id"": ""EXE-58F3DF8977C2"", ""session_id"": ""DIA-F2F2AB2EDFB3"", ""seed"": 1, ""machine_state"": ""RECUPERACAO""}"
2791,2026-01-01T00:10:35+00:00,evaporator_fan,Ventilador evaporador,I/O,1.0,bool,VÁLIDA,SIMULADOR,1,"{""controller"": ""VIRTUAL_REFRIGERATION_MACHINE"", ""scenario_id"": ""CEN-61CD6C86"", ""execution_id"": ""EXE-58F3DF8977C2"", ""session_id"": ""DIA-F2F2AB2EDFB3"", ""seed"": 1, ""machine_state"": ""RECUPERACAO""}"
2792,2026-01-01T00:10:35+00:00,condenser_fan,Ventilador condensador,I/O,1.0,bool,VÁLIDA,SIMULADOR,1,"{""controller"": ""VIRTUAL_REFRIGERATION_MACHINE"", ""scenario_id"": ""CEN-61CD6C86"", ""execution_id"": ""EXE-58F3DF8977C2"", ""session_id"": ""DIA-F2F2AB2EDFB3"", ""seed"": 1, ""machine_state"": ""RECUPERACAO""}"
2793,2026-01-01T00:10:35+00:00,defrost,Degelo,I/O,0.0,bool,VÁLIDA,SIMULADOR,1,"{""controller"": ""VIRTUAL_REFRIGERATION_MACHINE"", ""scenario_id"": ""CEN-61CD6C86"", ""execution_id"": ""EXE-58F3DF8977C2"", ""session_id"": ""DIA-F2F2AB2EDFB3"", ""seed"": 1, ""machine_state"": ""RECUPERACAO""}"
2794,2026-01-01T00:10:35+00:00,dripping,Gotejamento,I/O,0.0,bool,VÁLIDA,SIMULADOR,1,"{""controller"": ""VIRTUAL_REFRIGERATION_MACHINE"", ""scenario_id"": ""CEN-61CD6C86"", ""execution_id"": ""EXE-58F3DF8977C2"", ""session_id"": ""DIA-F2F2AB2EDFB3"", ""seed"": 1, ""machine_state"": ""RECUPERACAO""}"
2795,2026-01-01T00:10:35+00:00,communication,Comunicação simulada,COMUNICAÇÃO,1.0,bool,VÁLIDA,SIMULADOR,1,"{""controller"": ""VIRTUAL_REFRIGERATION_MACHINE"", ""scenario_id"": ""CEN-61CD6C86"", ""execution_id"": ""EXE-58F3DF8977C2"", ""session_id"": ""DIA-F2F2AB2EDFB3"", ""seed"": 1, ""machine_state"": ""RECUPERACAO""}"
2796,2026-01-01T00:10:35+00:00,current_total,Corrente total da máquina,MEDIÇÃO ELÉTRICA,7.166,A,VÁLIDA,SIMULADOR,1,"{""controller"": ""VIRTUAL_REFRIGERATION_MACHINE"", ""scenario_id"": ""CEN-61CD6C86"", ""execution_id"": ""EXE-58F3DF8977C2"", ""session_id"": ""DIA-F2F2AB2EDFB3"", ""seed"": 1, ""instrument"": ""EM210 #1 - TOTAL""}"
2797,2026-01-01T00:10:35+00:00,current_compressor,Corrente do compressor,MEDIÇÃO ELÉTRICA,0.145,A,VÁLIDA,SIMULADOR,1,"{""controller"": ""VIRTUAL_REFRIGERATION_MACHINE"", ""scenario_id"": ""CEN-61CD6C86"", ""execution_id"": ""EXE-58F3DF8977C2"", ""session_id"": ""DIA-F2F2AB2EDFB3"", ""seed"": 1, ""instrument"": ""EM210 #2 - COMPRESSOR""}"
2798,2026-01-01T00:10:35+00:00,current_l1,Corrente L1,MEDIÇÃO ELÉTRICA,2.385,A,VÁLIDA,SIMULADOR,1,"{""controller"": ""VIRTUAL_REFRIGERATION_MACHINE"", ""scenario_id"": ""CEN-61CD6C86"", ""execution_id"": ""EXE-58F3DF8977C2"", ""session_id"": ""DIA-F2F2AB2EDFB3"", ""seed"": 1, ""instrument"": ""EM210 #1 - TOTAL""}"
2799,2026-01-01T00:10:35+00:00,current_l2,Corrente L2,MEDIÇÃO ELÉTRICA,2.382,A,VÁLIDA,SIMULADOR,1,"{""controller"": ""VIRTUAL_REFRIGERATION_MACHINE"", ""scenario_id"": ""CEN-61CD6C86"", ""execution_id"": ""EXE-58F3DF8977C2"", ""session_id"": ""DIA-F2F2AB2EDFB3"", ""seed"": 1, ""instrument"": ""EM210 #1 - TOTAL""}"
2800,2026-01-01T00:10:35+00:00,current_l3,Corrente L3,MEDIÇÃO ELÉTRICA,2.365,A,VÁLIDA,SIMULADOR,1,"{""controller"": ""VIRTUAL_REFRIGERATION_MACHINE"", ""scenario_id"": ""CEN-61CD6C86"", ""execution_id"": ""EXE-58F3DF8977C2"", ""session_id"": ""DIA-F2F2AB2EDFB3"", ""seed"": 1, ""instrument"": ""EM210 #1 - TOTAL""}"
2801,2026-01-01T00:10:40+00:00,temperature_chamber,Temperatura da câmara,SENSORES,8.159636272925573,°C,VÁLIDA,SIMULADOR,1,"{""controller"": ""VIRTUAL_REFRIGERATION_MACHINE"", ""scenario_id"": ""CEN-61CD6C86"", ""execution_id"": ""EXE-58F3DF8977C2"", ""session_id"": ""DIA-F2F2AB2EDFB3"", ""seed"": 1, ""machine_state"": ""RECUPERACAO""}"
2802,2026-01-01T00:10:40+00:00,temperature_evaporator,Temperatura do evaporador,SENSORES,7.251573824779709,°C,VÁLIDA,SIMULADOR,1,"{""controller"": ""VIRTUAL_REFRIGERATION_MACHINE"", ""scenario_id"": ""CEN-61CD6C86"", ""execution_id"": ""EXE-58F3DF8977C2"", ""session_id"": ""DIA-F2F2AB2EDFB3"", ""seed"": 1, ""machine_state"": ""RECUPERACAO""}"
2803,2026-01-01T00:10:40+00:00,pressure_suction,Pressão de sucção,SENSORES,89.62775344307352,psi,VÁLIDA,SIMULADOR,1,"{""controller"": ""VIRTUAL_REFRIGERATION_MACHINE"", ""scenario_id"": ""CEN-61CD6C86"", ""execution_id"": ""EXE-58F3DF8977C2"", ""session_id"": ""DIA-F2F2AB2EDFB3"", ""seed"": 1, ""machine_state"": ""RECUPERACAO""}"
2804,2026-01-01T00:10:40+00:00,pressure_discharge,Pressão de descarga,SENSORES,90.8206012833266,psi,VÁLIDA,SIMULADOR,1,"{""controller"": ""VIRTUAL_REFRIGERATION_MACHINE"", ""scenario_id"": ""CEN-61CD6C86"", ""execution_id"": ""EXE-58F3DF8977C2"", ""session_id"": ""DIA-F2F2AB2EDFB3"", ""seed"": 1, ""machine_state"": ""RECUPERACAO""}"
2805,2026-01-01T00:10:40+00:00,compressor_command,Comando do compressor,I/O,1.0,bool,VÁLIDA,SIMULADOR,1,"{""controller"": ""VIRTUAL_REFRIGERATION_MACHINE"", ""scenario_id"": ""CEN-61CD6C86"", ""execution_id"": ""EXE-58F3DF8977C2"", ""session_id"": ""DIA-F2F2AB2EDFB3"", ""seed"": 1, ""machine_state"": ""RECUPERACAO""}"
2806,2026-01-01T00:10:40+00:00,compressor,Estado do compressor,I/O,0.0,bool,VÁLIDA,SIMULADOR,1,"{""controller"": ""VIRTUAL_REFRIGERATION_MACHINE"", ""scenario_id"": ""CEN-61CD6C86"", ""execution_id"": ""EXE-58F3DF8977C2"", ""session_id"": ""DIA-F2F2AB2EDFB3"", ""seed"": 1, ""machine_state"": ""RECUPERACAO""}"
2807,2026-01-01T00:10:40+00:00,evaporator_fan,Ventilador evaporador,I/O,1.0,bool,VÁLIDA,SIMULADOR,1,"{""controller"": ""VIRTUAL_REFRIGERATION_MACHINE"", ""scenario_id"": ""CEN-61CD6C86"", ""execution_id"": ""EXE-58F3DF8977C2"", ""session_id"": ""DIA-F2F2AB2EDFB3"", ""seed"": 1, ""machine_state"": ""RECUPERACAO""}"
2808,2026-01-01T00:10:40+00:00,condenser_fan,Ventilador condensador,I/O,1.0,bool,VÁLIDA,SIMULADOR,1,"{""controller"": ""VIRTUAL_REFRIGERATION_MACHINE"", ""scenario_id"": ""CEN-61CD6C86"", ""execution_id"": ""EXE-58F3DF8977C2"", ""session_id"": ""DIA-F2F2AB2EDFB3"", ""seed"": 1, ""machine_state"": ""RECUPERACAO""}"
2809,2026-01-01T00:10:40+00:00,defrost,Degelo,I/O,0.0,bool,VÁLIDA,SIMULADOR,1,"{""controller"": ""VIRTUAL_REFRIGERATION_MACHINE"", ""scenario_id"": ""CEN-61CD6C86"", ""execution_id"": ""EXE-58F3DF8977C2"", ""session_id"": ""DIA-F2F2AB2EDFB3"", ""seed"": 1, ""machine_state"": ""RECUPERACAO""}"
2810,2026-01-01T00:10:40+00:00,dripping,Gotejamento,I/O,0.0,bool,VÁLIDA,SIMULADOR,1,"{""controller"": ""VIRTUAL_REFRIGERATION_MACHINE"", ""scenario_id"": ""CEN-61CD6C86"", ""execution_id"": ""EXE-58F3DF8977C2"", ""session_id"": ""DIA-F2F2AB2EDFB3"", ""seed"": 1, ""machine_state"": ""RECUPERACAO""}"
2811,2026-01-01T00:10:40+00:00,communication,Comunicação simulada,COMUNICAÇÃO,1.0,bool,VÁLIDA,SIMULADOR,1,"{""controller"": ""VIRTUAL_REFRIGERATION_MACHINE"", ""scenario_id"": ""CEN-61CD6C86"", ""execution_id"": ""EXE-58F3DF8977C2"", ""session_id"": ""DIA-F2F2AB2EDFB3"", ""seed"": 1, ""machine_state"": ""RECUPERACAO""}"
2812,2026-01-01T00:10:40+00:00,current_total,Corrente total da máquina,MEDIÇÃO ELÉTRICA,7.164,A,VÁLIDA,SIMULADOR,1,"{""controller"": ""VIRTUAL_REFRIGERATION_MACHINE"", ""scenario_id"": ""CEN-61CD6C86"", ""execution_id"": ""EXE-58F3DF8977C2"", ""session_id"": ""DIA-F2F2AB2EDFB3"", ""seed"": 1, ""instrument"": ""EM210 #1 - TOTAL""}"
2813,2026-01-01T00:10:40+00:00,current_compressor,Corrente do compressor,MEDIÇÃO ELÉTRICA,0.141,A,VÁLIDA,SIMULADOR,1,"{""controller"": ""VIRTUAL_REFRIGERATION_MACHINE"", ""scenario_id"": ""CEN-61CD6C86"", ""execution_id"": ""EXE-58F3DF8977C2"", ""session_id"": ""DIA-F2F2AB2EDFB3"", ""seed"": 1, ""instrument"": ""EM210 #2 - COMPRESSOR""}"
2814,2026-01-01T00:10:40+00:00,current_l1,Corrente L1,MEDIÇÃO ELÉTRICA,2.4,A,VÁLIDA,SIMULADOR,1,"{""controller"": ""VIRTUAL_REFRIGERATION_MACHINE"", ""scenario_id"": ""CEN-61CD6C86"", ""execution_id"": ""EXE-58F3DF8977C2"", ""session_id"": ""DIA-F2F2AB2EDFB3"", ""seed"": 1, ""instrument"": ""EM210 #1 - TOTAL""}"
2815,2026-01-01T00:10:40+00:00,current_l2,Corrente L2,MEDIÇÃO ELÉTRICA,2.402,A,VÁLIDA,SIMULADOR,1,"{""controller"": ""VIRTUAL_REFRIGERATION_MACHINE"", ""scenario_id"": ""CEN-61CD6C86"", ""execution_id"": ""EXE-58F3DF8977C2"", ""session_id"": ""DIA-F2F2AB2EDFB3"", ""seed"": 1, ""instrument"": ""EM210 #1 - TOTAL""}"
2816,2026-01-01T00:10:40+00:00,current_l3,Corrente L3,MEDIÇÃO ELÉTRICA,2.387,A,VÁLIDA,SIMULADOR,1,"{""controller"": ""VIRTUAL_REFRIGERATION_MACHINE"", ""scenario_id"": ""CEN-61CD6C86"", ""execution_id"": ""EXE-58F3DF8977C2"", ""session_id"": ""DIA-F2F2AB2EDFB3"", ""seed"": 1, ""instrument"": ""EM210 #1 - TOTAL""}"
2817,2026-01-01T00:10:45+00:00,temperature_chamber,Temperatura da câmara,SENSORES,8.198039910196316,°C,VÁLIDA,SIMULADOR,1,"{""controller"": ""VIRTUAL_REFRIGERATION_MACHINE"", ""scenario_id"": ""CEN-61CD6C86"", ""execution_id"": ""EXE-58F3DF8977C2"", ""session_id"": ""DIA-F2F2AB2EDFB3"", ""seed"": 1, ""machine_state"": ""RECUPERACAO""}"
2818,2026-01-01T00:10:45+00:00,temperature_evaporator,Temperatura do evaporador,SENSORES,7.298897129050539,°C,VÁLIDA,SIMULADOR,1,"{""controller"": ""VIRTUAL_REFRIGERATION_MACHINE"", ""scenario_id"": ""CEN-61CD6C86"", ""execution_id"": ""EXE-58F3DF8977C2"", ""session_id"": ""DIA-F2F2AB2EDFB3"", ""seed"": 1, ""machine_state"": ""RECUPERACAO""}"
2819,2026-01-01T00:10:45+00:00,pressure_suction,Pressão de sucção,SENSORES,89.66497809876617,psi,VÁLIDA,SIMULADOR,1,"{""controller"": ""VIRTUAL_REFRIGERATION_MACHINE"", ""scenario_id"": ""CEN-61CD6C86"", ""execution_id"": ""EXE-58F3DF8977C2"", ""session_id"": ""DIA-F2F2AB2EDFB3"", ""seed"": 1, ""machine_state"": ""RECUPERACAO""}"
2820,2026-01-01T00:10:45+00:00,pressure_discharge,Pressão de descarga,SENSORES,90.73854115499394,psi,VÁLIDA,SIMULADOR,1,"{""controller"": ""VIRTUAL_REFRIGERATION_MACHINE"", ""scenario_id"": ""CEN-61CD6C86"", ""execution_id"": ""EXE-58F3DF8977C2"", ""session_id"": ""DIA-F2F2AB2EDFB3"", ""seed"": 1, ""machine_state"": ""RECUPERACAO""}"
2821,2026-01-01T00:10:45+00:00,compressor_command,Comando do compressor,I/O,1.0,bool,VÁLIDA,SIMULADOR,1,"{""controller"": ""VIRTUAL_REFRIGERATION_MACHINE"", ""scenario_id"": ""CEN-61CD6C86"", ""execution_id"": ""EXE-58F3DF8977C2"", ""session_id"": ""DIA-F2F2AB2EDFB3"", ""seed"": 1, ""machine_state"": ""RECUPERACAO""}"
2822,2026-01-01T00:10:45+00:00,compressor,Estado do compressor,I/O,0.0,bool,VÁLIDA,SIMULADOR,1,"{""controller"": ""VIRTUAL_REFRIGERATION_MACHINE"", ""scenario_id"": ""CEN-61CD6C86"", ""execution_id"": ""EXE-58F3DF8977C2"", ""session_id"": ""DIA-F2F2AB2EDFB3"", ""seed"": 1, ""machine_state"": ""RECUPERACAO""}"
2823,2026-01-01T00:10:45+00:00,evaporator_fan,Ventilador evaporador,I/O,1.0,bool,VÁLIDA,SIMULADOR,1,"{""controller"": ""VIRTUAL_REFRIGERATION_MACHINE"", ""scenario_id"": ""CEN-61CD6C86"", ""execution_id"": ""EXE-58F3DF8977C2"", ""session_id"": ""DIA-F2F2AB2EDFB3"", ""seed"": 1, ""machine_state"": ""RECUPERACAO""}"
2824,2026-01-01T00:10:45+00:00,condenser_fan,Ventilador condensador,I/O,1.0,bool,VÁLIDA,SIMULADOR,1,"{""controller"": ""VIRTUAL_REFRIGERATION_MACHINE"", ""scenario_id"": ""CEN-61CD6C86"", ""execution_id"": ""EXE-58F3DF8977C2"", ""session_id"": ""DIA-F2F2AB2EDFB3"", ""seed"": 1, ""machine_state"": ""RECUPERACAO""}"
2825,2026-01-01T00:10:45+00:00,defrost,Degelo,I/O,0.0,bool,VÁLIDA,SIMULADOR,1,"{""controller"": ""VIRTUAL_REFRIGERATION_MACHINE"", ""scenario_id"": ""CEN-61CD6C86"", ""execution_id"": ""EXE-58F3DF8977C2"", ""session_id"": ""DIA-F2F2AB2EDFB3"", ""seed"": 1, ""machine_state"": ""RECUPERACAO""}"
2826,2026-01-01T00:10:45+00:00,dripping,Gotejamento,I/O,0.0,bool,VÁLIDA,SIMULADOR,1,"{""controller"": ""VIRTUAL_REFRIGERATION_MACHINE"", ""scenario_id"": ""CEN-61CD6C86"", ""execution_id"": ""EXE-58F3DF8977C2"", ""session_id"": ""DIA-F2F2AB2EDFB3"", ""seed"": 1, ""machine_state"": ""RECUPERACAO""}"
2827,2026-01-01T00:10:45+00:00,communication,Comunicação simulada,COMUNICAÇÃO,1.0,bool,VÁLIDA,SIMULADOR,1,"{""controller"": ""VIRTUAL_REFRIGERATION_MACHINE"", ""scenario_id"": ""CEN-61CD6C86"", ""execution_id"": ""EXE-58F3DF8977C2"", ""session_id"": ""DIA-F2F2AB2EDFB3"", ""seed"": 1, ""machine_state"": ""RECUPERACAO""}"
2828,2026-01-01T00:10:45+00:00,current_total,Corrente total da máquina,MEDIÇÃO ELÉTRICA,7.16,A,VÁLIDA,SIMULADOR,1,"{""controller"": ""VIRTUAL_REFRIGERATION_MACHINE"", ""scenario_id"": ""CEN-61CD6C86"", ""execution_id"": ""EXE-58F3DF8977C2"", ""session_id"": ""DIA-F2F2AB2EDFB3"", ""seed"": 1, ""instrument"": ""EM210 #1 - TOTAL""}"
2829,2026-01-01T00:10:45+00:00,current_compressor,Corrente do compressor,MEDIÇÃO ELÉTRICA,0.169,A,VÁLIDA,SIMULADOR,1,"{""controller"": ""VIRTUAL_REFRIGERATION_MACHINE"", ""scenario_id"": ""CEN-61CD6C86"", ""execution_id"": ""EXE-58F3DF8977C2"", ""session_id"": ""DIA-F2F2AB2EDFB3"", ""seed"": 1, ""instrument"": ""EM210 #2 - COMPRESSOR""}"
2830,2026-01-01T00:10:45+00:00,current_l1,Corrente L1,MEDIÇÃO ELÉTRICA,2.372,A,VÁLIDA,SIMULADOR,1,"{""controller"": ""VIRTUAL_REFRIGERATION_MACHINE"", ""scenario_id"": ""CEN-61CD6C86"", ""execution_id"": ""EXE-58F3DF8977C2"", ""session_id"": ""DIA-F2F2AB2EDFB3"", ""seed"": 1, ""instrument"": ""EM210 #1 - TOTAL""}"
2831,2026-01-01T00:10:45+00:00,current_l2,Corrente L2,MEDIÇÃO ELÉTRICA,2.375,A,VÁLIDA,SIMULADOR,1,"{""controller"": ""VIRTUAL_REFRIGERATION_MACHINE"", ""scenario_id"": ""CEN-61CD6C86"", ""execution_id"": ""EXE-58F3DF8977C2"", ""session_id"": ""DIA-F2F2AB2EDFB3"", ""seed"": 1, ""instrument"": ""EM210 #1 - TOTAL""}"
2832,2026-01-01T00:10:45+00:00,current_l3,Corrente L3,MEDIÇÃO ELÉTRICA,2.384,A,VÁLIDA,SIMULADOR,1,"{""controller"": ""VIRTUAL_REFRIGERATION_MACHINE"", ""scenario_id"": ""CEN-61CD6C86"", ""execution_id"": ""EXE-58F3DF8977C2"", ""session_id"": ""DIA-F2F2AB2EDFB3"", ""seed"": 1, ""instrument"": ""EM210 #1 - TOTAL""}"
2833,2026-01-01T00:10:50+00:00,temperature_chamber,Temperatura da câmara,SENSORES,8.236059511094354,°C,VÁLIDA,SIMULADOR,1,"{""controller"": ""VIRTUAL_REFRIGERATION_MACHINE"", ""scenario_id"": ""CEN-61CD6C86"", ""execution_id"": ""EXE-58F3DF8977C2"", ""session_id"": ""DIA-F2F2AB2EDFB3"", ""seed"": 1, ""machine_state"": ""RECUPERACAO""}"
2834,2026-01-01T00:10:50+00:00,temperature_evaporator,Temperatura do evaporador,SENSORES,7.34575524815273,°C,VÁLIDA,SIMULADOR,1,"{""controller"": ""VIRTUAL_REFRIGERATION_MACHINE"", ""scenario_id"": ""CEN-61CD6C86"", ""execution_id"": ""EXE-58F3DF8977C2"", ""session_id"": ""DIA-F2F2AB2EDFB3"", ""seed"": 1, ""machine_state"": ""RECUPERACAO""}"
2835,2026-01-01T00:10:50+00:00,pressure_suction,Pressão de sucção,SENSORES,89.69848028888956,psi,VÁLIDA,SIMULADOR,1,"{""controller"": ""VIRTUAL_REFRIGERATION_MACHINE"", ""scenario_id"": ""CEN-61CD6C86"", ""execution_id"": ""EXE-58F3DF8977C2"", ""session_id"": ""DIA-F2F2AB2EDFB3"", ""seed"": 1, ""machine_state"": ""RECUPERACAO""}"
2836,2026-01-01T00:10:50+00:00,pressure_discharge,Pressão de descarga,SENSORES,90.66468703949454,psi,VÁLIDA,SIMULADOR,1,"{""controller"": ""VIRTUAL_REFRIGERATION_MACHINE"", ""scenario_id"": ""CEN-61CD6C86"", ""execution_id"": ""EXE-58F3DF8977C2"", ""session_id"": ""DIA-F2F2AB2EDFB3"", ""seed"": 1, ""machine_state"": ""RECUPERACAO""}"
2837,2026-01-01T00:10:50+00:00,compressor_command,Comando do compressor,I/O,1.0,bool,VÁLIDA,SIMULADOR,1,"{""controller"": ""VIRTUAL_REFRIGERATION_MACHINE"", ""scenario_id"": ""CEN-61CD6C86"", ""execution_id"": ""EXE-58F3DF8977C2"", ""session_id"": ""DIA-F2F2AB2EDFB3"", ""seed"": 1, ""machine_state"": ""RECUPERACAO""}"
2838,2026-01-01T00:10:50+00:00,compressor,Estado do compressor,I/O,0.0,bool,VÁLIDA,SIMULADOR,1,"{""controller"": ""VIRTUAL_REFRIGERATION_MACHINE"", ""scenario_id"": ""CEN-61CD6C86"", ""execution_id"": ""EXE-58F3DF8977C2"", ""session_id"": ""DIA-F2F2AB2EDFB3"", ""seed"": 1, ""machine_state"": ""RECUPERACAO""}"
2839,2026-01-01T00:10:50+00:00,evaporator_fan,Ventilador evaporador,I/O,1.0,bool,VÁLIDA,SIMULADOR,1,"{""controller"": ""VIRTUAL_REFRIGERATION_MACHINE"", ""scenario_id"": ""CEN-61CD6C86"", ""execution_id"": ""EXE-58F3DF8977C2"", ""session_id"": ""DIA-F2F2AB2EDFB3"", ""seed"": 1, ""machine_state"": ""RECUPERACAO""}"
2840,2026-01-01T00:10:50+00:00,condenser_fan,Ventilador condensador,I/O,1.0,bool,VÁLIDA,SIMULADOR,1,"{""controller"": ""VIRTUAL_REFRIGERATION_MACHINE"", ""scenario_id"": ""CEN-61CD6C86"", ""execution_id"": ""EXE-58F3DF8977C2"", ""session_id"": ""DIA-F2F2AB2EDFB3"", ""seed"": 1, ""machine_state"": ""RECUPERACAO""}"
2841,2026-01-01T00:10:50+00:00,defrost,Degelo,I/O,0.0,bool,VÁLIDA,SIMULADOR,1,"{""controller"": ""VIRTUAL_REFRIGERATION_MACHINE"", ""scenario_id"": ""CEN-61CD6C86"", ""execution_id"": ""EXE-58F3DF8977C2"", ""session_id"": ""DIA-F2F2AB2EDFB3"", ""seed"": 1, ""machine_state"": ""RECUPERACAO""}"
2842,2026-01-01T00:10:50+00:00,dripping,Gotejamento,I/O,0.0,bool,VÁLIDA,SIMULADOR,1,"{""controller"": ""VIRTUAL_REFRIGERATION_MACHINE"", ""scenario_id"": ""CEN-61CD6C86"", ""execution_id"": ""EXE-58F3DF8977C2"", ""session_id"": ""DIA-F2F2AB2EDFB3"", ""seed"": 1, ""machine_state"": ""RECUPERACAO""}"
2843,2026-01-01T00:10:50+00:00,communication,Comunicação simulada,COMUNICAÇÃO,1.0,bool,VÁLIDA,SIMULADOR,1,"{""controller"": ""VIRTUAL_REFRIGERATION_MACHINE"", ""scenario_id"": ""CEN-61CD6C86"", ""execution_id"": ""EXE-58F3DF8977C2"", ""session_id"": ""DIA-F2F2AB2EDFB3"", ""seed"": 1, ""machine_state"": ""RECUPERACAO""}"
2844,2026-01-01T00:10:50+00:00,current_total,Corrente total da máquina,MEDIÇÃO ELÉTRICA,7.136,A,VÁLIDA,SIMULADOR,1,"{""controller"": ""VIRTUAL_REFRIGERATION_MACHINE"", ""scenario_id"": ""CEN-61CD6C86"", ""execution_id"": ""EXE-58F3DF8977C2"", ""session_id"": ""DIA-F2F2AB2EDFB3"", ""seed"": 1, ""instrument"": ""EM210 #1 - TOTAL""}"
2845,2026-01-01T00:10:50+00:00,current_compressor,Corrente do compressor,MEDIÇÃO ELÉTRICA,0.151,A,VÁLIDA,SIMULADOR,1,"{""controller"": ""VIRTUAL_REFRIGERATION_MACHINE"", ""scenario_id"": ""CEN-61CD6C86"", ""execution_id"": ""EXE-58F3DF8977C2"", ""session_id"": ""DIA-F2F2AB2EDFB3"", ""seed"": 1, ""instrument"": ""EM210 #2 - COMPRESSOR""}"
2846,2026-01-01T00:10:50+00:00,current_l1,Corrente L1,MEDIÇÃO ELÉTRICA,2.38,A,VÁLIDA,SIMULADOR,1,"{""controller"": ""VIRTUAL_REFRIGERATION_MACHINE"", ""scenario_id"": ""CEN-61CD6C86"", ""execution_id"": ""EXE-58F3DF8977C2"", ""session_id"": ""DIA-F2F2AB2EDFB3"", ""seed"": 1, ""instrument"": ""EM210 #1 - TOTAL""}"
2847,2026-01-01T00:10:50+00:00,current_l2,Corrente L2,MEDIÇÃO ELÉTRICA,2.401,A,VÁLIDA,SIMULADOR,1,"{""controller"": ""VIRTUAL_REFRIGERATION_MACHINE"", ""scenario_id"": ""CEN-61CD6C86"", ""execution_id"": ""EXE-58F3DF8977C2"", ""session_id"": ""DIA-F2F2AB2EDFB3"", ""seed"": 1, ""instrument"": ""EM210 #1 - TOTAL""}"
2848,2026-01-01T00:10:50+00:00,current_l3,Corrente L3,MEDIÇÃO ELÉTRICA,2.37,A,VÁLIDA,SIMULADOR,1,"{""controller"": ""VIRTUAL_REFRIGERATION_MACHINE"", ""scenario_id"": ""CEN-61CD6C86"", ""execution_id"": ""EXE-58F3DF8977C2"", ""session_id"": ""DIA-F2F2AB2EDFB3"", ""seed"": 1, ""instrument"": ""EM210 #1 - TOTAL""}"
2849,2026-01-01T00:10:55+00:00,temperature_chamber,Temperatura da câmara,SENSORES,8.27369891598341,°C,VÁLIDA,SIMULADOR,1,"{""controller"": ""VIRTUAL_REFRIGERATION_MACHINE"", ""scenario_id"": ""CEN-61CD6C86"", ""execution_id"": ""EXE-58F3DF8977C2"", ""session_id"": ""DIA-F2F2AB2EDFB3"", ""seed"": 1, ""machine_state"": ""RECUPERACAO""}"
2850,2026-01-01T00:10:55+00:00,temperature_evaporator,Temperatura do evaporador,SENSORES,7.392152431544264,°C,VÁLIDA,SIMULADOR,1,"{""controller"": ""VIRTUAL_REFRIGERATION_MACHINE"", ""scenario_id"": ""CEN-61CD6C86"", ""execution_id"": ""EXE-58F3DF8977C2"", ""session_id"": ""DIA-F2F2AB2EDFB3"", ""seed"": 1, ""machine_state"": ""RECUPERACAO""}"
2851,2026-01-01T00:10:55+00:00,pressure_suction,Pressão de sucção,SENSORES,89.7286322600006,psi,VÁLIDA,SIMULADOR,1,"{""controller"": ""VIRTUAL_REFRIGERATION_MACHINE"", ""scenario_id"": ""CEN-61CD6C86"", ""execution_id"": ""EXE-58F3DF8977C2"", ""session_id"": ""DIA-F2F2AB2EDFB3"", ""seed"": 1, ""machine_state"": ""RECUPERACAO""}"
2852,2026-01-01T00:10:55+00:00,pressure_discharge,Pressão de descarga,SENSORES,90.59821833554508,psi,VÁLIDA,SIMULADOR,1,"{""controller"": ""VIRTUAL_REFRIGERATION_MACHINE"", ""scenario_id"": ""CEN-61CD6C86"", ""execution_id"": ""EXE-58F3DF8977C2"", ""session_id"": ""DIA-F2F2AB2EDFB3"", ""seed"": 1, ""machine_state"": ""RECUPERACAO""}"
2853,2026-01-01T00:10:55+00:00,compressor_command,Comando do compressor,I/O,1.0,bool,VÁLIDA,SIMULADOR,1,"{""controller"": ""VIRTUAL_REFRIGERATION_MACHINE"", ""scenario_id"": ""CEN-61CD6C86"", ""execution_id"": ""EXE-58F3DF8977C2"", ""session_id"": ""DIA-F2F2AB2EDFB3"", ""seed"": 1, ""machine_state"": ""RECUPERACAO""}"
2854,2026-01-01T00:10:55+00:00,compressor,Estado do compressor,I/O,0.0,bool,VÁLIDA,SIMULADOR,1,"{""controller"": ""VIRTUAL_REFRIGERATION_MACHINE"", ""scenario_id"": ""CEN-61CD6C86"", ""execution_id"": ""EXE-58F3DF8977C2"", ""session_id"": ""DIA-F2F2AB2EDFB3"", ""seed"": 1, ""machine_state"": ""RECUPERACAO""}"
2855,2026-01-01T00:10:55+00:00,evaporator_fan,Ventilador evaporador,I/O,1.0,bool,VÁLIDA,SIMULADOR,1,"{""controller"": ""VIRTUAL_REFRIGERATION_MACHINE"", ""scenario_id"": ""CEN-61CD6C86"", ""execution_id"": ""EXE-58F3DF8977C2"", ""session_id"": ""DIA-F2F2AB2EDFB3"", ""seed"": 1, ""machine_state"": ""RECUPERACAO""}"
2856,2026-01-01T00:10:55+00:00,condenser_fan,Ventilador condensador,I/O,1.0,bool,VÁLIDA,SIMULADOR,1,"{""controller"": ""VIRTUAL_REFRIGERATION_MACHINE"", ""scenario_id"": ""CEN-61CD6C86"", ""execution_id"": ""EXE-58F3DF8977C2"", ""session_id"": ""DIA-F2F2AB2EDFB3"", ""seed"": 1, ""machine_state"": ""RECUPERACAO""}"
2857,2026-01-01T00:10:55+00:00,defrost,Degelo,I/O,0.0,bool,VÁLIDA,SIMULADOR,1,"{""controller"": ""VIRTUAL_REFRIGERATION_MACHINE"", ""scenario_id"": ""CEN-61CD6C86"", ""execution_id"": ""EXE-58F3DF8977C2"", ""session_id"": ""DIA-F2F2AB2EDFB3"", ""seed"": 1, ""machine_state"": ""RECUPERACAO""}"
2858,2026-01-01T00:10:55+00:00,dripping,Gotejamento,I/O,0.0,bool,VÁLIDA,SIMULADOR,1,"{""controller"": ""VIRTUAL_REFRIGERATION_MACHINE"", ""scenario_id"": ""CEN-61CD6C86"", ""execution_id"": ""EXE-58F3DF8977C2"", ""session_id"": ""DIA-F2F2AB2EDFB3"", ""seed"": 1, ""machine_state"": ""RECUPERACAO""}"
2859,2026-01-01T00:10:55+00:00,communication,Comunicação simulada,COMUNICAÇÃO,1.0,bool,VÁLIDA,SIMULADOR,1,"{""controller"": ""VIRTUAL_REFRIGERATION_MACHINE"", ""scenario_id"": ""CEN-61CD6C86"", ""execution_id"": ""EXE-58F3DF8977C2"", ""session_id"": ""DIA-F2F2AB2EDFB3"", ""seed"": 1, ""machine_state"": ""RECUPERACAO""}"
2860,2026-01-01T00:10:55+00:00,current_total,Corrente total da máquina,MEDIÇÃO ELÉTRICA,7.15,A,VÁLIDA,SIMULADOR,1,"{""controller"": ""VIRTUAL_REFRIGERATION_MACHINE"", ""scenario_id"": ""CEN-61CD6C86"", ""execution_id"": ""EXE-58F3DF8977C2"", ""session_id"": ""DIA-F2F2AB2EDFB3"", ""seed"": 1, ""instrument"": ""EM210 #1 - TOTAL""}"
2861,2026-01-01T00:10:55+00:00,current_compressor,Corrente do compressor,MEDIÇÃO ELÉTRICA,0.169,A,VÁLIDA,SIMULADOR,1,"{""controller"": ""VIRTUAL_REFRIGERATION_MACHINE"", ""scenario_id"": ""CEN-61CD6C86"", ""execution_id"": ""EXE-58F3DF8977C2"", ""session_id"": ""DIA-F2F2AB2EDFB3"", ""seed"": 1, ""instrument"": ""EM210 #2 - COMPRESSOR""}"
2862,2026-01-01T00:10:55+00:00,current_l1,Corrente L1,MEDIÇÃO ELÉTRICA,2.372,A,VÁLIDA,SIMULADOR,1,"{""controller"": ""VIRTUAL_REFRIGERATION_MACHINE"", ""scenario_id"": ""CEN-61CD6C86"", ""execution_id"": ""EXE-58F3DF8977C2"", ""session_id"": ""DIA-F2F2AB2EDFB3"", ""seed"": 1, ""instrument"": ""EM210 #1 - TOTAL""}"
2863,2026-01-01T00:10:55+00:00,current_l2,Corrente L2,MEDIÇÃO ELÉTRICA,2.366,A,VÁLIDA,SIMULADOR,1,"{""controller"": ""VIRTUAL_REFRIGERATION_MACHINE"", ""scenario_id"": ""CEN-61CD6C86"", ""execution_id"": ""EXE-58F3DF8977C2"", ""session_id"": ""DIA-F2F2AB2EDFB3"", ""seed"": 1, ""instrument"": ""EM210 #1 - TOTAL""}"
2864,2026-01-01T00:10:55+00:00,current_l3,Corrente L3,MEDIÇÃO ELÉTRICA,2.401,A,VÁLIDA,SIMULADOR,1,"{""controller"": ""VIRTUAL_REFRIGERATION_MACHINE"", ""scenario_id"": ""CEN-61CD6C86"", ""execution_id"": ""EXE-58F3DF8977C2"", ""session_id"": ""DIA-F2F2AB2EDFB3"", ""seed"": 1, ""instrument"": ""EM210 #1 - TOTAL""}"
2865,2026-01-01T00:11:00+00:00,temperature_chamber,Temperatura da câmara,SENSORES,8.310961926823575,°C,VÁLIDA,SIMULADOR,1,"{""controller"": ""VIRTUAL_REFRIGERATION_MACHINE"", ""scenario_id"": ""CEN-61CD6C86"", ""execution_id"": ""EXE-58F3DF8977C2"", ""session_id"": ""DIA-F2F2AB2EDFB3"", ""seed"": 1, ""machine_state"": ""RECUPERACAO""}"
2866,2026-01-01T00:11:00+00:00,temperature_evaporator,Temperatura do evaporador,SENSORES,7.4380929063082295,°C,VÁLIDA,SIMULADOR,1,"{""controller"": ""VIRTUAL_REFRIGERATION_MACHINE"", ""scenario_id"": ""CEN-61CD6C86"", ""execution_id"": ""EXE-58F3DF8977C2"", ""session_id"": ""DIA-F2F2AB2EDFB3"", ""seed"": 1, ""machine_state"": ""RECUPERACAO""}"
2867,2026-01-01T00:11:00+00:00,pressure_suction,Pressão de sucção,SENSORES,89.75576903400054,psi,VÁLIDA,SIMULADOR,1,"{""controller"": ""VIRTUAL_REFRIGERATION_MACHINE"", ""scenario_id"": ""CEN-61CD6C86"", ""execution_id"": ""EXE-58F3DF8977C2"", ""session_id"": ""DIA-F2F2AB2EDFB3"", ""seed"": 1, ""machine_state"": ""RECUPERACAO""}"
2868,2026-01-01T00:11:00+00:00,pressure_discharge,Pressão de descarga,SENSORES,90.53839650199058,psi,VÁLIDA,SIMULADOR,1,"{""controller"": ""VIRTUAL_REFRIGERATION_MACHINE"", ""scenario_id"": ""CEN-61CD6C86"", ""execution_id"": ""EXE-58F3DF8977C2"", ""session_id"": ""DIA-F2F2AB2EDFB3"", ""seed"": 1, ""machine_state"": ""RECUPERACAO""}"
2869,2026-01-01T00:11:00+00:00,compressor_command,Comando do compressor,I/O,1.0,bool,VÁLIDA,SIMULADOR,1,"{""controller"": ""VIRTUAL_REFRIGERATION_MACHINE"", ""scenario_id"": ""CEN-61CD6C86"", ""execution_id"": ""EXE-58F3DF8977C2"", ""session_id"": ""DIA-F2F2AB2EDFB3"", ""seed"": 1, ""machine_state"": ""RECUPERACAO""}"
2870,2026-01-01T00:11:00+00:00,compressor,Estado do compressor,I/O,0.0,bool,VÁLIDA,SIMULADOR,1,"{""controller"": ""VIRTUAL_REFRIGERATION_MACHINE"", ""scenario_id"": ""CEN-61CD6C86"", ""execution_id"": ""EXE-58F3DF8977C2"", ""session_id"": ""DIA-F2F2AB2EDFB3"", ""seed"": 1, ""machine_state"": ""RECUPERACAO""}"
2871,2026-01-01T00:11:00+00:00,evaporator_fan,Ventilador evaporador,I/O,1.0,bool,VÁLIDA,SIMULADOR,1,"{""controller"": ""VIRTUAL_REFRIGERATION_MACHINE"", ""scenario_id"": ""CEN-61CD6C86"", ""execution_id"": ""EXE-58F3DF8977C2"", ""session_id"": ""DIA-F2F2AB2EDFB3"", ""seed"": 1, ""machine_state"": ""RECUPERACAO""}"
2872,2026-01-01T00:11:00+00:00,condenser_fan,Ventilador condensador,I/O,1.0,bool,VÁLIDA,SIMULADOR,1,"{""controller"": ""VIRTUAL_REFRIGERATION_MACHINE"", ""scenario_id"": ""CEN-61CD6C86"", ""execution_id"": ""EXE-58F3DF8977C2"", ""session_id"": ""DIA-F2F2AB2EDFB3"", ""seed"": 1, ""machine_state"": ""RECUPERACAO""}"
2873,2026-01-01T00:11:00+00:00,defrost,Degelo,I/O,0.0,bool,VÁLIDA,SIMULADOR,1,"{""controller"": ""VIRTUAL_REFRIGERATION_MACHINE"", ""scenario_id"": ""CEN-61CD6C86"", ""execution_id"": ""EXE-58F3DF8977C2"", ""session_id"": ""DIA-F2F2AB2EDFB3"", ""seed"": 1, ""machine_state"": ""RECUPERACAO""}"
2874,2026-01-01T00:11:00+00:00,dripping,Gotejamento,I/O,0.0,bool,VÁLIDA,SIMULADOR,1,"{""controller"": ""VIRTUAL_REFRIGERATION_MACHINE"", ""scenario_id"": ""CEN-61CD6C86"", ""execution_id"": ""EXE-58F3DF8977C2"", ""session_id"": ""DIA-F2F2AB2EDFB3"", ""seed"": 1, ""machine_state"": ""RECUPERACAO""}"
2875,2026-01-01T00:11:00+00:00,communication,Comunicação simulada,COMUNICAÇÃO,1.0,bool,VÁLIDA,SIMULADOR,1,"{""controller"": ""VIRTUAL_REFRIGERATION_MACHINE"", ""scenario_id"": ""CEN-61CD6C86"", ""execution_id"": ""EXE-58F3DF8977C2"", ""session_id"": ""DIA-F2F2AB2EDFB3"", ""seed"": 1, ""machine_state"": ""RECUPERACAO""}"
2876,2026-01-01T00:11:00+00:00,current_total,Corrente total da máquina,MEDIÇÃO ELÉTRICA,7.169,A,VÁLIDA,SIMULADOR,1,"{""controller"": ""VIRTUAL_REFRIGERATION_MACHINE"", ""scenario_id"": ""CEN-61CD6C86"", ""execution_id"": ""EXE-58F3DF8977C2"", ""session_id"": ""DIA-F2F2AB2EDFB3"", ""seed"": 1, ""instrument"": ""EM210 #1 - TOTAL""}"
2877,2026-01-01T00:11:00+00:00,current_compressor,Corrente do compressor,MEDIÇÃO ELÉTRICA,0.145,A,VÁLIDA,SIMULADOR,1,"{""controller"": ""VIRTUAL_REFRIGERATION_MACHINE"", ""scenario_id"": ""CEN-61CD6C86"", ""execution_id"": ""EXE-58F3DF8977C2"", ""session_id"": ""DIA-F2F2AB2EDFB3"", ""seed"": 1, ""instrument"": ""EM210 #2 - COMPRESSOR""}"
2878,2026-01-01T00:11:00+00:00,current_l1,Corrente L1,MEDIÇÃO ELÉTRICA,2.388,A,VÁLIDA,SIMULADOR,1,"{""controller"": ""VIRTUAL_REFRIGERATION_MACHINE"", ""scenario_id"": ""CEN-61CD6C86"", ""execution_id"": ""EXE-58F3DF8977C2"", ""session_id"": ""DIA-F2F2AB2EDFB3"", ""seed"": 1, ""instrument"": ""EM210 #1 - TOTAL""}"
2879,2026-01-01T00:11:00+00:00,current_l2,Corrente L2,MEDIÇÃO ELÉTRICA,2.4,A,VÁLIDA,SIMULADOR,1,"{""controller"": ""VIRTUAL_REFRIGERATION_MACHINE"", ""scenario_id"": ""CEN-61CD6C86"", ""execution_id"": ""EXE-58F3DF8977C2"", ""session_id"": ""DIA-F2F2AB2EDFB3"", ""seed"": 1, ""instrument"": ""EM210 #1 - TOTAL""}"
2880,2026-01-01T00:11:00+00:00,current_l3,Corrente L3,MEDIÇÃO ELÉTRICA,2.401,A,VÁLIDA,SIMULADOR,1,"{""controller"": ""VIRTUAL_REFRIGERATION_MACHINE"", ""scenario_id"": ""CEN-61CD6C86"", ""execution_id"": ""EXE-58F3DF8977C2"", ""session_id"": ""DIA-F2F2AB2EDFB3"", ""seed"": 1, ""instrument"": ""EM210 #1 - TOTAL""}"
2881,2026-01-01T00:11:05+00:00,temperature_chamber,Temperatura da câmara,SENSORES,8.347852307555339,°C,VÁLIDA,SIMULADOR,1,"{""controller"": ""VIRTUAL_REFRIGERATION_MACHINE"", ""scenario_id"": ""CEN-61CD6C86"", ""execution_id"": ""EXE-58F3DF8977C2"", ""session_id"": ""DIA-F2F2AB2EDFB3"", ""seed"": 1, ""machine_state"": ""RECUPERACAO""}"
2882,2026-01-01T00:11:05+00:00,temperature_evaporator,Temperatura do evaporador,SENSORES,7.483580876370585,°C,VÁLIDA,SIMULADOR,1,"{""controller"": ""VIRTUAL_REFRIGERATION_MACHINE"", ""scenario_id"": ""CEN-61CD6C86"", ""execution_id"": ""EXE-58F3DF8977C2"", ""session_id"": ""DIA-F2F2AB2EDFB3"", ""seed"": 1, ""machine_state"": ""RECUPERACAO""}"
2883,2026-01-01T00:11:05+00:00,pressure_suction,Pressão de sucção,SENSORES,89.78019213060048,psi,VÁLIDA,SIMULADOR,1,"{""controller"": ""VIRTUAL_REFRIGERATION_MACHINE"", ""scenario_id"": ""CEN-61CD6C86"", ""execution_id"": ""EXE-58F3DF8977C2"", ""session_id"": ""DIA-F2F2AB2EDFB3"", ""seed"": 1, ""machine_state"": ""RECUPERACAO""}"
2884,2026-01-01T00:11:05+00:00,pressure_discharge,Pressão de descarga,SENSORES,90.48455685179152,psi,VÁLIDA,SIMULADOR,1,"{""controller"": ""VIRTUAL_REFRIGERATION_MACHINE"", ""scenario_id"": ""CEN-61CD6C86"", ""execution_id"": ""EXE-58F3DF8977C2"", ""session_id"": ""DIA-F2F2AB2EDFB3"", ""seed"": 1, ""machine_state"": ""RECUPERACAO""}"
2885,2026-01-01T00:11:05+00:00,compressor_command,Comando do compressor,I/O,1.0,bool,VÁLIDA,SIMULADOR,1,"{""controller"": ""VIRTUAL_REFRIGERATION_MACHINE"", ""scenario_id"": ""CEN-61CD6C86"", ""execution_id"": ""EXE-58F3DF8977C2"", ""session_id"": ""DIA-F2F2AB2EDFB3"", ""seed"": 1, ""machine_state"": ""RECUPERACAO""}"
2886,2026-01-01T00:11:05+00:00,compressor,Estado do compressor,I/O,0.0,bool,VÁLIDA,SIMULADOR,1,"{""controller"": ""VIRTUAL_REFRIGERATION_MACHINE"", ""scenario_id"": ""CEN-61CD6C86"", ""execution_id"": ""EXE-58F3DF8977C2"", ""session_id"": ""DIA-F2F2AB2EDFB3"", ""seed"": 1, ""machine_state"": ""RECUPERACAO""}"
2887,2026-01-01T00:11:05+00:00,evaporator_fan,Ventilador evaporador,I/O,1.0,bool,VÁLIDA,SIMULADOR,1,"{""controller"": ""VIRTUAL_REFRIGERATION_MACHINE"", ""scenario_id"": ""CEN-61CD6C86"", ""execution_id"": ""EXE-58F3DF8977C2"", ""session_id"": ""DIA-F2F2AB2EDFB3"", ""seed"": 1, ""machine_state"": ""RECUPERACAO""}"
2888,2026-01-01T00:11:05+00:00,condenser_fan,Ventilador condensador,I/O,1.0,bool,VÁLIDA,SIMULADOR,1,"{""controller"": ""VIRTUAL_REFRIGERATION_MACHINE"", ""scenario_id"": ""CEN-61CD6C86"", ""execution_id"": ""EXE-58F3DF8977C2"", ""session_id"": ""DIA-F2F2AB2EDFB3"", ""seed"": 1, ""machine_state"": ""RECUPERACAO""}"
2889,2026-01-01T00:11:05+00:00,defrost,Degelo,I/O,0.0,bool,VÁLIDA,SIMULADOR,1,"{""controller"": ""VIRTUAL_REFRIGERATION_MACHINE"", ""scenario_id"": ""CEN-61CD6C86"", ""execution_id"": ""EXE-58F3DF8977C2"", ""session_id"": ""DIA-F2F2AB2EDFB3"", ""seed"": 1, ""machine_state"": ""RECUPERACAO""}"
2890,2026-01-01T00:11:05+00:00,dripping,Gotejamento,I/O,0.0,bool,VÁLIDA,SIMULADOR,1,"{""controller"": ""VIRTUAL_REFRIGERATION_MACHINE"", ""scenario_id"": ""CEN-61CD6C86"", ""execution_id"": ""EXE-58F3DF8977C2"", ""session_id"": ""DIA-F2F2AB2EDFB3"", ""seed"": 1, ""machine_state"": ""RECUPERACAO""}"
2891,2026-01-01T00:11:05+00:00,communication,Comunicação simulada,COMUNICAÇÃO,1.0,bool,VÁLIDA,SIMULADOR,1,"{""controller"": ""VIRTUAL_REFRIGERATION_MACHINE"", ""scenario_id"": ""CEN-61CD6C86"", ""execution_id"": ""EXE-58F3DF8977C2"", ""session_id"": ""DIA-F2F2AB2EDFB3"", ""seed"": 1, ""machine_state"": ""RECUPERACAO""}"
2892,2026-01-01T00:11:05+00:00,current_total,Corrente total da máquina,MEDIÇÃO ELÉTRICA,7.156,A,VÁLIDA,SIMULADOR,1,"{""controller"": ""VIRTUAL_REFRIGERATION_MACHINE"", ""scenario_id"": ""CEN-61CD6C86"", ""execution_id"": ""EXE-58F3DF8977C2"", ""session_id"": ""DIA-F2F2AB2EDFB3"", ""seed"": 1, ""instrument"": ""EM210 #1 - TOTAL""}"
2893,2026-01-01T00:11:05+00:00,current_compressor,Corrente do compressor,MEDIÇÃO ELÉTRICA,0.166,A,VÁLIDA,SIMULADOR,1,"{""controller"": ""VIRTUAL_REFRIGERATION_MACHINE"", ""scenario_id"": ""CEN-61CD6C86"", ""execution_id"": ""EXE-58F3DF8977C2"", ""session_id"": ""DIA-F2F2AB2EDFB3"", ""seed"": 1, ""instrument"": ""EM210 #2 - COMPRESSOR""}"
2894,2026-01-01T00:11:05+00:00,current_l1,Corrente L1,MEDIÇÃO ELÉTRICA,2.366,A,VÁLIDA,SIMULADOR,1,"{""controller"": ""VIRTUAL_REFRIGERATION_MACHINE"", ""scenario_id"": ""CEN-61CD6C86"", ""execution_id"": ""EXE-58F3DF8977C2"", ""session_id"": ""DIA-F2F2AB2EDFB3"", ""seed"": 1, ""instrument"": ""EM210 #1 - TOTAL""}"
2895,2026-01-01T00:11:05+00:00,current_l2,Corrente L2,MEDIÇÃO ELÉTRICA,2.395,A,VÁLIDA,SIMULADOR,1,"{""controller"": ""VIRTUAL_REFRIGERATION_MACHINE"", ""scenario_id"": ""CEN-61CD6C86"", ""execution_id"": ""EXE-58F3DF8977C2"", ""session_id"": ""DIA-F2F2AB2EDFB3"", ""seed"": 1, ""instrument"": ""EM210 #1 - TOTAL""}"
2896,2026-01-01T00:11:05+00:00,current_l3,Corrente L3,MEDIÇÃO ELÉTRICA,2.373,A,VÁLIDA,SIMULADOR,1,"{""controller"": ""VIRTUAL_REFRIGERATION_MACHINE"", ""scenario_id"": ""CEN-61CD6C86"", ""execution_id"": ""EXE-58F3DF8977C2"", ""session_id"": ""DIA-F2F2AB2EDFB3"", ""seed"": 1, ""instrument"": ""EM210 #1 - TOTAL""}"
2897,2026-01-01T00:11:10+00:00,temperature_chamber,Temperatura da câmara,SENSORES,8.384373784479786,°C,VÁLIDA,SIMULADOR,1,"{""controller"": ""VIRTUAL_REFRIGERATION_MACHINE"", ""scenario_id"": ""CEN-61CD6C86"", ""execution_id"": ""EXE-58F3DF8977C2"", ""session_id"": ""DIA-F2F2AB2EDFB3"", ""seed"": 1, ""machine_state"": ""RECUPERACAO""}"
2898,2026-01-01T00:11:10+00:00,temperature_evaporator,Temperatura do evaporador,SENSORES,7.528620521776045,°C,VÁLIDA,SIMULADOR,1,"{""controller"": ""VIRTUAL_REFRIGERATION_MACHINE"", ""scenario_id"": ""CEN-61CD6C86"", ""execution_id"": ""EXE-58F3DF8977C2"", ""session_id"": ""DIA-F2F2AB2EDFB3"", ""seed"": 1, ""machine_state"": ""RECUPERACAO""}"
2899,2026-01-01T00:11:10+00:00,pressure_suction,Pressão de sucção,SENSORES,89.80217291754043,psi,VÁLIDA,SIMULADOR,1,"{""controller"": ""VIRTUAL_REFRIGERATION_MACHINE"", ""scenario_id"": ""CEN-61CD6C86"", ""execution_id"": ""EXE-58F3DF8977C2"", ""session_id"": ""DIA-F2F2AB2EDFB3"", ""seed"": 1, ""machine_state"": ""RECUPERACAO""}"
2900,2026-01-01T00:11:10+00:00,pressure_discharge,Pressão de descarga,SENSORES,90.43610116661237,psi,VÁLIDA,SIMULADOR,1,"{""controller"": ""VIRTUAL_REFRIGERATION_MACHINE"", ""scenario_id"": ""CEN-61CD6C86"", ""execution_id"": ""EXE-58F3DF8977C2"", ""session_id"": ""DIA-F2F2AB2EDFB3"", ""seed"": 1, ""machine_state"": ""RECUPERACAO""}"
2901,2026-01-01T00:11:10+00:00,compressor_command,Comando do compressor,I/O,1.0,bool,VÁLIDA,SIMULADOR,1,"{""controller"": ""VIRTUAL_REFRIGERATION_MACHINE"", ""scenario_id"": ""CEN-61CD6C86"", ""execution_id"": ""EXE-58F3DF8977C2"", ""session_id"": ""DIA-F2F2AB2EDFB3"", ""seed"": 1, ""machine_state"": ""RECUPERACAO""}"
2902,2026-01-01T00:11:10+00:00,compressor,Estado do compressor,I/O,0.0,bool,VÁLIDA,SIMULADOR,1,"{""controller"": ""VIRTUAL_REFRIGERATION_MACHINE"", ""scenario_id"": ""CEN-61CD6C86"", ""execution_id"": ""EXE-58F3DF8977C2"", ""session_id"": ""DIA-F2F2AB2EDFB3"", ""seed"": 1, ""machine_state"": ""RECUPERACAO""}"
2903,2026-01-01T00:11:10+00:00,evaporator_fan,Ventilador evaporador,I/O,1.0,bool,VÁLIDA,SIMULADOR,1,"{""controller"": ""VIRTUAL_REFRIGERATION_MACHINE"", ""scenario_id"": ""CEN-61CD6C86"", ""execution_id"": ""EXE-58F3DF8977C2"", ""session_id"": ""DIA-F2F2AB2EDFB3"", ""seed"": 1, ""machine_state"": ""RECUPERACAO""}"
2904,2026-01-01T00:11:10+00:00,condenser_fan,Ventilador condensador,I/O,1.0,bool,VÁLIDA,SIMULADOR,1,"{""controller"": ""VIRTUAL_REFRIGERATION_MACHINE"", ""scenario_id"": ""CEN-61CD6C86"", ""execution_id"": ""EXE-58F3DF8977C2"", ""session_id"": ""DIA-F2F2AB2EDFB3"", ""seed"": 1, ""machine_state"": ""RECUPERACAO""}"
2905,2026-01-01T00:11:10+00:00,defrost,Degelo,I/O,0.0,bool,VÁLIDA,SIMULADOR,1,"{""controller"": ""VIRTUAL_REFRIGERATION_MACHINE"", ""scenario_id"": ""CEN-61CD6C86"", ""execution_id"": ""EXE-58F3DF8977C2"", ""session_id"": ""DIA-F2F2AB2EDFB3"", ""seed"": 1, ""machine_state"": ""RECUPERACAO""}"
2906,2026-01-01T00:11:10+00:00,dripping,Gotejamento,I/O,0.0,bool,VÁLIDA,SIMULADOR,1,"{""controller"": ""VIRTUAL_REFRIGERATION_MACHINE"", ""scenario_id"": ""CEN-61CD6C86"", ""execution_id"": ""EXE-58F3DF8977C2"", ""session_id"": ""DIA-F2F2AB2EDFB3"", ""seed"": 1, ""machine_state"": ""RECUPERACAO""}"
2907,2026-01-01T00:11:10+00:00,communication,Comunicação simulada,COMUNICAÇÃO,1.0,bool,VÁLIDA,SIMULADOR,1,"{""controller"": ""VIRTUAL_REFRIGERATION_MACHINE"", ""scenario_id"": ""CEN-61CD6C86"", ""execution_id"": ""EXE-58F3DF8977C2"", ""session_id"": ""DIA-F2F2AB2EDFB3"", ""seed"": 1, ""machine_state"": ""RECUPERACAO""}"
2908,2026-01-01T00:11:10+00:00,current_total,Corrente total da máquina,MEDIÇÃO ELÉTRICA,7.166,A,VÁLIDA,SIMULADOR,1,"{""controller"": ""VIRTUAL_REFRIGERATION_MACHINE"", ""scenario_id"": ""CEN-61CD6C86"", ""execution_id"": ""EXE-58F3DF8977C2"", ""session_id"": ""DIA-F2F2AB2EDFB3"", ""seed"": 1, ""instrument"": ""EM210 #1 - TOTAL""}"
2909,2026-01-01T00:11:10+00:00,current_compressor,Corrente do compressor,MEDIÇÃO ELÉTRICA,0.153,A,VÁLIDA,SIMULADOR,1,"{""controller"": ""VIRTUAL_REFRIGERATION_MACHINE"", ""scenario_id"": ""CEN-61CD6C86"", ""execution_id"": ""EXE-58F3DF8977C2"", ""session_id"": ""DIA-F2F2AB2EDFB3"", ""seed"": 1, ""instrument"": ""EM210 #2 - COMPRESSOR""}"
2910,2026-01-01T00:11:10+00:00,current_l1,Corrente L1,MEDIÇÃO ELÉTRICA,2.386,A,VÁLIDA,SIMULADOR,1,"{""controller"": ""VIRTUAL_REFRIGERATION_MACHINE"", ""scenario_id"": ""CEN-61CD6C86"", ""execution_id"": ""EXE-58F3DF8977C2"", ""session_id"": ""DIA-F2F2AB2EDFB3"", ""seed"": 1, ""instrument"": ""EM210 #1 - TOTAL""}"
2911,2026-01-01T00:11:10+00:00,current_l2,Corrente L2,MEDIÇÃO ELÉTRICA,2.381,A,VÁLIDA,SIMULADOR,1,"{""controller"": ""VIRTUAL_REFRIGERATION_MACHINE"", ""scenario_id"": ""CEN-61CD6C86"", ""execution_id"": ""EXE-58F3DF8977C2"", ""session_id"": ""DIA-F2F2AB2EDFB3"", ""seed"": 1, ""instrument"": ""EM210 #1 - TOTAL""}"
2912,2026-01-01T00:11:10+00:00,current_l3,Corrente L3,MEDIÇÃO ELÉTRICA,2.366,A,VÁLIDA,SIMULADOR,1,"{""controller"": ""VIRTUAL_REFRIGERATION_MACHINE"", ""scenario_id"": ""CEN-61CD6C86"", ""execution_id"": ""EXE-58F3DF8977C2"", ""session_id"": ""DIA-F2F2AB2EDFB3"", ""seed"": 1, ""instrument"": ""EM210 #1 - TOTAL""}"
2913,2026-01-01T00:11:15+00:00,temperature_chamber,Temperatura da câmara,SENSORES,8.420530046634989,°C,VÁLIDA,SIMULADOR,1,"{""controller"": ""VIRTUAL_REFRIGERATION_MACHINE"", ""scenario_id"": ""CEN-61CD6C86"", ""execution_id"": ""EXE-58F3DF8977C2"", ""session_id"": ""DIA-F2F2AB2EDFB3"", ""seed"": 1, ""machine_state"": ""RECUPERACAO""}"
2914,2026-01-01T00:11:15+00:00,temperature_evaporator,Temperatura do evaporador,SENSORES,7.573215998018992,°C,VÁLIDA,SIMULADOR,1,"{""controller"": ""VIRTUAL_REFRIGERATION_MACHINE"", ""scenario_id"": ""CEN-61CD6C86"", ""execution_id"": ""EXE-58F3DF8977C2"", ""session_id"": ""DIA-F2F2AB2EDFB3"", ""seed"": 1, ""machine_state"": ""RECUPERACAO""}"
2915,2026-01-01T00:11:15+00:00,pressure_suction,Pressão de sucção,SENSORES,89.82195562578639,psi,VÁLIDA,SIMULADOR,1,"{""controller"": ""VIRTUAL_REFRIGERATION_MACHINE"", ""scenario_id"": ""CEN-61CD6C86"", ""execution_id"": ""EXE-58F3DF8977C2"", ""session_id"": ""DIA-F2F2AB2EDFB3"", ""seed"": 1, ""machine_state"": ""RECUPERACAO""}"
2916,2026-01-01T00:11:15+00:00,pressure_discharge,Pressão de descarga,SENSORES,90.39249104995113,psi,VÁLIDA,SIMULADOR,1,"{""controller"": ""VIRTUAL_REFRIGERATION_MACHINE"", ""scenario_id"": ""CEN-61CD6C86"", ""execution_id"": ""EXE-58F3DF8977C2"", ""session_id"": ""DIA-F2F2AB2EDFB3"", ""seed"": 1, ""machine_state"": ""RECUPERACAO""}"
2917,2026-01-01T00:11:15+00:00,compressor_command,Comando do compressor,I/O,1.0,bool,VÁLIDA,SIMULADOR,1,"{""controller"": ""VIRTUAL_REFRIGERATION_MACHINE"", ""scenario_id"": ""CEN-61CD6C86"", ""execution_id"": ""EXE-58F3DF8977C2"", ""session_id"": ""DIA-F2F2AB2EDFB3"", ""seed"": 1, ""machine_state"": ""RECUPERACAO""}"
2918,2026-01-01T00:11:15+00:00,compressor,Estado do compressor,I/O,0.0,bool,VÁLIDA,SIMULADOR,1,"{""controller"": ""VIRTUAL_REFRIGERATION_MACHINE"", ""scenario_id"": ""CEN-61CD6C86"", ""execution_id"": ""EXE-58F3DF8977C2"", ""session_id"": ""DIA-F2F2AB2EDFB3"", ""seed"": 1, ""machine_state"": ""RECUPERACAO""}"
2919,2026-01-01T00:11:15+00:00,evaporator_fan,Ventilador evaporador,I/O,1.0,bool,VÁLIDA,SIMULADOR,1,"{""controller"": ""VIRTUAL_REFRIGERATION_MACHINE"", ""scenario_id"": ""CEN-61CD6C86"", ""execution_id"": ""EXE-58F3DF8977C2"", ""session_id"": ""DIA-F2F2AB2EDFB3"", ""seed"": 1, ""machine_state"": ""RECUPERACAO""}"
2920,2026-01-01T00:11:15+00:00,condenser_fan,Ventilador condensador,I/O,1.0,bool,VÁLIDA,SIMULADOR,1,"{""controller"": ""VIRTUAL_REFRIGERATION_MACHINE"", ""scenario_id"": ""CEN-61CD6C86"", ""execution_id"": ""EXE-58F3DF8977C2"", ""session_id"": ""DIA-F2F2AB2EDFB3"", ""seed"": 1, ""machine_state"": ""RECUPERACAO""}"
2921,2026-01-01T00:11:15+00:00,defrost,Degelo,I/O,0.0,bool,VÁLIDA,SIMULADOR,1,"{""controller"": ""VIRTUAL_REFRIGERATION_MACHINE"", ""scenario_id"": ""CEN-61CD6C86"", ""execution_id"": ""EXE-58F3DF8977C2"", ""session_id"": ""DIA-F2F2AB2EDFB3"", ""seed"": 1, ""machine_state"": ""RECUPERACAO""}"
2922,2026-01-01T00:11:15+00:00,dripping,Gotejamento,I/O,0.0,bool,VÁLIDA,SIMULADOR,1,"{""controller"": ""VIRTUAL_REFRIGERATION_MACHINE"", ""scenario_id"": ""CEN-61CD6C86"", ""execution_id"": ""EXE-58F3DF8977C2"", ""session_id"": ""DIA-F2F2AB2EDFB3"", ""seed"": 1, ""machine_state"": ""RECUPERACAO""}"
2923,2026-01-01T00:11:15+00:00,communication,Comunicação simulada,COMUNICAÇÃO,1.0,bool,VÁLIDA,SIMULADOR,1,"{""controller"": ""VIRTUAL_REFRIGERATION_MACHINE"", ""scenario_id"": ""CEN-61CD6C86"", ""execution_id"": ""EXE-58F3DF8977C2"", ""session_id"": ""DIA-F2F2AB2EDFB3"", ""seed"": 1, ""machine_state"": ""RECUPERACAO""}"
2924,2026-01-01T00:11:15+00:00,current_total,Corrente total da máquina,MEDIÇÃO ELÉTRICA,7.158,A,VÁLIDA,SIMULADOR,1,"{""controller"": ""VIRTUAL_REFRIGERATION_MACHINE"", ""scenario_id"": ""CEN-61CD6C86"", ""execution_id"": ""EXE-58F3DF8977C2"", ""session_id"": ""DIA-F2F2AB2EDFB3"", ""seed"": 1, ""instrument"": ""EM210 #1 - TOTAL""}"
2925,2026-01-01T00:11:15+00:00,current_compressor,Corrente do compressor,MEDIÇÃO ELÉTRICA,0.152,A,VÁLIDA,SIMULADOR,1,"{""controller"": ""VIRTUAL_REFRIGERATION_MACHINE"", ""scenario_id"": ""CEN-61CD6C86"", ""execution_id"": ""EXE-58F3DF8977C2"", ""session_id"": ""DIA-F2F2AB2EDFB3"", ""seed"": 1, ""instrument"": ""EM210 #2 - COMPRESSOR""}"
2926,2026-01-01T00:11:15+00:00,current_l1,Corrente L1,MEDIÇÃO ELÉTRICA,2.375,A,VÁLIDA,SIMULADOR,1,"{""controller"": ""VIRTUAL_REFRIGERATION_MACHINE"", ""scenario_id"": ""CEN-61CD6C86"", ""execution_id"": ""EXE-58F3DF8977C2"", ""session_id"": ""DIA-F2F2AB2EDFB3"", ""seed"": 1, ""instrument"": ""EM210 #1 - TOTAL""}"
2927,2026-01-01T00:11:15+00:00,current_l2,Corrente L2,MEDIÇÃO ELÉTRICA,2.39,A,VÁLIDA,SIMULADOR,1,"{""controller"": ""VIRTUAL_REFRIGERATION_MACHINE"", ""scenario_id"": ""CEN-61CD6C86"", ""execution_id"": ""EXE-58F3DF8977C2"", ""session_id"": ""DIA-F2F2AB2EDFB3"", ""seed"": 1, ""instrument"": ""EM210 #1 - TOTAL""}"
2928,2026-01-01T00:11:15+00:00,current_l3,Corrente L3,MEDIÇÃO ELÉTRICA,2.388,A,VÁLIDA,SIMULADOR,1,"{""controller"": ""VIRTUAL_REFRIGERATION_MACHINE"", ""scenario_id"": ""CEN-61CD6C86"", ""execution_id"": ""EXE-58F3DF8977C2"", ""session_id"": ""DIA-F2F2AB2EDFB3"", ""seed"": 1, ""instrument"": ""EM210 #1 - TOTAL""}"
2929,2026-01-01T00:11:20+00:00,temperature_chamber,Temperatura da câmara,SENSORES,8.456324746168638,°C,VÁLIDA,SIMULADOR,1,"{""controller"": ""VIRTUAL_REFRIGERATION_MACHINE"", ""scenario_id"": ""CEN-61CD6C86"", ""execution_id"": ""EXE-58F3DF8977C2"", ""session_id"": ""DIA-F2F2AB2EDFB3"", ""seed"": 1, ""machine_state"": ""RECUPERACAO""}"
2930,2026-01-01T00:11:20+00:00,temperature_evaporator,Temperatura do evaporador,SENSORES,7.617371435426475,°C,VÁLIDA,SIMULADOR,1,"{""controller"": ""VIRTUAL_REFRIGERATION_MACHINE"", ""scenario_id"": ""CEN-61CD6C86"", ""execution_id"": ""EXE-58F3DF8977C2"", ""session_id"": ""DIA-F2F2AB2EDFB3"", ""seed"": 1, ""machine_state"": ""RECUPERACAO""}"
2931,2026-01-01T00:11:20+00:00,pressure_suction,Pressão de sucção,SENSORES,89.83976006320775,psi,VÁLIDA,SIMULADOR,1,"{""controller"": ""VIRTUAL_REFRIGERATION_MACHINE"", ""scenario_id"": ""CEN-61CD6C86"", ""execution_id"": ""EXE-58F3DF8977C2"", ""session_id"": ""DIA-F2F2AB2EDFB3"", ""seed"": 1, ""machine_state"": ""RECUPERACAO""}"
2932,2026-01-01T00:11:20+00:00,pressure_discharge,Pressão de descarga,SENSORES,90.35324194495603,psi,VÁLIDA,SIMULADOR,1,"{""controller"": ""VIRTUAL_REFRIGERATION_MACHINE"", ""scenario_id"": ""CEN-61CD6C86"", ""execution_id"": ""EXE-58F3DF8977C2"", ""session_id"": ""DIA-F2F2AB2EDFB3"", ""seed"": 1, ""machine_state"": ""RECUPERACAO""}"
2933,2026-01-01T00:11:20+00:00,compressor_command,Comando do compressor,I/O,1.0,bool,VÁLIDA,SIMULADOR,1,"{""controller"": ""VIRTUAL_REFRIGERATION_MACHINE"", ""scenario_id"": ""CEN-61CD6C86"", ""execution_id"": ""EXE-58F3DF8977C2"", ""session_id"": ""DIA-F2F2AB2EDFB3"", ""seed"": 1, ""machine_state"": ""RECUPERACAO""}"
2934,2026-01-01T00:11:20+00:00,compressor,Estado do compressor,I/O,0.0,bool,VÁLIDA,SIMULADOR,1,"{""controller"": ""VIRTUAL_REFRIGERATION_MACHINE"", ""scenario_id"": ""CEN-61CD6C86"", ""execution_id"": ""EXE-58F3DF8977C2"", ""session_id"": ""DIA-F2F2AB2EDFB3"", ""seed"": 1, ""machine_state"": ""RECUPERACAO""}"
2935,2026-01-01T00:11:20+00:00,evaporator_fan,Ventilador evaporador,I/O,1.0,bool,VÁLIDA,SIMULADOR,1,"{""controller"": ""VIRTUAL_REFRIGERATION_MACHINE"", ""scenario_id"": ""CEN-61CD6C86"", ""execution_id"": ""EXE-58F3DF8977C2"", ""session_id"": ""DIA-F2F2AB2EDFB3"", ""seed"": 1, ""machine_state"": ""RECUPERACAO""}"
2936,2026-01-01T00:11:20+00:00,condenser_fan,Ventilador condensador,I/O,1.0,bool,VÁLIDA,SIMULADOR,1,"{""controller"": ""VIRTUAL_REFRIGERATION_MACHINE"", ""scenario_id"": ""CEN-61CD6C86"", ""execution_id"": ""EXE-58F3DF8977C2"", ""session_id"": ""DIA-F2F2AB2EDFB3"", ""seed"": 1, ""machine_state"": ""RECUPERACAO""}"
2937,2026-01-01T00:11:20+00:00,defrost,Degelo,I/O,0.0,bool,VÁLIDA,SIMULADOR,1,"{""controller"": ""VIRTUAL_REFRIGERATION_MACHINE"", ""scenario_id"": ""CEN-61CD6C86"", ""execution_id"": ""EXE-58F3DF8977C2"", ""session_id"": ""DIA-F2F2AB2EDFB3"", ""seed"": 1, ""machine_state"": ""RECUPERACAO""}"
2938,2026-01-01T00:11:20+00:00,dripping,Gotejamento,I/O,0.0,bool,VÁLIDA,SIMULADOR,1,"{""controller"": ""VIRTUAL_REFRIGERATION_MACHINE"", ""scenario_id"": ""CEN-61CD6C86"", ""execution_id"": ""EXE-58F3DF8977C2"", ""session_id"": ""DIA-F2F2AB2EDFB3"", ""seed"": 1, ""machine_state"": ""RECUPERACAO""}"
2939,2026-01-01T00:11:20+00:00,communication,Comunicação simulada,COMUNICAÇÃO,1.0,bool,VÁLIDA,SIMULADOR,1,"{""controller"": ""VIRTUAL_REFRIGERATION_MACHINE"", ""scenario_id"": ""CEN-61CD6C86"", ""execution_id"": ""EXE-58F3DF8977C2"", ""session_id"": ""DIA-F2F2AB2EDFB3"", ""seed"": 1, ""machine_state"": ""RECUPERACAO""}"
2940,2026-01-01T00:11:20+00:00,current_total,Corrente total da máquina,MEDIÇÃO ELÉTRICA,7.135,A,VÁLIDA,SIMULADOR,1,"{""controller"": ""VIRTUAL_REFRIGERATION_MACHINE"", ""scenario_id"": ""CEN-61CD6C86"", ""execution_id"": ""EXE-58F3DF8977C2"", ""session_id"": ""DIA-F2F2AB2EDFB3"", ""seed"": 1, ""instrument"": ""EM210 #1 - TOTAL""}"
2941,2026-01-01T00:11:20+00:00,current_compressor,Corrente do compressor,MEDIÇÃO ELÉTRICA,0.163,A,VÁLIDA,SIMULADOR,1,"{""controller"": ""VIRTUAL_REFRIGERATION_MACHINE"", ""scenario_id"": ""CEN-61CD6C86"", ""execution_id"": ""EXE-58F3DF8977C2"", ""session_id"": ""DIA-F2F2AB2EDFB3"", ""seed"": 1, ""instrument"": ""EM210 #2 - COMPRESSOR""}"
2942,2026-01-01T00:11:20+00:00,current_l1,Corrente L1,MEDIÇÃO ELÉTRICA,2.366,A,VÁLIDA,SIMULADOR,1,"{""controller"": ""VIRTUAL_REFRIGERATION_MACHINE"", ""scenario_id"": ""CEN-61CD6C86"", ""execution_id"": ""EXE-58F3DF8977C2"", ""session_id"": ""DIA-F2F2AB2EDFB3"", ""seed"": 1, ""instrument"": ""EM210 #1 - TOTAL""}"
2943,2026-01-01T00:11:20+00:00,current_l2,Corrente L2,MEDIÇÃO ELÉTRICA,2.39,A,VÁLIDA,SIMULADOR,1,"{""controller"": ""VIRTUAL_REFRIGERATION_MACHINE"", ""scenario_id"": ""CEN-61CD6C86"", ""execution_id"": ""EXE-58F3DF8977C2"", ""session_id"": ""DIA-F2F2AB2EDFB3"", ""seed"": 1, ""instrument"": ""EM210 #1 - TOTAL""}"
2944,2026-01-01T00:11:20+00:00,current_l3,Corrente L3,MEDIÇÃO ELÉTRICA,2.391,A,VÁLIDA,SIMULADOR,1,"{""controller"": ""VIRTUAL_REFRIGERATION_MACHINE"", ""scenario_id"": ""CEN-61CD6C86"", ""execution_id"": ""EXE-58F3DF8977C2"", ""session_id"": ""DIA-F2F2AB2EDFB3"", ""seed"": 1, ""instrument"": ""EM210 #1 - TOTAL""}"
2945,2026-01-01T00:11:25+00:00,temperature_chamber,Temperatura da câmara,SENSORES,8.491761498706952,°C,VÁLIDA,SIMULADOR,1,"{""controller"": ""VIRTUAL_REFRIGERATION_MACHINE"", ""scenario_id"": ""CEN-61CD6C86"", ""execution_id"": ""EXE-58F3DF8977C2"", ""session_id"": ""DIA-F2F2AB2EDFB3"", ""seed"": 1, ""machine_state"": ""RECUPERACAO""}"
2946,2026-01-01T00:11:25+00:00,temperature_evaporator,Temperatura do evaporador,SENSORES,7.661090938590498,°C,VÁLIDA,SIMULADOR,1,"{""controller"": ""VIRTUAL_REFRIGERATION_MACHINE"", ""scenario_id"": ""CEN-61CD6C86"", ""execution_id"": ""EXE-58F3DF8977C2"", ""session_id"": ""DIA-F2F2AB2EDFB3"", ""seed"": 1, ""machine_state"": ""RECUPERACAO""}"
2947,2026-01-01T00:11:25+00:00,pressure_suction,Pressão de sucção,SENSORES,89.85578405688698,psi,VÁLIDA,SIMULADOR,1,"{""controller"": ""VIRTUAL_REFRIGERATION_MACHINE"", ""scenario_id"": ""CEN-61CD6C86"", ""execution_id"": ""EXE-58F3DF8977C2"", ""session_id"": ""DIA-F2F2AB2EDFB3"", ""seed"": 1, ""machine_state"": ""RECUPERACAO""}"
2948,2026-01-01T00:11:25+00:00,pressure_discharge,Pressão de descarga,SENSORES,90.31791775046042,psi,VÁLIDA,SIMULADOR,1,"{""controller"": ""VIRTUAL_REFRIGERATION_MACHINE"", ""scenario_id"": ""CEN-61CD6C86"", ""execution_id"": ""EXE-58F3DF8977C2"", ""session_id"": ""DIA-F2F2AB2EDFB3"", ""seed"": 1, ""machine_state"": ""RECUPERACAO""}"
2949,2026-01-01T00:11:25+00:00,compressor_command,Comando do compressor,I/O,1.0,bool,VÁLIDA,SIMULADOR,1,"{""controller"": ""VIRTUAL_REFRIGERATION_MACHINE"", ""scenario_id"": ""CEN-61CD6C86"", ""execution_id"": ""EXE-58F3DF8977C2"", ""session_id"": ""DIA-F2F2AB2EDFB3"", ""seed"": 1, ""machine_state"": ""RECUPERACAO""}"
2950,2026-01-01T00:11:25+00:00,compressor,Estado do compressor,I/O,0.0,bool,VÁLIDA,SIMULADOR,1,"{""controller"": ""VIRTUAL_REFRIGERATION_MACHINE"", ""scenario_id"": ""CEN-61CD6C86"", ""execution_id"": ""EXE-58F3DF8977C2"", ""session_id"": ""DIA-F2F2AB2EDFB3"", ""seed"": 1, ""machine_state"": ""RECUPERACAO""}"
2951,2026-01-01T00:11:25+00:00,evaporator_fan,Ventilador evaporador,I/O,1.0,bool,VÁLIDA,SIMULADOR,1,"{""controller"": ""VIRTUAL_REFRIGERATION_MACHINE"", ""scenario_id"": ""CEN-61CD6C86"", ""execution_id"": ""EXE-58F3DF8977C2"", ""session_id"": ""DIA-F2F2AB2EDFB3"", ""seed"": 1, ""machine_state"": ""RECUPERACAO""}"
2952,2026-01-01T00:11:25+00:00,condenser_fan,Ventilador condensador,I/O,1.0,bool,VÁLIDA,SIMULADOR,1,"{""controller"": ""VIRTUAL_REFRIGERATION_MACHINE"", ""scenario_id"": ""CEN-61CD6C86"", ""execution_id"": ""EXE-58F3DF8977C2"", ""session_id"": ""DIA-F2F2AB2EDFB3"", ""seed"": 1, ""machine_state"": ""RECUPERACAO""}"
2953,2026-01-01T00:11:25+00:00,defrost,Degelo,I/O,0.0,bool,VÁLIDA,SIMULADOR,1,"{""controller"": ""VIRTUAL_REFRIGERATION_MACHINE"", ""scenario_id"": ""CEN-61CD6C86"", ""execution_id"": ""EXE-58F3DF8977C2"", ""session_id"": ""DIA-F2F2AB2EDFB3"", ""seed"": 1, ""machine_state"": ""RECUPERACAO""}"
2954,2026-01-01T00:11:25+00:00,dripping,Gotejamento,I/O,0.0,bool,VÁLIDA,SIMULADOR,1,"{""controller"": ""VIRTUAL_REFRIGERATION_MACHINE"", ""scenario_id"": ""CEN-61CD6C86"", ""execution_id"": ""EXE-58F3DF8977C2"", ""session_id"": ""DIA-F2F2AB2EDFB3"", ""seed"": 1, ""machine_state"": ""RECUPERACAO""}"
2955,2026-01-01T00:11:25+00:00,communication,Comunicação simulada,COMUNICAÇÃO,1.0,bool,VÁLIDA,SIMULADOR,1,"{""controller"": ""VIRTUAL_REFRIGERATION_MACHINE"", ""scenario_id"": ""CEN-61CD6C86"", ""execution_id"": ""EXE-58F3DF8977C2"", ""session_id"": ""DIA-F2F2AB2EDFB3"", ""seed"": 1, ""machine_state"": ""RECUPERACAO""}"
2956,2026-01-01T00:11:25+00:00,current_total,Corrente total da máquina,MEDIÇÃO ELÉTRICA,7.147,A,VÁLIDA,SIMULADOR,1,"{""controller"": ""VIRTUAL_REFRIGERATION_MACHINE"", ""scenario_id"": ""CEN-61CD6C86"", ""execution_id"": ""EXE-58F3DF8977C2"", ""session_id"": ""DIA-F2F2AB2EDFB3"", ""seed"": 1, ""instrument"": ""EM210 #1 - TOTAL""}"
2957,2026-01-01T00:11:25+00:00,current_compressor,Corrente do compressor,MEDIÇÃO ELÉTRICA,0.135,A,VÁLIDA,SIMULADOR,1,"{""controller"": ""VIRTUAL_REFRIGERATION_MACHINE"", ""scenario_id"": ""CEN-61CD6C86"", ""execution_id"": ""EXE-58F3DF8977C2"", ""session_id"": ""DIA-F2F2AB2EDFB3"", ""seed"": 1, ""instrument"": ""EM210 #2 - COMPRESSOR""}"
2958,2026-01-01T00:11:25+00:00,current_l1,Corrente L1,MEDIÇÃO ELÉTRICA,2.398,A,VÁLIDA,SIMULADOR,1,"{""controller"": ""VIRTUAL_REFRIGERATION_MACHINE"", ""scenario_id"": ""CEN-61CD6C86"", ""execution_id"": ""EXE-58F3DF8977C2"", ""session_id"": ""DIA-F2F2AB2EDFB3"", ""seed"": 1, ""instrument"": ""EM210 #1 - TOTAL""}"
2959,2026-01-01T00:11:25+00:00,current_l2,Corrente L2,MEDIÇÃO ELÉTRICA,2.37,A,VÁLIDA,SIMULADOR,1,"{""controller"": ""VIRTUAL_REFRIGERATION_MACHINE"", ""scenario_id"": ""CEN-61CD6C86"", ""execution_id"": ""EXE-58F3DF8977C2"", ""session_id"": ""DIA-F2F2AB2EDFB3"", ""seed"": 1, ""instrument"": ""EM210 #1 - TOTAL""}"
2960,2026-01-01T00:11:25+00:00,current_l3,Corrente L3,MEDIÇÃO ELÉTRICA,2.371,A,VÁLIDA,SIMULADOR,1,"{""controller"": ""VIRTUAL_REFRIGERATION_MACHINE"", ""scenario_id"": ""CEN-61CD6C86"", ""execution_id"": ""EXE-58F3DF8977C2"", ""session_id"": ""DIA-F2F2AB2EDFB3"", ""seed"": 1, ""instrument"": ""EM210 #1 - TOTAL""}"
2961,2026-01-01T00:11:30+00:00,temperature_chamber,Temperatura da câmara,SENSORES,8.526843883719883,°C,VÁLIDA,SIMULADOR,1,"{""controller"": ""VIRTUAL_REFRIGERATION_MACHINE"", ""scenario_id"": ""CEN-61CD6C86"", ""execution_id"": ""EXE-58F3DF8977C2"", ""session_id"": ""DIA-F2F2AB2EDFB3"", ""seed"": 1, ""machine_state"": ""RECUPERACAO""}"
2962,2026-01-01T00:11:30+00:00,temperature_evaporator,Temperatura do evaporador,SENSORES,7.7043785858469676,°C,VÁLIDA,SIMULADOR,1,"{""controller"": ""VIRTUAL_REFRIGERATION_MACHINE"", ""scenario_id"": ""CEN-61CD6C86"", ""execution_id"": ""EXE-58F3DF8977C2"", ""session_id"": ""DIA-F2F2AB2EDFB3"", ""seed"": 1, ""machine_state"": ""RECUPERACAO""}"
2963,2026-01-01T00:11:30+00:00,pressure_suction,Pressão de sucção,SENSORES,89.87020565119828,psi,VÁLIDA,SIMULADOR,1,"{""controller"": ""VIRTUAL_REFRIGERATION_MACHINE"", ""scenario_id"": ""CEN-61CD6C86"", ""execution_id"": ""EXE-58F3DF8977C2"", ""session_id"": ""DIA-F2F2AB2EDFB3"", ""seed"": 1, ""machine_state"": ""RECUPERACAO""}"
2964,2026-01-01T00:11:30+00:00,pressure_discharge,Pressão de descarga,SENSORES,90.28612597541438,psi,VÁLIDA,SIMULADOR,1,"{""controller"": ""VIRTUAL_REFRIGERATION_MACHINE"", ""scenario_id"": ""CEN-61CD6C86"", ""execution_id"": ""EXE-58F3DF8977C2"", ""session_id"": ""DIA-F2F2AB2EDFB3"", ""seed"": 1, ""machine_state"": ""RECUPERACAO""}"
2965,2026-01-01T00:11:30+00:00,compressor_command,Comando do compressor,I/O,1.0,bool,VÁLIDA,SIMULADOR,1,"{""controller"": ""VIRTUAL_REFRIGERATION_MACHINE"", ""scenario_id"": ""CEN-61CD6C86"", ""execution_id"": ""EXE-58F3DF8977C2"", ""session_id"": ""DIA-F2F2AB2EDFB3"", ""seed"": 1, ""machine_state"": ""RECUPERACAO""}"
2966,2026-01-01T00:11:30+00:00,compressor,Estado do compressor,I/O,0.0,bool,VÁLIDA,SIMULADOR,1,"{""controller"": ""VIRTUAL_REFRIGERATION_MACHINE"", ""scenario_id"": ""CEN-61CD6C86"", ""execution_id"": ""EXE-58F3DF8977C2"", ""session_id"": ""DIA-F2F2AB2EDFB3"", ""seed"": 1, ""machine_state"": ""RECUPERACAO""}"
2967,2026-01-01T00:11:30+00:00,evaporator_fan,Ventilador evaporador,I/O,1.0,bool,VÁLIDA,SIMULADOR,1,"{""controller"": ""VIRTUAL_REFRIGERATION_MACHINE"", ""scenario_id"": ""CEN-61CD6C86"", ""execution_id"": ""EXE-58F3DF8977C2"", ""session_id"": ""DIA-F2F2AB2EDFB3"", ""seed"": 1, ""machine_state"": ""RECUPERACAO""}"
2968,2026-01-01T00:11:30+00:00,condenser_fan,Ventilador condensador,I/O,1.0,bool,VÁLIDA,SIMULADOR,1,"{""controller"": ""VIRTUAL_REFRIGERATION_MACHINE"", ""scenario_id"": ""CEN-61CD6C86"", ""execution_id"": ""EXE-58F3DF8977C2"", ""session_id"": ""DIA-F2F2AB2EDFB3"", ""seed"": 1, ""machine_state"": ""RECUPERACAO""}"
2969,2026-01-01T00:11:30+00:00,defrost,Degelo,I/O,0.0,bool,VÁLIDA,SIMULADOR,1,"{""controller"": ""VIRTUAL_REFRIGERATION_MACHINE"", ""scenario_id"": ""CEN-61CD6C86"", ""execution_id"": ""EXE-58F3DF8977C2"", ""session_id"": ""DIA-F2F2AB2EDFB3"", ""seed"": 1, ""machine_state"": ""RECUPERACAO""}"
2970,2026-01-01T00:11:30+00:00,dripping,Gotejamento,I/O,0.0,bool,VÁLIDA,SIMULADOR,1,"{""controller"": ""VIRTUAL_REFRIGERATION_MACHINE"", ""scenario_id"": ""CEN-61CD6C86"", ""execution_id"": ""EXE-58F3DF8977C2"", ""session_id"": ""DIA-F2F2AB2EDFB3"", ""seed"": 1, ""machine_state"": ""RECUPERACAO""}"
2971,2026-01-01T00:11:30+00:00,communication,Comunicação simulada,COMUNICAÇÃO,1.0,bool,VÁLIDA,SIMULADOR,1,"{""controller"": ""VIRTUAL_REFRIGERATION_MACHINE"", ""scenario_id"": ""CEN-61CD6C86"", ""execution_id"": ""EXE-58F3DF8977C2"", ""session_id"": ""DIA-F2F2AB2EDFB3"", ""seed"": 1, ""machine_state"": ""RECUPERACAO""}"
2972,2026-01-01T00:11:30+00:00,current_total,Corrente total da máquina,MEDIÇÃO ELÉTRICA,7.135,A,VÁLIDA,SIMULADOR,1,"{""controller"": ""VIRTUAL_REFRIGERATION_MACHINE"", ""scenario_id"": ""CEN-61CD6C86"", ""execution_id"": ""EXE-58F3DF8977C2"", ""session_id"": ""DIA-F2F2AB2EDFB3"", ""seed"": 1, ""instrument"": ""EM210 #1 - TOTAL""}"
2973,2026-01-01T00:11:30+00:00,current_compressor,Corrente do compressor,MEDIÇÃO ELÉTRICA,0.154,A,VÁLIDA,SIMULADOR,1,"{""controller"": ""VIRTUAL_REFRIGERATION_MACHINE"", ""scenario_id"": ""CEN-61CD6C86"", ""execution_id"": ""EXE-58F3DF8977C2"", ""session_id"": ""DIA-F2F2AB2EDFB3"", ""seed"": 1, ""instrument"": ""EM210 #2 - COMPRESSOR""}"
2974,2026-01-01T00:11:30+00:00,current_l1,Corrente L1,MEDIÇÃO ELÉTRICA,2.387,A,VÁLIDA,SIMULADOR,1,"{""controller"": ""VIRTUAL_REFRIGERATION_MACHINE"", ""scenario_id"": ""CEN-61CD6C86"", ""execution_id"": ""EXE-58F3DF8977C2"", ""session_id"": ""DIA-F2F2AB2EDFB3"", ""seed"": 1, ""instrument"": ""EM210 #1 - TOTAL""}"
2975,2026-01-01T00:11:30+00:00,current_l2,Corrente L2,MEDIÇÃO ELÉTRICA,2.385,A,VÁLIDA,SIMULADOR,1,"{""controller"": ""VIRTUAL_REFRIGERATION_MACHINE"", ""scenario_id"": ""CEN-61CD6C86"", ""execution_id"": ""EXE-58F3DF8977C2"", ""session_id"": ""DIA-F2F2AB2EDFB3"", ""seed"": 1, ""instrument"": ""EM210 #1 - TOTAL""}"
2976,2026-01-01T00:11:30+00:00,current_l3,Corrente L3,MEDIÇÃO ELÉTRICA,2.377,A,VÁLIDA,SIMULADOR,1,"{""controller"": ""VIRTUAL_REFRIGERATION_MACHINE"", ""scenario_id"": ""CEN-61CD6C86"", ""execution_id"": ""EXE-58F3DF8977C2"", ""session_id"": ""DIA-F2F2AB2EDFB3"", ""seed"": 1, ""instrument"": ""EM210 #1 - TOTAL""}"
2977,2026-01-01T00:11:35+00:00,temperature_chamber,Temperatura da câmara,SENSORES,8.561575444882683,°C,VÁLIDA,SIMULADOR,1,"{""controller"": ""VIRTUAL_REFRIGERATION_MACHINE"", ""scenario_id"": ""CEN-61CD6C86"", ""execution_id"": ""EXE-58F3DF8977C2"", ""session_id"": ""DIA-F2F2AB2EDFB3"", ""seed"": 1, ""machine_state"": ""RECUPERACAO""}"
2978,2026-01-01T00:11:35+00:00,temperature_evaporator,Temperatura do evaporador,SENSORES,7.747238428798753,°C,VÁLIDA,SIMULADOR,1,"{""controller"": ""VIRTUAL_REFRIGERATION_MACHINE"", ""scenario_id"": ""CEN-61CD6C86"", ""execution_id"": ""EXE-58F3DF8977C2"", ""session_id"": ""DIA-F2F2AB2EDFB3"", ""seed"": 1, ""machine_state"": ""RECUPERACAO""}"
2979,2026-01-01T00:11:35+00:00,pressure_suction,Pressão de sucção,SENSORES,89.88318508607844,psi,VÁLIDA,SIMULADOR,1,"{""controller"": ""VIRTUAL_REFRIGERATION_MACHINE"", ""scenario_id"": ""CEN-61CD6C86"", ""execution_id"": ""EXE-58F3DF8977C2"", ""session_id"": ""DIA-F2F2AB2EDFB3"", ""seed"": 1, ""machine_state"": ""RECUPERACAO""}"
2980,2026-01-01T00:11:35+00:00,pressure_discharge,Pressão de descarga,SENSORES,90.25751337787294,psi,VÁLIDA,SIMULADOR,1,"{""controller"": ""VIRTUAL_REFRIGERATION_MACHINE"", ""scenario_id"": ""CEN-61CD6C86"", ""execution_id"": ""EXE-58F3DF8977C2"", ""session_id"": ""DIA-F2F2AB2EDFB3"", ""seed"": 1, ""machine_state"": ""RECUPERACAO""}"
2981,2026-01-01T00:11:35+00:00,compressor_command,Comando do compressor,I/O,1.0,bool,VÁLIDA,SIMULADOR,1,"{""controller"": ""VIRTUAL_REFRIGERATION_MACHINE"", ""scenario_id"": ""CEN-61CD6C86"", ""execution_id"": ""EXE-58F3DF8977C2"", ""session_id"": ""DIA-F2F2AB2EDFB3"", ""seed"": 1, ""machine_state"": ""RECUPERACAO""}"
2982,2026-01-01T00:11:35+00:00,compressor,Estado do compressor,I/O,0.0,bool,VÁLIDA,SIMULADOR,1,"{""controller"": ""VIRTUAL_REFRIGERATION_MACHINE"", ""scenario_id"": ""CEN-61CD6C86"", ""execution_id"": ""EXE-58F3DF8977C2"", ""session_id"": ""DIA-F2F2AB2EDFB3"", ""seed"": 1, ""machine_state"": ""RECUPERACAO""}"
2983,2026-01-01T00:11:35+00:00,evaporator_fan,Ventilador evaporador,I/O,1.0,bool,VÁLIDA,SIMULADOR,1,"{""controller"": ""VIRTUAL_REFRIGERATION_MACHINE"", ""scenario_id"": ""CEN-61CD6C86"", ""execution_id"": ""EXE-58F3DF8977C2"", ""session_id"": ""DIA-F2F2AB2EDFB3"", ""seed"": 1, ""machine_state"": ""RECUPERACAO""}"
2984,2026-01-01T00:11:35+00:00,condenser_fan,Ventilador condensador,I/O,1.0,bool,VÁLIDA,SIMULADOR,1,"{""controller"": ""VIRTUAL_REFRIGERATION_MACHINE"", ""scenario_id"": ""CEN-61CD6C86"", ""execution_id"": ""EXE-58F3DF8977C2"", ""session_id"": ""DIA-F2F2AB2EDFB3"", ""seed"": 1, ""machine_state"": ""RECUPERACAO""}"
2985,2026-01-01T00:11:35+00:00,defrost,Degelo,I/O,0.0,bool,VÁLIDA,SIMULADOR,1,"{""controller"": ""VIRTUAL_REFRIGERATION_MACHINE"", ""scenario_id"": ""CEN-61CD6C86"", ""execution_id"": ""EXE-58F3DF8977C2"", ""session_id"": ""DIA-F2F2AB2EDFB3"", ""seed"": 1, ""machine_state"": ""RECUPERACAO""}"
2986,2026-01-01T00:11:35+00:00,dripping,Gotejamento,I/O,0.0,bool,VÁLIDA,SIMULADOR,1,"{""controller"": ""VIRTUAL_REFRIGERATION_MACHINE"", ""scenario_id"": ""CEN-61CD6C86"", ""execution_id"": ""EXE-58F3DF8977C2"", ""session_id"": ""DIA-F2F2AB2EDFB3"", ""seed"": 1, ""machine_state"": ""RECUPERACAO""}"
2987,2026-01-01T00:11:35+00:00,communication,Comunicação simulada,COMUNICAÇÃO,1.0,bool,VÁLIDA,SIMULADOR,1,"{""controller"": ""VIRTUAL_REFRIGERATION_MACHINE"", ""scenario_id"": ""CEN-61CD6C86"", ""execution_id"": ""EXE-58F3DF8977C2"", ""session_id"": ""DIA-F2F2AB2EDFB3"", ""seed"": 1, ""machine_state"": ""RECUPERACAO""}"
2988,2026-01-01T00:11:35+00:00,current_total,Corrente total da máquina,MEDIÇÃO ELÉTRICA,7.152,A,VÁLIDA,SIMULADOR,1,"{""controller"": ""VIRTUAL_REFRIGERATION_MACHINE"", ""scenario_id"": ""CEN-61CD6C86"", ""execution_id"": ""EXE-58F3DF8977C2"", ""session_id"": ""DIA-F2F2AB2EDFB3"", ""seed"": 1, ""instrument"": ""EM210 #1 - TOTAL""}"
2989,2026-01-01T00:11:35+00:00,current_compressor,Corrente do compressor,MEDIÇÃO ELÉTRICA,0.142,A,VÁLIDA,SIMULADOR,1,"{""controller"": ""VIRTUAL_REFRIGERATION_MACHINE"", ""scenario_id"": ""CEN-61CD6C86"", ""execution_id"": ""EXE-58F3DF8977C2"", ""session_id"": ""DIA-F2F2AB2EDFB3"", ""seed"": 1, ""instrument"": ""EM210 #2 - COMPRESSOR""}"
2990,2026-01-01T00:11:35+00:00,current_l1,Corrente L1,MEDIÇÃO ELÉTRICA,2.402,A,VÁLIDA,SIMULADOR,1,"{""controller"": ""VIRTUAL_REFRIGERATION_MACHINE"", ""scenario_id"": ""CEN-61CD6C86"", ""execution_id"": ""EXE-58F3DF8977C2"", ""session_id"": ""DIA-F2F2AB2EDFB3"", ""seed"": 1, ""instrument"": ""EM210 #1 - TOTAL""}"
2991,2026-01-01T00:11:35+00:00,current_l2,Corrente L2,MEDIÇÃO ELÉTRICA,2.369,A,VÁLIDA,SIMULADOR,1,"{""controller"": ""VIRTUAL_REFRIGERATION_MACHINE"", ""scenario_id"": ""CEN-61CD6C86"", ""execution_id"": ""EXE-58F3DF8977C2"", ""session_id"": ""DIA-F2F2AB2EDFB3"", ""seed"": 1, ""instrument"": ""EM210 #1 - TOTAL""}"
2992,2026-01-01T00:11:35+00:00,current_l3,Corrente L3,MEDIÇÃO ELÉTRICA,2.373,A,VÁLIDA,SIMULADOR,1,"{""controller"": ""VIRTUAL_REFRIGERATION_MACHINE"", ""scenario_id"": ""CEN-61CD6C86"", ""execution_id"": ""EXE-58F3DF8977C2"", ""session_id"": ""DIA-F2F2AB2EDFB3"", ""seed"": 1, ""instrument"": ""EM210 #1 - TOTAL""}"
2993,2026-01-01T00:11:40+00:00,temperature_chamber,Temperatura da câmara,SENSORES,8.595959690433856,°C,VÁLIDA,SIMULADOR,1,"{""controller"": ""VIRTUAL_REFRIGERATION_MACHINE"", ""scenario_id"": ""CEN-61CD6C86"", ""execution_id"": ""EXE-58F3DF8977C2"", ""session_id"": ""DIA-F2F2AB2EDFB3"", ""seed"": 1, ""machine_state"": ""RECUPERACAO""}"
2994,2026-01-01T00:11:40+00:00,temperature_evaporator,Temperatura do evaporador,SENSORES,7.7896744918805085,°C,VÁLIDA,SIMULADOR,1,"{""controller"": ""VIRTUAL_REFRIGERATION_MACHINE"", ""scenario_id"": ""CEN-61CD6C86"", ""execution_id"": ""EXE-58F3DF8977C2"", ""session_id"": ""DIA-F2F2AB2EDFB3"", ""seed"": 1, ""machine_state"": ""RECUPERACAO""}"
2995,2026-01-01T00:11:40+00:00,pressure_suction,Pressão de sucção,SENSORES,89.8948665774706,psi,VÁLIDA,SIMULADOR,1,"{""controller"": ""VIRTUAL_REFRIGERATION_MACHINE"", ""scenario_id"": ""CEN-61CD6C86"", ""execution_id"": ""EXE-58F3DF8977C2"", ""session_id"": ""DIA-F2F2AB2EDFB3"", ""seed"": 1, ""machine_state"": ""RECUPERACAO""}"
2996,2026-01-01T00:11:40+00:00,pressure_discharge,Pressão de descarga,SENSORES,90.23176204008564,psi,VÁLIDA,SIMULADOR,1,"{""controller"": ""VIRTUAL_REFRIGERATION_MACHINE"", ""scenario_id"": ""CEN-61CD6C86"", ""execution_id"": ""EXE-58F3DF8977C2"", ""session_id"": ""DIA-F2F2AB2EDFB3"", ""seed"": 1, ""machine_state"": ""RECUPERACAO""}"
2997,2026-01-01T00:11:40+00:00,compressor_command,Comando do compressor,I/O,1.0,bool,VÁLIDA,SIMULADOR,1,"{""controller"": ""VIRTUAL_REFRIGERATION_MACHINE"", ""scenario_id"": ""CEN-61CD6C86"", ""execution_id"": ""EXE-58F3DF8977C2"", ""session_id"": ""DIA-F2F2AB2EDFB3"", ""seed"": 1, ""machine_state"": ""RECUPERACAO""}"
2998,2026-01-01T00:11:40+00:00,compressor,Estado do compressor,I/O,0.0,bool,VÁLIDA,SIMULADOR,1,"{""controller"": ""VIRTUAL_REFRIGERATION_MACHINE"", ""scenario_id"": ""CEN-61CD6C86"", ""execution_id"": ""EXE-58F3DF8977C2"", ""session_id"": ""DIA-F2F2AB2EDFB3"", ""seed"": 1, ""machine_state"": ""RECUPERACAO""}"
2999,2026-01-01T00:11:40+00:00,evaporator_fan,Ventilador evaporador,I/O,1.0,bool,VÁLIDA,SIMULADOR,1,"{""controller"": ""VIRTUAL_REFRIGERATION_MACHINE"", ""scenario_id"": ""CEN-61CD6C86"", ""execution_id"": ""EXE-58F3DF8977C2"", ""session_id"": ""DIA-F2F2AB2EDFB3"", ""seed"": 1, ""machine_state"": ""RECUPERACAO""}"
3000,2026-01-01T00:11:40+00:00,condenser_fan,Ventilador condensador,I/O,1.0,bool,VÁLIDA,SIMULADOR,1,"{""controller"": ""VIRTUAL_REFRIGERATION_MACHINE"", ""scenario_id"": ""CEN-61CD6C86"", ""execution_id"": ""EXE-58F3DF8977C2"", ""session_id"": ""DIA-F2F2AB2EDFB3"", ""seed"": 1, ""machine_state"": ""RECUPERACAO""}"
3001,2026-01-01T00:11:40+00:00,defrost,Degelo,I/O,0.0,bool,VÁLIDA,SIMULADOR,1,"{""controller"": ""VIRTUAL_REFRIGERATION_MACHINE"", ""scenario_id"": ""CEN-61CD6C86"", ""execution_id"": ""EXE-58F3DF8977C2"", ""session_id"": ""DIA-F2F2AB2EDFB3"", ""seed"": 1, ""machine_state"": ""RECUPERACAO""}"
3002,2026-01-01T00:11:40+00:00,dripping,Gotejamento,I/O,0.0,bool,VÁLIDA,SIMULADOR,1,"{""controller"": ""VIRTUAL_REFRIGERATION_MACHINE"", ""scenario_id"": ""CEN-61CD6C86"", ""execution_id"": ""EXE-58F3DF8977C2"", ""session_id"": ""DIA-F2F2AB2EDFB3"", ""seed"": 1, ""machine_state"": ""RECUPERACAO""}"
3003,2026-01-01T00:11:40+00:00,communication,Comunicação simulada,COMUNICAÇÃO,1.0,bool,VÁLIDA,SIMULADOR,1,"{""controller"": ""VIRTUAL_REFRIGERATION_MACHINE"", ""scenario_id"": ""CEN-61CD6C86"", ""execution_id"": ""EXE-58F3DF8977C2"", ""session_id"": ""DIA-F2F2AB2EDFB3"", ""seed"": 1, ""machine_state"": ""RECUPERACAO""}"
3004,2026-01-01T00:11:40+00:00,current_total,Corrente total da máquina,MEDIÇÃO ELÉTRICA,7.138,A,VÁLIDA,SIMULADOR,1,"{""controller"": ""VIRTUAL_REFRIGERATION_MACHINE"", ""scenario_id"": ""CEN-61CD6C86"", ""execution_id"": ""EXE-58F3DF8977C2"", ""session_id"": ""DIA-F2F2AB2EDFB3"", ""seed"": 1, ""instrument"": ""EM210 #1 - TOTAL""}"
3005,2026-01-01T00:11:40+00:00,current_compressor,Corrente do compressor,MEDIÇÃO ELÉTRICA,0.155,A,VÁLIDA,SIMULADOR,1,"{""controller"": ""VIRTUAL_REFRIGERATION_MACHINE"", ""scenario_id"": ""CEN-61CD6C86"", ""execution_id"": ""EXE-58F3DF8977C2"", ""session_id"": ""DIA-F2F2AB2EDFB3"", ""seed"": 1, ""instrument"": ""EM210 #2 - COMPRESSOR""}"
3006,2026-01-01T00:11:40+00:00,current_l1,Corrente L1,MEDIÇÃO ELÉTRICA,2.382,A,VÁLIDA,SIMULADOR,1,"{""controller"": ""VIRTUAL_REFRIGERATION_MACHINE"", ""scenario_id"": ""CEN-61CD6C86"", ""execution_id"": ""EXE-58F3DF8977C2"", ""session_id"": ""DIA-F2F2AB2EDFB3"", ""seed"": 1, ""instrument"": ""EM210 #1 - TOTAL""}"
3007,2026-01-01T00:11:40+00:00,current_l2,Corrente L2,MEDIÇÃO ELÉTRICA,2.4,A,VÁLIDA,SIMULADOR,1,"{""controller"": ""VIRTUAL_REFRIGERATION_MACHINE"", ""scenario_id"": ""CEN-61CD6C86"", ""execution_id"": ""EXE-58F3DF8977C2"", ""session_id"": ""DIA-F2F2AB2EDFB3"", ""seed"": 1, ""instrument"": ""EM210 #1 - TOTAL""}"
3008,2026-01-01T00:11:40+00:00,current_l3,Corrente L3,MEDIÇÃO ELÉTRICA,2.402,A,VÁLIDA,SIMULADOR,1,"{""controller"": ""VIRTUAL_REFRIGERATION_MACHINE"", ""scenario_id"": ""CEN-61CD6C86"", ""execution_id"": ""EXE-58F3DF8977C2"", ""session_id"": ""DIA-F2F2AB2EDFB3"", ""seed"": 1, ""instrument"": ""EM210 #1 - TOTAL""}"
